post_id,timestamp,email,post_type,post_audience,active_subscription
160976872,2025-04-09T21:54:58.371Z,Blairsmith0505@gmail.com,newsletter,everyone,false
160976872,2025-04-09T21:54:58.385Z,noche1alpha@gmail.com,newsletter,everyone,false
160976872,2025-04-09T21:54:59.026Z,martinlarcan60@gmail.com,newsletter,everyone,true
160976872,2025-04-09T21:55:00.421Z,tsoch@me.com,newsletter,everyone,true
160976872,2025-04-09T21:55:02.535Z,gigi425@gmail.com,newsletter,everyone,true
160976872,2025-04-09T21:55:08.448Z,schafer1@gondtc.com,newsletter,everyone,true
