post_id,timestamp,email,post_type,post_audience,active_subscription
161029360,2025-04-10T16:01:18.088Z,martinlarcan60@gmail.com,newsletter,everyone,true
161029360,2025-04-10T16:01:18.583Z,noche1alpha@gmail.com,newsletter,everyone,false
161029360,2025-04-10T16:01:18.808Z,Blairsmith0505@gmail.com,newsletter,everyone,false
161029360,2025-04-10T16:01:19.852Z,gigi425@gmail.com,newsletter,everyone,true
161029360,2025-04-10T16:01:24.391Z,schafer1@gondtc.com,newsletter,everyone,true
161029360,2025-04-10T16:01:46.670Z,tsoch@me.com,newsletter,everyone,true
