post_id,timestamp,email,post_type,post_audience,active_subscription
161013024,2025-04-10T12:31:53.320Z,Blairsmith0505@gmail.com,newsletter,everyone,false
161013024,2025-04-10T12:31:53.499Z,noche1alpha@gmail.com,newsletter,everyone,false
161013024,2025-04-10T12:31:55.307Z,gigi425@gmail.com,newsletter,everyone,true
161013024,2025-04-10T12:31:55.428Z,martinlarcan60@gmail.com,newsletter,everyone,true
161013024,2025-04-10T12:32:01.127Z,schafer1@gondtc.com,newsletter,everyone,true
161013024,2025-04-10T12:32:02.414Z,tsoch@me.com,newsletter,everyone,true
