post_id,timestamp,email,post_type,post_audience,active_subscription
161086120,2025-04-11T10:25:38.167Z,martinlarcan60@gmail.com,newsletter,everyone,true
161086120,2025-04-11T10:25:38.171Z,Blairsmith0505@gmail.com,newsletter,everyone,false
161086120,2025-04-11T10:25:38.560Z,gigi425@gmail.com,newsletter,everyone,true
161086120,2025-04-11T10:25:40.150Z,tsoch@me.com,newsletter,everyone,true
161086120,2025-04-11T10:25:44.761Z,schafer1@gondtc.com,newsletter,everyone,true
161086120,2025-04-11T10:25:45.402Z,noche1alpha@gmail.com,newsletter,everyone,false
