post_id,timestamp,email,post_type,post_audience,active_subscription
161002580,2025-04-10T08:31:06.506Z,noche1alpha@gmail.com,newsletter,everyone,false
161002580,2025-04-10T08:31:06.587Z,gigi425@gmail.com,newsletter,everyone,true
161002580,2025-04-10T08:31:06.614Z,Blairsmith0505@gmail.com,newsletter,everyone,false
161002580,2025-04-10T08:31:06.991Z,martinlarcan60@gmail.com,newsletter,everyone,true
161002580,2025-04-10T08:31:12.665Z,schafer1@gondtc.com,newsletter,everyone,true
161002580,2025-04-10T08:31:16.115Z,tsoch@me.com,newsletter,everyone,true
