post_id,timestamp,email,post_type,post_audience,active_subscription
161167782,2025-04-12T10:40:58.954Z,noche1alpha@gmail.com,newsletter,everyone,false
161167782,2025-04-12T10:40:59.606Z,martinlarcan60@gmail.com,newsletter,everyone,true
161167782,2025-04-12T10:40:59.632Z,Blairsmith0505@gmail.com,newsletter,everyone,false
161167782,2025-04-12T10:41:00.182Z,prahamama911@gmail.com,newsletter,everyone,true
161167782,2025-04-12T10:41:00.858Z,gigi425@gmail.com,newsletter,everyone,true
161167782,2025-04-12T10:41:01.640Z,tsoch@me.com,newsletter,everyone,true
161167782,2025-04-12T10:41:07.191Z,schafer1@gondtc.com,newsletter,everyone,true
