post_id,timestamp,email,post_type,post_audience,active_subscription
161180879,2025-04-12T15:12:53.156Z,noche1alpha@gmail.com,newsletter,everyone,false
161180879,2025-04-12T15:12:53.346Z,Blairsmith0505@gmail.com,newsletter,everyone,false
161180879,2025-04-12T15:12:53.980Z,martinlarcan60@gmail.com,newsletter,everyone,true
161180879,2025-04-12T15:12:54.092Z,gigi425@gmail.com,newsletter,everyone,true
161180879,2025-04-12T15:12:54.359Z,prahamama911@gmail.com,newsletter,everyone,true
161180879,2025-04-12T15:12:56.896Z,tsoch@me.com,newsletter,everyone,true
161180879,2025-04-12T15:12:57.865Z,rencehog@icloud.com,newsletter,everyone,true
161180879,2025-04-12T15:13:00.015Z,schafer1@gondtc.com,newsletter,everyone,true
