post_id,timestamp,email,post_type,post_audience,active_subscription
161199665,2025-04-12T21:12:14.261Z,noche1alpha@gmail.com,newsletter,everyone,false
161199665,2025-04-12T21:12:14.638Z,martinlarcan60@gmail.com,newsletter,everyone,true
161199665,2025-04-12T21:12:15.140Z,prahamama911@gmail.com,newsletter,everyone,true
161199665,2025-04-12T21:12:15.784Z,Blairsmith0505@gmail.com,newsletter,everyone,false
161199665,2025-04-12T21:12:16.574Z,gigi425@gmail.com,newsletter,everyone,true
161199665,2025-04-12T21:12:16.732Z,tsoch@me.com,newsletter,everyone,true
161199665,2025-04-12T21:12:17.163Z,rencehog@icloud.com,newsletter,everyone,true
161199665,2025-04-12T21:12:22.594Z,schafer1@gondtc.com,newsletter,everyone,true
