post_id,timestamp,email,post_type,post_audience,active_subscription
161256086,2025-04-13T20:55:23.983Z,martinlarcan60@gmail.com,newsletter,everyone,true
161256086,2025-04-13T20:55:24.173Z,noche1alpha@gmail.com,newsletter,everyone,false
161256086,2025-04-13T20:55:24.721Z,gigi425@gmail.com,newsletter,everyone,true
161256086,2025-04-13T20:55:25.021Z,Blairsmith0505@gmail.com,newsletter,everyone,false
161256086,2025-04-13T20:55:25.829Z,prahamama911@gmail.com,newsletter,everyone,true
161256086,2025-04-13T20:55:27.323Z,rencehog@icloud.com,newsletter,everyone,true
161256086,2025-04-13T20:55:28.423Z,tsoch@me.com,newsletter,everyone,true
161256086,2025-04-13T20:55:30.817Z,schafer1@gondtc.com,newsletter,everyone,true
