post_id,timestamp,email,post_type,post_audience,active_subscription
161290693,2025-04-14T10:52:22.562Z,prahamama911@gmail.com,newsletter,everyone,true
161290693,2025-04-14T10:52:22.990Z,noche1alpha@gmail.com,newsletter,everyone,false
161290693,2025-04-14T10:52:23.346Z,Blairsmith0505@gmail.com,newsletter,everyone,false
161290693,2025-04-14T10:52:24.136Z,martinlarcan60@gmail.com,newsletter,everyone,true
161290693,2025-04-14T10:52:24.893Z,gigi425@gmail.com,newsletter,everyone,true
161290693,2025-04-14T10:52:26.958Z,tsoch@me.com,newsletter,everyone,true
161290693,2025-04-14T10:52:28.133Z,rencehog@icloud.com,newsletter,everyone,true
161290693,2025-04-14T10:52:31.536Z,schafer1@gondtc.com,newsletter,everyone,true
