post_id,timestamp,email,post_type,post_audience,active_subscription
161206728,2025-04-13T00:09:13.009Z,noche1alpha@gmail.com,newsletter,everyone,false
161206728,2025-04-13T00:09:13.080Z,martinlarcan60@gmail.com,newsletter,everyone,true
161206728,2025-04-13T00:09:13.325Z,prahamama911@gmail.com,newsletter,everyone,true
161206728,2025-04-13T00:09:13.379Z,gigi425@gmail.com,newsletter,everyone,true
161206728,2025-04-13T00:09:13.545Z,Blairsmith0505@gmail.com,newsletter,everyone,false
161206728,2025-04-13T00:09:17.591Z,rencehog@icloud.com,newsletter,everyone,true
161206728,2025-04-13T00:09:18.012Z,tsoch@me.com,newsletter,everyone,true
161206728,2025-04-13T00:09:19.512Z,schafer1@gondtc.com,newsletter,everyone,true
