post_id,timestamp,email,post_type,post_audience,active_subscription
161445865,2025-04-16T08:58:23.640Z,noche1alpha@gmail.com,newsletter,everyone,false
161445865,2025-04-16T08:58:24.315Z,Blairsmith0505@gmail.com,newsletter,everyone,false
161445865,2025-04-16T08:58:24.646Z,prahamama911@gmail.com,newsletter,everyone,true
161445865,2025-04-16T08:58:24.881Z,martinlarcan60@gmail.com,newsletter,everyone,true
161445865,2025-04-16T08:58:24.963Z,gigi425@gmail.com,newsletter,everyone,true
161445865,2025-04-16T08:58:25.706Z,g_moore@live.com,newsletter,everyone,true
161445865,2025-04-16T08:58:27.759Z,tsoch@me.com,newsletter,everyone,true
161445865,2025-04-16T08:58:31.317Z,schafer1@gondtc.com,newsletter,everyone,true
161445865,2025-04-16T08:58:32.542Z,rencehog@icloud.com,newsletter,everyone,true
