post_id,timestamp,email,post_type,post_audience,active_subscription
161464777,2025-04-16T14:35:45.164Z,noche1alpha@gmail.com,newsletter,everyone,false
161464777,2025-04-16T14:35:46.412Z,martinlarcan60@gmail.com,newsletter,everyone,true
161464777,2025-04-16T14:35:46.888Z,Blairsmith0505@gmail.com,newsletter,everyone,false
161464777,2025-04-16T14:35:47.915Z,kmcaleer@msn.com,newsletter,everyone,true
161464777,2025-04-16T14:35:48.047Z,joannehilden@yahoo.com,newsletter,everyone,true
161464777,2025-04-16T14:35:48.227Z,prahamama911@gmail.com,newsletter,everyone,true
161464777,2025-04-16T14:35:50.579Z,maichrye@hotmail.com,newsletter,everyone,true
161464777,2025-04-16T14:35:51.100Z,amys51576@gmail.com,newsletter,everyone,true
161464777,2025-04-16T14:35:51.641Z,mrhoman@hotmail.com,newsletter,everyone,true
161464777,2025-04-16T14:35:54.699Z,schafer1@gondtc.com,newsletter,everyone,true
161464777,2025-04-16T14:35:54.775Z,g_moore@live.com,newsletter,everyone,true
161464777,2025-04-16T14:35:56.859Z,rencehog@icloud.com,newsletter,everyone,true
161464777,2025-04-16T14:35:57.443Z,tsoch@me.com,newsletter,everyone,true
161464777,2025-04-16T14:36:07.519Z,bhemmis@mac.com,newsletter,everyone,true
