post_id,timestamp,email,post_type,post_audience,active_subscription
161418338,2025-04-15T22:09:27.357Z,noche1alpha@gmail.com,newsletter,everyone,false
161418338,2025-04-15T22:09:28.828Z,martinlarcan60@gmail.com,newsletter,everyone,true
161418338,2025-04-15T22:09:29.256Z,Blairsmith0505@gmail.com,newsletter,everyone,false
161418338,2025-04-15T22:09:29.524Z,prahamama911@gmail.com,newsletter,everyone,true
161418338,2025-04-15T22:09:29.756Z,gigi425@gmail.com,newsletter,everyone,true
161418338,2025-04-15T22:09:30.500Z,g_moore@live.com,newsletter,everyone,true
161418338,2025-04-15T22:09:33.622Z,tsoch@me.com,newsletter,everyone,true
161418338,2025-04-15T22:09:35.825Z,schafer1@gondtc.com,newsletter,everyone,true
161418338,2025-04-15T22:09:37.706Z,rencehog@icloud.com,newsletter,everyone,true
