post_id,timestamp,email,post_type,post_audience,active_subscription,country,city,region,device_type,client_os,client_type,user_agent
161464777,2025-04-16T15:23:01.870Z,bhemmis@mac.com,newsletter,everyone,true,US,,,,,,Mozilla/5.0
161464777,2025-04-16T17:27:48.988Z,bhemmis@mac.com,newsletter,everyone,true,US,,,,,,Mozilla/5.0
161464777,2025-04-17T00:17:37.813Z,rencehog@icloud.com,newsletter,everyone,true,US,,,,,,Mozilla/5.0
161464777,2025-04-17T02:09:27.466Z,mrhoman@hotmail.com,newsletter,everyone,true,HK,,,,,,"Mozilla/5.0 (iPhone; CPU iPhone OS 18_4_1 like Mac OS X) AppleWebKit/605.1.15 (KHTML, like Gecko) Mobile/15E148"
161464777,2025-04-17T02:09:27.668Z,mrhoman@hotmail.com,newsletter,everyone,true,HK,,,,,,"Mozilla/5.0 (iPhone; CPU iPhone OS 18_4_1 like Mac OS X) AppleWebKit/605.1.15 (KHTML, like Gecko) Mobile/15E148"
