post_id,timestamp,email,post_type,post_audience,active_subscription
161606134,2025-04-18T13:24:04.599Z,noche1alpha@gmail.com,newsletter,everyone,false
161606134,2025-04-18T13:24:05.216Z,martinlarcan60@gmail.com,newsletter,everyone,true
161606134,2025-04-18T13:24:05.224Z,prahamama911@gmail.com,newsletter,everyone,true
161606134,2025-04-18T13:24:05.498Z,Blairsmith0505@gmail.com,newsletter,everyone,false
161606134,2025-04-18T13:24:06.208Z,mcfvpk@gmail.com,newsletter,everyone,true
161606134,2025-04-18T13:24:06.210Z,amys51576@gmail.com,newsletter,everyone,true
161606134,2025-04-18T13:24:06.384Z,zoeyxo95@gmail.com,newsletter,everyone,true
161606134,2025-04-18T13:24:06.391Z,geigenbrod@gmail.com,newsletter,everyone,true
161606134,2025-04-18T13:24:06.463Z,MABOYERCPA@aol.com,newsletter,everyone,true
161606134,2025-04-18T13:24:06.508Z,ep4evr1@yahoo.com,newsletter,everyone,true
161606134,2025-04-18T13:24:06.598Z,srhopwood@hotmail.com,newsletter,everyone,true
161606134,2025-04-18T13:24:06.676Z,joannehilden@yahoo.com,newsletter,everyone,true
161606134,2025-04-18T13:24:06.866Z,paraffin44052@yahoo.com,newsletter,everyone,true
161606134,2025-04-18T13:24:06.913Z,g_moore@live.com,newsletter,everyone,true
161606134,2025-04-18T13:24:07.029Z,kmcaleer@msn.com,newsletter,everyone,true
161606134,2025-04-18T13:24:07.460Z,walampe@aol.com,newsletter,everyone,true
161606134,2025-04-18T13:24:07.509Z,ashleympollock@gmail.com,newsletter,everyone,true
161606134,2025-04-18T13:24:07.535Z,joe.simari@softchoice.com,newsletter,everyone,true
161606134,2025-04-18T13:24:07.939Z,maichrye@hotmail.com,newsletter,everyone,true
161606134,2025-04-18T13:24:08.522Z,mrhoman@hotmail.com,newsletter,everyone,true
161606134,2025-04-18T13:24:11.401Z,bhemmis@mac.com,newsletter,everyone,true
161606134,2025-04-18T13:24:11.471Z,11_orrery_lime@icloud.com,newsletter,everyone,true
161606134,2025-04-18T13:24:12.189Z,schafer1@gondtc.com,newsletter,everyone,true
161606134,2025-04-18T13:24:12.669Z,tsoch@me.com,newsletter,everyone,true
161606134,2025-04-18T13:24:13.809Z,rencehog@icloud.com,newsletter,everyone,true
