post_id,timestamp,email,post_type,post_audience,active_subscription
161870302,2025-04-22T09:42:27.898Z,noche1alpha@gmail.com,newsletter,everyone,false
161870302,2025-04-22T09:42:28.650Z,martinlarcan60@gmail.com,newsletter,everyone,true
161870302,2025-04-22T09:42:29.036Z,dagnaconstenla@yahoo.com,newsletter,everyone,true
161870302,2025-04-22T09:42:29.468Z,joannehilden@yahoo.com,newsletter,everyone,true
161870302,2025-04-22T09:42:29.717Z,paraffin44052@yahoo.com,newsletter,everyone,true
161870302,2025-04-22T09:42:30.041Z,Blairsmith0505@gmail.com,newsletter,everyone,false
161870302,2025-04-22T09:42:30.102Z,loraross@hotmail.com,newsletter,everyone,true
161870302,2025-04-22T09:42:30.332Z,amys51576@gmail.com,newsletter,everyone,true
161870302,2025-04-22T09:42:30.394Z,prahamama911@gmail.com,newsletter,everyone,true
161870302,2025-04-22T09:42:30.522Z,lisaphillipsstudio@yahoo.com,newsletter,everyone,true
161870302,2025-04-22T09:42:30.624Z,MABOYERCPA@aol.com,newsletter,everyone,true
161870302,2025-04-22T09:42:30.635Z,ep4evr1@yahoo.com,newsletter,everyone,true
161870302,2025-04-22T09:42:30.908Z,kmcaleer@msn.com,newsletter,everyone,true
161870302,2025-04-22T09:42:30.939Z,ashleympollock@gmail.com,newsletter,everyone,true
161870302,2025-04-22T09:42:30.942Z,zoeyxo95@gmail.com,newsletter,everyone,true
161870302,2025-04-22T09:42:31.013Z,g_moore@live.com,newsletter,everyone,true
161870302,2025-04-22T09:42:31.047Z,maichrye@hotmail.com,newsletter,everyone,true
161870302,2025-04-22T09:42:31.085Z,joe.simari@softchoice.com,newsletter,everyone,true
161870302,2025-04-22T09:42:31.398Z,srhopwood@hotmail.com,newsletter,everyone,true
161870302,2025-04-22T09:42:31.584Z,mcfvpk@gmail.com,newsletter,everyone,true
161870302,2025-04-22T09:42:31.627Z,geigenbrod@gmail.com,newsletter,everyone,true
161870302,2025-04-22T09:42:31.629Z,walampe@aol.com,newsletter,everyone,true
161870302,2025-04-22T09:42:31.673Z,jekerr2@gmail.com,newsletter,everyone,true
161870302,2025-04-22T09:42:32.047Z,11_orrery_lime@icloud.com,newsletter,everyone,true
161870302,2025-04-22T09:42:32.676Z,mrhoman@hotmail.com,newsletter,everyone,true
161870302,2025-04-22T09:42:33.295Z,tsoch@me.com,newsletter,everyone,true
161870302,2025-04-22T09:42:34.796Z,rencehog@icloud.com,newsletter,everyone,true
161870302,2025-04-22T09:42:36.490Z,schafer1@gondtc.com,newsletter,everyone,true
161870302,2025-04-22T09:42:57.058Z,bhemmis@mac.com,newsletter,everyone,true
