post_id,timestamp,email,post_type,post_audience,active_subscription,country,city,region,device_type,client_os,client_type,user_agent
161870302,2025-04-22T09:42:49.722Z,joe.simari@softchoice.com,newsletter,everyone,true,US,,,,,,"Mozilla/5.0 (Windows NT 10.0; Win64; x64) AppleWebKit/537.36 (KHTML, like Gecko) Chrome/109.0.0.0 Safari/537.36"
161870302,2025-04-22T09:45:04.087Z,prahamama911@gmail.com,newsletter,everyone,true,US,,,,,,Mozilla/5.0 (Windows NT 5.1; rv:11.0) Gecko Firefox/11.0 (via ggpht.com GoogleImageProxy)
161870302,2025-04-22T09:57:35.694Z,11_orrery_lime@icloud.com,newsletter,everyone,true,US,,,,,,Mozilla/5.0
161870302,2025-04-22T10:03:09.813Z,joannehilden@yahoo.com,newsletter,everyone,true,US,,,,,,Mozilla/5.0
161870302,2025-04-22T10:08:15.991Z,paraffin44052@yahoo.com,newsletter,everyone,true,US,,,,,,Mozilla/5.0
161870302,2025-04-22T10:10:55.856Z,dagnaconstenla@yahoo.com,newsletter,everyone,true,US,,,,,,Mozilla/5.0
161870302,2025-04-22T10:11:29.262Z,jekerr2@gmail.com,newsletter,everyone,true,US,,,,,,Mozilla/5.0 (Windows NT 5.1; rv:11.0) Gecko Firefox/11.0 (via ggpht.com GoogleImageProxy)
161870302,2025-04-22T10:16:03.071Z,ep4evr1@yahoo.com,newsletter,everyone,true,US,,,,,,Mozilla/5.0
161870302,2025-04-22T10:27:51.189Z,dagnaconstenla@yahoo.com,newsletter,everyone,true,US,,,,,,Mozilla/5.0
161870302,2025-04-22T10:48:02.195Z,ep4evr1@yahoo.com,newsletter,everyone,true,US,,,,,,Mozilla/5.0
161870302,2025-04-22T11:29:47.963Z,kmcaleer@msn.com,newsletter,everyone,true,US,,,,,,Mozilla/5.0
161870302,2025-04-22T12:47:17.849Z,bhemmis@mac.com,newsletter,everyone,true,US,,,,,,Mozilla/5.0
161870302,2025-04-22T13:20:30.390Z,mrhoman@hotmail.com,newsletter,everyone,true,JP,,,,,,"Mozilla/5.0 (iPhone; CPU iPhone OS 18_4_1 like Mac OS X) AppleWebKit/605.1.15 (KHTML, like Gecko) Mobile/15E148"
161870302,2025-04-22T13:20:30.567Z,mrhoman@hotmail.com,newsletter,everyone,true,JP,,,,,,"Mozilla/5.0 (iPhone; CPU iPhone OS 18_4_1 like Mac OS X) AppleWebKit/605.1.15 (KHTML, like Gecko) Mobile/15E148"
161870302,2025-04-22T16:22:35.161Z,loraross@hotmail.com,newsletter,everyone,true,US,,,,,,"Mozilla/5.0 (Windows NT 10.0; Win64; x64) AppleWebKit/537.36 (KHTML, like Gecko) Chrome/135.0.0.0 Safari/537.36 Edg/135.0.0.0"
161870302,2025-04-22T19:08:33.414Z,rencehog@icloud.com,newsletter,everyone,true,US,,,,,,Mozilla/5.0
161870302,2025-04-22T23:35:13.314Z,bhemmis@mac.com,newsletter,everyone,true,US,,,,,,Mozilla/5.0
