post_id,timestamp,email,post_type,post_audience,active_subscription
161949824,2025-04-23T08:43:59.894Z,noche1alpha@gmail.com,newsletter,everyone,false
161949824,2025-04-23T08:44:00.282Z,Blairsmith0505@gmail.com,newsletter,everyone,false
161949824,2025-04-23T08:44:00.779Z,joannehilden@yahoo.com,newsletter,everyone,true
161949824,2025-04-23T08:44:01.136Z,martinlarcan60@gmail.com,newsletter,everyone,true
161949824,2025-04-23T08:44:01.296Z,dagnaconstenla@yahoo.com,newsletter,everyone,true
161949824,2025-04-23T08:44:01.410Z,srhopwood@hotmail.com,newsletter,everyone,true
161949824,2025-04-23T08:44:01.419Z,MABOYERCPA@aol.com,newsletter,everyone,true
161949824,2025-04-23T08:44:01.435Z,maichrye@hotmail.com,newsletter,everyone,true
161949824,2025-04-23T08:44:01.456Z,amys51576@gmail.com,newsletter,everyone,true
161949824,2025-04-23T08:44:01.467Z,ashleympollock@gmail.com,newsletter,everyone,true
161949824,2025-04-23T08:44:01.732Z,lisaphillipsstudio@yahoo.com,newsletter,everyone,true
161949824,2025-04-23T08:44:01.804Z,g_moore@live.com,newsletter,everyone,true
161949824,2025-04-23T08:44:01.822Z,prahamama911@gmail.com,newsletter,everyone,true
161949824,2025-04-23T08:44:02.124Z,joe.simari@softchoice.com,newsletter,everyone,true
161949824,2025-04-23T08:44:02.140Z,paraffin44052@yahoo.com,newsletter,everyone,true
161949824,2025-04-23T08:44:02.358Z,jekerr2@gmail.com,newsletter,everyone,true
161949824,2025-04-23T08:44:02.476Z,loraross@hotmail.com,newsletter,everyone,true
161949824,2025-04-23T08:44:02.660Z,kmcaleer@msn.com,newsletter,everyone,true
161949824,2025-04-23T08:44:02.684Z,geigenbrod@gmail.com,newsletter,everyone,true
161949824,2025-04-23T08:44:02.938Z,mcfvpk@gmail.com,newsletter,everyone,true
161949824,2025-04-23T08:44:03.205Z,zoeyxo95@gmail.com,newsletter,everyone,true
161949824,2025-04-23T08:44:03.250Z,ep4evr1@yahoo.com,newsletter,everyone,true
161949824,2025-04-23T08:44:05.360Z,tsoch@me.com,newsletter,everyone,true
161949824,2025-04-23T08:44:05.891Z,rencehog@icloud.com,newsletter,everyone,true
161949824,2025-04-23T08:44:06.315Z,bhemmis@mac.com,newsletter,everyone,true
161949824,2025-04-23T08:44:06.798Z,11_orrery_lime@icloud.com,newsletter,everyone,true
161949824,2025-04-23T08:44:07.458Z,schafer1@gondtc.com,newsletter,everyone,true
161949824,2025-04-23T08:44:09.274Z,mrhoman@hotmail.com,newsletter,everyone,true
