post_id,timestamp,email,post_type,post_audience,active_subscription,country,city,region,device_type,client_os,client_type,user_agent
161949824,2025-04-23T08:48:10.722Z,prahamama911@gmail.com,newsletter,everyone,true,US,,,,,,Mozilla/5.0 (Windows NT 5.1; rv:11.0) Gecko Firefox/11.0 (via ggpht.com GoogleImageProxy)
161949824,2025-04-23T08:55:28.963Z,dagnaconstenla@yahoo.com,newsletter,everyone,true,US,,,,,,Mozilla/5.0
161949824,2025-04-23T09:13:19.214Z,joannehilden@yahoo.com,newsletter,everyone,true,US,,,,,,Mozilla/5.0
161949824,2025-04-23T09:17:26.177Z,ep4evr1@yahoo.com,newsletter,everyone,true,US,,,,,,Mozilla/5.0
161949824,2025-04-23T09:25:33.196Z,paraffin44052@yahoo.com,newsletter,everyone,true,NL,,,,,,Mozilla/5.0
161949824,2025-04-23T09:30:36.930Z,mrhoman@hotmail.com,newsletter,everyone,true,HK,,,,,,"Mozilla/5.0 (iPhone; CPU iPhone OS 18_4_1 like Mac OS X) AppleWebKit/605.1.15 (KHTML, like Gecko) Mobile/15E148"
161949824,2025-04-23T09:30:37.179Z,mrhoman@hotmail.com,newsletter,everyone,true,HK,,,,,,"Mozilla/5.0 (iPhone; CPU iPhone OS 18_4_1 like Mac OS X) AppleWebKit/605.1.15 (KHTML, like Gecko) Mobile/15E148"
161949824,2025-04-23T09:30:56.292Z,dagnaconstenla@yahoo.com,newsletter,everyone,true,US,,,,,,Mozilla/5.0
161949824,2025-04-23T09:51:30.236Z,kmcaleer@msn.com,newsletter,everyone,true,NL,,,,,,Mozilla/5.0
161949824,2025-04-23T10:19:51.681Z,dagnaconstenla@yahoo.com,newsletter,everyone,true,US,,,,,,Mozilla/5.0
161949824,2025-04-23T10:26:07.849Z,bhemmis@mac.com,newsletter,everyone,true,US,,,,,,Mozilla/5.0
161949824,2025-04-23T10:40:37.848Z,bhemmis@mac.com,newsletter,everyone,true,US,,,,,,Mozilla/5.0
161949824,2025-04-23T12:26:14.024Z,loraross@hotmail.com,newsletter,everyone,true,US,,,,,,"Mozilla/5.0 (Windows NT 10.0; Win64; x64) AppleWebKit/537.36 (KHTML, like Gecko) Chrome/135.0.0.0 Safari/537.36 Edg/135.0.0.0"
161949824,2025-04-23T20:32:54.407Z,rencehog@icloud.com,newsletter,everyone,true,US,,,,,,Mozilla/5.0
161949824,2025-04-24T02:14:55.742Z,martinlarcan60@gmail.com,newsletter,everyone,true,US,,,,,,Mozilla/5.0 (Windows NT 5.1; rv:11.0) Gecko Firefox/11.0 (via ggpht.com GoogleImageProxy)
