post_id,timestamp,email,post_type,post_audience,active_subscription
162398495,2025-04-29T10:41:31.732Z,noche1alpha@gmail.com,newsletter,everyone,false
162398495,2025-04-29T10:41:33.329Z,noratomlinson@gmail.com,newsletter,everyone,true
162398495,2025-04-29T10:41:33.353Z,prahamama911@gmail.com,newsletter,everyone,true
162398495,2025-04-29T10:41:33.863Z,martinlarcan60@gmail.com,newsletter,everyone,true
162398495,2025-04-29T10:41:33.871Z,tsoch@me.com,newsletter,everyone,true
162398495,2025-04-29T10:41:34.022Z,joannehilden@yahoo.com,newsletter,everyone,true
162398495,2025-04-29T10:41:34.056Z,dagnaconstenla@yahoo.com,newsletter,everyone,true
162398495,2025-04-29T10:41:34.159Z,srhopwood@hotmail.com,newsletter,everyone,true
162398495,2025-04-29T10:41:34.161Z,paraffin44052@yahoo.com,newsletter,everyone,true
162398495,2025-04-29T10:41:34.227Z,joe.simari@softchoice.com,newsletter,everyone,true
162398495,2025-04-29T10:41:34.319Z,maichrye@hotmail.com,newsletter,everyone,true
162398495,2025-04-29T10:41:34.371Z,Blairsmith0505@gmail.com,newsletter,everyone,false
162398495,2025-04-29T10:41:34.463Z,jekerr2@gmail.com,newsletter,everyone,true
162398495,2025-04-29T10:41:34.513Z,zoeyxo95@gmail.com,newsletter,everyone,true
162398495,2025-04-29T10:41:34.563Z,ashleympollock@gmail.com,newsletter,everyone,true
162398495,2025-04-29T10:41:34.596Z,geigenbrod@gmail.com,newsletter,everyone,true
162398495,2025-04-29T10:41:34.746Z,ep4evr1@yahoo.com,newsletter,everyone,true
162398495,2025-04-29T10:41:34.837Z,lisaphillipsstudio@yahoo.com,newsletter,everyone,true
162398495,2025-04-29T10:41:34.843Z,mcfvpk@gmail.com,newsletter,everyone,true
162398495,2025-04-29T10:41:35.143Z,loraross@hotmail.com,newsletter,everyone,true
162398495,2025-04-29T10:41:35.203Z,amys51576@gmail.com,newsletter,everyone,true
162398495,2025-04-29T10:41:35.291Z,MABOYERCPA@aol.com,newsletter,everyone,true
162398495,2025-04-29T10:41:35.396Z,g_moore@live.com,newsletter,everyone,true
162398495,2025-04-29T10:41:36.444Z,kmcaleer@msn.com,newsletter,everyone,true
162398495,2025-04-29T10:41:38.123Z,bhemmis@mac.com,newsletter,everyone,true
162398495,2025-04-29T10:41:38.891Z,11_orrery_lime@icloud.com,newsletter,everyone,true
162398495,2025-04-29T10:41:41.020Z,schafer1@gondtc.com,newsletter,everyone,true
162398495,2025-04-29T10:41:42.437Z,rencehog@icloud.com,newsletter,everyone,true
