post_id,timestamp,email,post_type,post_audience,active_subscription
162319535,2025-04-28T10:44:47.746Z,noche1alpha@gmail.com,newsletter,everyone,false
162319535,2025-04-28T10:44:48.455Z,Blairsmith0505@gmail.com,newsletter,everyone,false
162319535,2025-04-28T10:44:48.922Z,prahamama911@gmail.com,newsletter,everyone,true
162319535,2025-04-28T10:44:49.068Z,martinlarcan60@gmail.com,newsletter,everyone,true
162319535,2025-04-28T10:44:49.197Z,noratomlinson@gmail.com,newsletter,everyone,true
162319535,2025-04-28T10:44:49.490Z,dagnaconstenla@yahoo.com,newsletter,everyone,true
162319535,2025-04-28T10:44:49.610Z,joannehilden@yahoo.com,newsletter,everyone,true
162319535,2025-04-28T10:44:49.787Z,joe.simari@softchoice.com,newsletter,everyone,true
162319535,2025-04-28T10:44:49.882Z,srhopwood@hotmail.com,newsletter,everyone,true
162319535,2025-04-28T10:44:49.899Z,maichrye@hotmail.com,newsletter,everyone,true
162319535,2025-04-28T10:44:49.992Z,ashleympollock@gmail.com,newsletter,everyone,true
162319535,2025-04-28T10:44:50.011Z,mcfvpk@gmail.com,newsletter,everyone,true
162319535,2025-04-28T10:44:50.045Z,lisaphillipsstudio@yahoo.com,newsletter,everyone,true
162319535,2025-04-28T10:44:50.063Z,jekerr2@gmail.com,newsletter,everyone,true
162319535,2025-04-28T10:44:50.085Z,geigenbrod@gmail.com,newsletter,everyone,true
162319535,2025-04-28T10:44:50.371Z,ep4evr1@yahoo.com,newsletter,everyone,true
162319535,2025-04-28T10:44:50.582Z,MABOYERCPA@aol.com,newsletter,everyone,true
162319535,2025-04-28T10:44:50.694Z,kmcaleer@msn.com,newsletter,everyone,true
162319535,2025-04-28T10:44:50.991Z,amys51576@gmail.com,newsletter,everyone,true
162319535,2025-04-28T10:44:51.039Z,g_moore@live.com,newsletter,everyone,true
162319535,2025-04-28T10:44:51.264Z,zoeyxo95@gmail.com,newsletter,everyone,true
162319535,2025-04-28T10:44:51.276Z,paraffin44052@yahoo.com,newsletter,everyone,true
162319535,2025-04-28T10:44:52.404Z,mrhoman@hotmail.com,newsletter,everyone,true
162319535,2025-04-28T10:44:52.698Z,rencehog@icloud.com,newsletter,everyone,true
162319535,2025-04-28T10:44:52.929Z,tsoch@me.com,newsletter,everyone,true
162319535,2025-04-28T10:44:54.961Z,bhemmis@mac.com,newsletter,everyone,true
162319535,2025-04-28T10:44:55.203Z,11_orrery_lime@icloud.com,newsletter,everyone,true
162319535,2025-04-28T10:44:56.040Z,loraross@hotmail.com,newsletter,everyone,true
162319535,2025-04-28T10:44:56.306Z,schafer1@gondtc.com,newsletter,everyone,true
