post_id,timestamp,email,post_type,post_audience,active_subscription,country,city,region,device_type,client_os,client_type,user_agent
162319535,2025-04-28T10:45:46.354Z,zoeyxo95@gmail.com,newsletter,everyone,true,US,,,,,,Mozilla/5.0 (Windows NT 5.1; rv:11.0) Gecko Firefox/11.0 (via ggpht.com GoogleImageProxy)
162319535,2025-04-28T10:48:02.895Z,amys51576@gmail.com,newsletter,everyone,true,US,,,,,,Mozilla/5.0 (Windows NT 5.1; rv:11.0) Gecko Firefox/11.0 (via ggpht.com GoogleImageProxy)
162319535,2025-04-28T10:48:53.618Z,11_orrery_lime@icloud.com,newsletter,everyone,true,US,,,,,,Mozilla/5.0
162319535,2025-04-28T10:54:59.350Z,bhemmis@mac.com,newsletter,everyone,true,NL,,,,,,Mozilla/5.0
162319535,2025-04-28T11:00:25.301Z,rencehog@icloud.com,newsletter,everyone,true,US,,,,,,Mozilla/5.0
162319535,2025-04-28T11:07:16.383Z,bhemmis@mac.com,newsletter,everyone,true,NL,,,,,,Mozilla/5.0
162319535,2025-04-28T11:10:37.734Z,dagnaconstenla@yahoo.com,newsletter,everyone,true,US,,,,,,Mozilla/5.0
162319535,2025-04-28T11:19:39.331Z,mrhoman@hotmail.com,newsletter,everyone,true,HK,,,,,,"Mozilla/5.0 (iPhone; CPU iPhone OS 18_4_1 like Mac OS X) AppleWebKit/605.1.15 (KHTML, like Gecko) Mobile/15E148"
162319535,2025-04-28T11:19:39.382Z,mrhoman@hotmail.com,newsletter,everyone,true,HK,,,,,,"Mozilla/5.0 (iPhone; CPU iPhone OS 18_4_1 like Mac OS X) AppleWebKit/605.1.15 (KHTML, like Gecko) Mobile/15E148"
162319535,2025-04-28T11:20:02.594Z,mrhoman@hotmail.com,newsletter,everyone,true,US,,,,,,"Mozilla/5.0 (Windows NT 10.0; Win64; x64) AppleWebKit/537.36 (KHTML, like Gecko) Chrome/109.0.0.0 Safari/537.36"
162319535,2025-04-28T11:53:06.759Z,Blairsmith0505@gmail.com,newsletter,everyone,false,US,,,,,,Mozilla/5.0 (Windows NT 5.1; rv:11.0) Gecko Firefox/11.0 (via ggpht.com GoogleImageProxy)
162319535,2025-04-28T11:53:36.754Z,Blairsmith0505@gmail.com,newsletter,everyone,false,US,,,,,,Mozilla/5.0 (Windows NT 5.1; rv:11.0) Gecko Firefox/11.0 (via ggpht.com GoogleImageProxy)
162319535,2025-04-28T12:18:39.675Z,bhemmis@mac.com,newsletter,everyone,true,US,,,,,,Mozilla/5.0
162319535,2025-04-28T12:28:45.036Z,11_orrery_lime@icloud.com,newsletter,everyone,true,US,,,,,,YahooMailProxy; https://help.yahoo.com/kb/yahoo-mail-proxy-SLN28749.html
162319535,2025-04-28T13:15:22.114Z,ep4evr1@yahoo.com,newsletter,everyone,true,US,,,,,,Mozilla/5.0
162319535,2025-04-28T14:54:00.169Z,joannehilden@yahoo.com,newsletter,everyone,true,NL,,,,,,Mozilla/5.0
162319535,2025-04-28T16:37:58.407Z,loraross@hotmail.com,newsletter,everyone,true,US,,,,,,"Mozilla/5.0 (Windows NT 10.0; Win64; x64) AppleWebKit/537.36 (KHTML, like Gecko) Chrome/135.0.0.0 Safari/537.36 Edg/135.0.0.0"
162319535,2025-04-28T21:02:43.232Z,kmcaleer@msn.com,newsletter,everyone,true,US,,,,,,Mozilla/5.0
162319535,2025-04-28T22:49:53.359Z,ep4evr1@yahoo.com,newsletter,everyone,true,US,,,,,,Mozilla/5.0
162319535,2025-04-29T00:14:06.394Z,dagnaconstenla@yahoo.com,newsletter,everyone,true,US,,,,,,Mozilla/5.0
162319535,2025-04-29T21:08:34.209Z,mcfvpk@gmail.com,newsletter,everyone,true,US,,,,,,Mozilla/5.0
