post_id,timestamp,email,post_type,post_audience,active_subscription,country,city,region,device_type,client_os,client_type,user_agent
162600873,2025-05-01T09:14:38.115Z,dagnaconstenla@yahoo.com,newsletter,everyone,true,US,,,,,,Mozilla/5.0
162600873,2025-05-01T09:17:46.971Z,11_orrery_lime@icloud.com,newsletter,everyone,true,US,,,,,,Mozilla/5.0
162600873,2025-05-01T09:27:01.378Z,rencehog@icloud.com,newsletter,everyone,true,NL,,,,,,Mozilla/5.0
162600873,2025-05-01T09:27:59.706Z,bhemmis@mac.com,newsletter,everyone,true,US,,,,,,Mozilla/5.0
162600873,2025-05-01T09:29:11.888Z,paraffin44052@yahoo.com,newsletter,everyone,true,US,,,,,,Mozilla/5.0
162600873,2025-05-01T09:32:52.224Z,bhemmis@mac.com,newsletter,everyone,true,NL,,,,,,Mozilla/5.0
162600873,2025-05-01T09:36:57.471Z,joannehilden@yahoo.com,newsletter,everyone,true,US,,,,,,Mozilla/5.0
162600873,2025-05-01T09:50:20.264Z,ep4evr1@yahoo.com,newsletter,everyone,true,US,,,,,,Mozilla/5.0
162600873,2025-05-01T10:57:26.366Z,joannehilden@yahoo.com,newsletter,everyone,true,US,,,,,,YahooMailProxy; https://help.yahoo.com/kb/yahoo-mail-proxy-SLN28749.html
162600873,2025-05-01T10:57:50.690Z,joannehilden@yahoo.com,newsletter,everyone,true,US,,,,,,YahooMailProxy; https://help.yahoo.com/kb/yahoo-mail-proxy-SLN28749.html
162600873,2025-05-01T13:00:25.827Z,zoeyxo95@gmail.com,newsletter,everyone,true,US,,,,,,Mozilla/5.0 (Windows NT 5.1; rv:11.0) Gecko Firefox/11.0 (via ggpht.com GoogleImageProxy)
162600873,2025-05-02T03:17:15.511Z,bhemmis@mac.com,newsletter,everyone,true,NL,,,,,,Mozilla/5.0
162600873,2025-05-02T08:25:14.990Z,prahamama911@gmail.com,newsletter,everyone,true,US,,,,,,"Mozilla/5.0 (Macintosh; Intel Mac OS X 10_15_7) AppleWebKit/605.1.15 (KHTML, like Gecko)"
162600873,2025-05-02T21:46:38.644Z,zoeyxo95@gmail.com,newsletter,everyone,true,US,,,,,,Mozilla/5.0 (Windows NT 5.1; rv:11.0) Gecko Firefox/11.0 (via ggpht.com GoogleImageProxy)
