post_id,timestamp,email,post_type,post_audience,active_subscription
162600873,2025-05-01T09:11:45.474Z,martinlarcan60@gmail.com,newsletter,everyone,true
162600873,2025-05-01T09:11:45.801Z,noche1alpha@gmail.com,newsletter,everyone,false
162600873,2025-05-01T09:11:45.949Z,dagnaconstenla@yahoo.com,newsletter,everyone,true
162600873,2025-05-01T09:11:45.992Z,prahamama911@gmail.com,newsletter,everyone,true
162600873,2025-05-01T09:11:46.326Z,Blairsmith0505@gmail.com,newsletter,everyone,false
162600873,2025-05-01T09:11:46.399Z,joannehilden@yahoo.com,newsletter,everyone,true
162600873,2025-05-01T09:11:46.433Z,loraross@hotmail.com,newsletter,everyone,true
162600873,2025-05-01T09:11:46.493Z,noratomlinson@gmail.com,newsletter,everyone,true
162600873,2025-05-01T09:11:46.502Z,jekerr2@gmail.com,newsletter,everyone,true
162600873,2025-05-01T09:11:46.519Z,maichrye@hotmail.com,newsletter,everyone,true
162600873,2025-05-01T09:11:46.579Z,geigenbrod@gmail.com,newsletter,everyone,true
162600873,2025-05-01T09:11:46.595Z,ashleympollock@gmail.com,newsletter,everyone,true
162600873,2025-05-01T09:11:46.641Z,MABOYERCPA@aol.com,newsletter,everyone,true
162600873,2025-05-01T09:11:46.687Z,zoeyxo95@gmail.com,newsletter,everyone,true
162600873,2025-05-01T09:11:46.776Z,g_moore@live.com,newsletter,everyone,true
162600873,2025-05-01T09:11:46.963Z,kmcaleer@msn.com,newsletter,everyone,true
162600873,2025-05-01T09:11:47.110Z,tsoch@me.com,newsletter,everyone,true
162600873,2025-05-01T09:11:47.126Z,amys51576@gmail.com,newsletter,everyone,true
162600873,2025-05-01T09:11:47.220Z,srhopwood@hotmail.com,newsletter,everyone,true
162600873,2025-05-01T09:11:47.293Z,mcfvpk@gmail.com,newsletter,everyone,true
162600873,2025-05-01T09:11:47.354Z,lisaphillipsstudio@yahoo.com,newsletter,everyone,true
162600873,2025-05-01T09:11:47.464Z,ep4evr1@yahoo.com,newsletter,everyone,true
162600873,2025-05-01T09:11:47.480Z,paraffin44052@yahoo.com,newsletter,everyone,true
162600873,2025-05-01T09:11:47.500Z,joe.simari@softchoice.com,newsletter,everyone,true
162600873,2025-05-01T09:11:48.140Z,11_orrery_lime@icloud.com,newsletter,everyone,true
162600873,2025-05-01T09:11:53.026Z,schafer1@gondtc.com,newsletter,everyone,true
162600873,2025-05-01T09:11:55.172Z,rencehog@icloud.com,newsletter,everyone,true
162600873,2025-05-01T09:11:57.738Z,bhemmis@mac.com,newsletter,everyone,true
