post_id,timestamp,email,post_type,post_audience,active_subscription
162752386,2025-05-03T11:41:06.157Z,noratomlinson@gmail.com,newsletter,everyone,true
162752386,2025-05-03T11:41:06.725Z,noche1alpha@gmail.com,newsletter,everyone,false
162752386,2025-05-03T11:41:07.096Z,Blairsmith0505@gmail.com,newsletter,everyone,false
162752386,2025-05-03T11:41:07.349Z,dagnaconstenla@yahoo.com,newsletter,everyone,true
162752386,2025-05-03T11:41:07.446Z,martinlarcan60@gmail.com,newsletter,everyone,true
162752386,2025-05-03T11:41:07.464Z,prahamama911@gmail.com,newsletter,everyone,true
162752386,2025-05-03T11:41:08.094Z,loraross@hotmail.com,newsletter,everyone,true
162752386,2025-05-03T11:41:08.256Z,kmcaleer@msn.com,newsletter,everyone,true
162752386,2025-05-03T11:41:08.294Z,joe.simari@softchoice.com,newsletter,everyone,true
162752386,2025-05-03T11:41:08.423Z,ashleympollock@gmail.com,newsletter,everyone,true
162752386,2025-05-03T11:41:08.432Z,srhopwood@hotmail.com,newsletter,everyone,true
162752386,2025-05-03T11:41:08.473Z,geigenbrod@gmail.com,newsletter,everyone,true
162752386,2025-05-03T11:41:08.518Z,mcfvpk@gmail.com,newsletter,everyone,true
162752386,2025-05-03T11:41:08.538Z,jekerr2@gmail.com,newsletter,everyone,true
162752386,2025-05-03T11:41:08.731Z,MABOYERCPA@aol.com,newsletter,everyone,true
162752386,2025-05-03T11:41:08.933Z,zoeyxo95@gmail.com,newsletter,everyone,true
162752386,2025-05-03T11:41:08.950Z,amys51576@gmail.com,newsletter,everyone,true
162752386,2025-05-03T11:41:09.004Z,paraffin44052@yahoo.com,newsletter,everyone,true
162752386,2025-05-03T11:41:09.118Z,g_moore@live.com,newsletter,everyone,true
162752386,2025-05-03T11:41:09.225Z,joannehilden@yahoo.com,newsletter,everyone,true
162752386,2025-05-03T11:41:09.258Z,lisaphillipsstudio@yahoo.com,newsletter,everyone,true
162752386,2025-05-03T11:41:09.630Z,ep4evr1@yahoo.com,newsletter,everyone,true
162752386,2025-05-03T11:41:09.704Z,maichrye@hotmail.com,newsletter,everyone,true
162752386,2025-05-03T11:41:11.204Z,rencehog@icloud.com,newsletter,everyone,true
162752386,2025-05-03T11:41:11.393Z,bhemmis@mac.com,newsletter,everyone,true
162752386,2025-05-03T11:41:13.678Z,11_orrery_lime@icloud.com,newsletter,everyone,true
162752386,2025-05-03T11:41:14.016Z,tsoch@me.com,newsletter,everyone,true
162752386,2025-05-03T11:41:14.977Z,schafer1@gondtc.com,newsletter,everyone,true
