post_id,timestamp,email,post_type,post_audience,active_subscription
163319582,2025-05-11T09:52:31.936Z,noche1alpha@gmail.com,newsletter,everyone,false
163319582,2025-05-11T09:52:33.949Z,noratomlinson@gmail.com,newsletter,everyone,true
163319582,2025-05-11T09:52:34.303Z,prahamama911@gmail.com,newsletter,everyone,true
163319582,2025-05-11T09:52:34.437Z,martinlarcan60@gmail.com,newsletter,everyone,true
163319582,2025-05-11T09:52:34.892Z,dagnaconstenla@yahoo.com,newsletter,everyone,true
163319582,2025-05-11T09:52:35.184Z,loraross@hotmail.com,newsletter,everyone,true
163319582,2025-05-11T09:52:36.114Z,Blairsmith0505@gmail.com,newsletter,everyone,false
163319582,2025-05-11T09:52:36.455Z,joannehilden@yahoo.com,newsletter,everyone,true
163319582,2025-05-11T09:52:36.877Z,paraffin44052@yahoo.com,newsletter,everyone,true
163319582,2025-05-11T09:52:37.137Z,amys51576@gmail.com,newsletter,everyone,true
163319582,2025-05-11T09:52:37.150Z,lisaphillipsstudio@yahoo.com,newsletter,everyone,true
163319582,2025-05-11T09:52:37.153Z,jekerr2@gmail.com,newsletter,everyone,true
163319582,2025-05-11T09:52:37.230Z,zoeyxo95@gmail.com,newsletter,everyone,true
163319582,2025-05-11T09:52:37.245Z,joe.simari@softchoice.com,newsletter,everyone,true
163319582,2025-05-11T09:52:37.270Z,geigenbrod@gmail.com,newsletter,everyone,true
163319582,2025-05-11T09:52:37.360Z,MABOYERCPA@aol.com,newsletter,everyone,true
163319582,2025-05-11T09:52:37.530Z,kmcaleer@msn.com,newsletter,everyone,true
163319582,2025-05-11T09:52:37.762Z,g_moore@live.com,newsletter,everyone,true
163319582,2025-05-11T09:52:37.993Z,mcfvpk@gmail.com,newsletter,everyone,true
163319582,2025-05-11T09:52:38.206Z,rencehog@icloud.com,newsletter,everyone,true
163319582,2025-05-11T09:52:38.218Z,kimmyintheworld@gmail.com,newsletter,everyone,true
163319582,2025-05-11T09:52:38.488Z,tsoch@me.com,newsletter,everyone,true
163319582,2025-05-11T09:52:38.548Z,ashleympollock@gmail.com,newsletter,everyone,true
163319582,2025-05-11T09:52:39.063Z,ep4evr1@yahoo.com,newsletter,everyone,true
163319582,2025-05-11T09:52:39.145Z,bhemmis@mac.com,newsletter,everyone,true
163319582,2025-05-11T09:52:40.433Z,maichrye@hotmail.com,newsletter,everyone,true
163319582,2025-05-11T09:52:41.085Z,11_orrery_lime@icloud.com,newsletter,everyone,true
163319582,2025-05-11T09:52:43.647Z,schafer1@gondtc.com,newsletter,everyone,true
