post_id,timestamp,email,post_type,post_audience,active_subscription,country,city,region,device_type,client_os,client_type,user_agent
163319582,2025-05-11T09:56:03.967Z,amys51576@gmail.com,newsletter,everyone,true,US,,,,,,Mozilla/5.0 (Windows NT 5.1; rv:11.0) Gecko Firefox/11.0 (via ggpht.com GoogleImageProxy)
163319582,2025-05-11T09:58:22.685Z,dagnaconstenla@yahoo.com,newsletter,everyone,true,US,,,,,,Mozilla/5.0
163319582,2025-05-11T10:07:52.135Z,11_orrery_lime@icloud.com,newsletter,everyone,true,US,,,,,,Mozilla/5.0
163319582,2025-05-11T10:09:20.855Z,bhemmis@mac.com,newsletter,everyone,true,NL,,,,,,Mozilla/5.0
163319582,2025-05-11T10:14:04.025Z,dagnaconstenla@yahoo.com,newsletter,everyone,true,US,,,,,,Mozilla/5.0
163319582,2025-05-11T10:18:57.788Z,joannehilden@yahoo.com,newsletter,everyone,true,US,,,,,,Mozilla/5.0
163319582,2025-05-11T10:23:08.926Z,paraffin44052@yahoo.com,newsletter,everyone,true,US,,,,,,Mozilla/5.0
163319582,2025-05-11T10:47:21.198Z,bhemmis@mac.com,newsletter,everyone,true,US,,,,,,Mozilla/5.0
163319582,2025-05-11T17:19:55.151Z,zoeyxo95@gmail.com,newsletter,everyone,true,US,,,,,,Mozilla/5.0 (Windows NT 5.1; rv:11.0) Gecko Firefox/11.0 (via ggpht.com GoogleImageProxy)
163319582,2025-05-11T18:17:05.124Z,kimmyintheworld@gmail.com,newsletter,everyone,true,CA,,,,,,Mozilla/5.0
163319582,2025-05-11T19:22:01.995Z,rencehog@icloud.com,newsletter,everyone,true,US,,,,,,Mozilla/5.0
163319582,2025-05-11T22:43:45.495Z,prahamama911@gmail.com,newsletter,everyone,true,US,,,,,,"Mozilla/5.0 (Macintosh; Intel Mac OS X 10_15_7) AppleWebKit/605.1.15 (KHTML, like Gecko)"
163319582,2025-05-12T17:38:15.634Z,bhemmis@mac.com,newsletter,everyone,true,US,,,,,,Mozilla/5.0
