post_id,timestamp,email,post_type,post_audience,active_subscription
164010053,2025-05-20T15:06:54.500Z,noche1alpha@gmail.com,newsletter,everyone,false
164010053,2025-05-20T15:06:54.580Z,joe.simari@softchoice.com,newsletter,everyone,true
164010053,2025-05-20T15:06:54.807Z,loraross@hotmail.com,newsletter,everyone,true
164010053,2025-05-20T15:06:54.961Z,geigenbrod@gmail.com,newsletter,everyone,true
164010053,2025-05-20T15:06:54.990Z,ashleympollock@gmail.com,newsletter,everyone,true
164010053,2025-05-20T15:06:55.001Z,martinlarcan60@gmail.com,newsletter,everyone,true
164010053,2025-05-20T15:06:55.189Z,zoeyxo95@gmail.com,newsletter,everyone,true
164010053,2025-05-20T15:06:55.255Z,g_moore@live.com,newsletter,everyone,true
164010053,2025-05-20T15:06:55.347Z,noratomlinson@gmail.com,newsletter,everyone,true
164010053,2025-05-20T15:06:55.428Z,maichrye@hotmail.com,newsletter,everyone,true
164010053,2025-05-20T15:06:55.474Z,dagnaconstenla@yahoo.com,newsletter,everyone,true
164010053,2025-05-20T15:06:55.560Z,kimmyintheworld@gmail.com,newsletter,everyone,true
164010053,2025-05-20T15:06:55.668Z,joannehilden@yahoo.com,newsletter,everyone,true
164010053,2025-05-20T15:06:55.729Z,bhemmis@mac.com,newsletter,everyone,true
164010053,2025-05-20T15:06:55.732Z,mcfvpk@gmail.com,newsletter,everyone,true
164010053,2025-05-20T15:06:55.791Z,amys51576@gmail.com,newsletter,everyone,true
164010053,2025-05-20T15:06:55.809Z,jekerr2@gmail.com,newsletter,everyone,true
164010053,2025-05-20T15:06:56.024Z,Blairsmith0505@gmail.com,newsletter,everyone,false
164010053,2025-05-20T15:06:56.436Z,MABOYERCPA@aol.com,newsletter,everyone,true
164010053,2025-05-20T15:06:56.733Z,prahamama911@gmail.com,newsletter,everyone,true
164010053,2025-05-20T15:06:57.117Z,lisaphillipsstudio@yahoo.com,newsletter,everyone,true
164010053,2025-05-20T15:06:57.307Z,ep4evr1@yahoo.com,newsletter,everyone,true
164010053,2025-05-20T15:06:57.309Z,11_orrery_lime@icloud.com,newsletter,everyone,true
164010053,2025-05-20T15:06:57.461Z,paraffin44052@yahoo.com,newsletter,everyone,true
164010053,2025-05-20T15:06:57.655Z,kmcaleer@msn.com,newsletter,everyone,true
164010053,2025-05-20T15:07:01.308Z,schafer1@gondtc.com,newsletter,everyone,true
164010053,2025-05-20T15:07:02.043Z,rencehog@icloud.com,newsletter,everyone,true
164010053,2025-05-20T15:07:12.242Z,tsoch@me.com,newsletter,everyone,true
