post_id,timestamp,email,post_type,post_audience,active_subscription,country,city,region,device_type,client_os,client_type,user_agent
164010053,2025-05-20T15:12:14.232Z,paraffin44052@yahoo.com,newsletter,everyone,true,US,,,,,,Mozilla/5.0
164010053,2025-05-20T15:12:33.946Z,dagnaconstenla@yahoo.com,newsletter,everyone,true,US,,,,,,Mozilla/5.0
164010053,2025-05-20T15:23:09.060Z,dagnaconstenla@yahoo.com,newsletter,everyone,true,US,,,,,,Mozilla/5.0
164010053,2025-05-20T15:25:12.570Z,kimmyintheworld@gmail.com,newsletter,everyone,true,CA,,,,,,Mozilla/5.0
164010053,2025-05-20T15:37:09.412Z,loraross@hotmail.com,newsletter,everyone,true,US,,,,,,"Mozilla/5.0 (iPhone; CPU iPhone OS 18_4_1 like Mac OS X) AppleWebKit/605.1.15 (KHTML, like Gecko) Mobile/15E148"
164010053,2025-05-20T15:37:09.774Z,loraross@hotmail.com,newsletter,everyone,true,US,,,,,,"Mozilla/5.0 (iPhone; CPU iPhone OS 18_4_1 like Mac OS X) AppleWebKit/605.1.15 (KHTML, like Gecko) Mobile/15E148"
164010053,2025-05-20T15:37:30.456Z,zoeyxo95@gmail.com,newsletter,everyone,true,US,,,,,,Mozilla/5.0 (Windows NT 5.1; rv:11.0) Gecko Firefox/11.0 (via ggpht.com GoogleImageProxy)
164010053,2025-05-20T15:41:39.141Z,ep4evr1@yahoo.com,newsletter,everyone,true,CO,,,,,,Mozilla/5.0
164010053,2025-05-20T16:19:16.727Z,rencehog@icloud.com,newsletter,everyone,true,US,,,,,,Mozilla/5.0
164010053,2025-05-20T16:34:52.912Z,zoeyxo95@gmail.com,newsletter,everyone,true,US,,,,,,Mozilla/5.0 (Windows NT 5.1; rv:11.0) Gecko Firefox/11.0 (via ggpht.com GoogleImageProxy)
164010053,2025-05-20T17:18:40.440Z,bhemmis@mac.com,newsletter,everyone,true,US,,,,,,Mozilla/5.0
164010053,2025-05-20T17:24:17.610Z,ep4evr1@yahoo.com,newsletter,everyone,true,CO,,,,,,Mozilla/5.0
164010053,2025-05-20T17:42:42.724Z,bhemmis@mac.com,newsletter,everyone,true,US,,,,,,Mozilla/5.0
164010053,2025-05-20T18:51:27.422Z,kmcaleer@msn.com,newsletter,everyone,true,NL,,,,,,Mozilla/5.0
164010053,2025-05-20T21:54:38.312Z,prahamama911@gmail.com,newsletter,everyone,true,US,,,,,,"Mozilla/5.0 (Macintosh; Intel Mac OS X 10_15_7) AppleWebKit/605.1.15 (KHTML, like Gecko)"
164010053,2025-05-21T04:15:53.984Z,11_orrery_lime@icloud.com,newsletter,everyone,true,US,,,,,,Mozilla/5.0
164010053,2025-05-21T16:02:59.226Z,tsoch@me.com,newsletter,everyone,true,US,,,,,,Mozilla/5.0
164010053,2025-05-21T16:41:12.071Z,ashleympollock@gmail.com,newsletter,everyone,true,US,,,,,,Mozilla/5.0 (Windows NT 5.1; rv:11.0) Gecko Firefox/11.0 (via ggpht.com GoogleImageProxy)
164010053,2025-05-21T16:41:21.638Z,ashleympollock@gmail.com,newsletter,everyone,true,US,,,,,,Mozilla/5.0 (Windows NT 5.1; rv:11.0) Gecko Firefox/11.0 (via ggpht.com GoogleImageProxy)
164010053,2025-05-21T16:41:25.284Z,ashleympollock@gmail.com,newsletter,everyone,true,US,,,,,,Mozilla/5.0 (Windows NT 5.1; rv:11.0) Gecko Firefox/11.0 (via ggpht.com GoogleImageProxy)
164010053,2025-05-21T16:42:08.519Z,ashleympollock@gmail.com,newsletter,everyone,true,US,,,,,,Mozilla/5.0 (Windows NT 5.1; rv:11.0) Gecko Firefox/11.0 (via ggpht.com GoogleImageProxy)
164010053,2025-05-22T04:26:02.762Z,Blairsmith0505@gmail.com,newsletter,everyone,false,US,,,,,,Mozilla/5.0 (Windows NT 5.1; rv:11.0) Gecko Firefox/11.0 (via ggpht.com GoogleImageProxy)
164010053,2025-05-22T04:26:14.940Z,Blairsmith0505@gmail.com,newsletter,everyone,false,US,,,,,,Mozilla/5.0 (Windows NT 5.1; rv:11.0) Gecko Firefox/11.0 (via ggpht.com GoogleImageProxy)
164010053,2025-05-22T21:52:40.637Z,zoeyxo95@gmail.com,newsletter,everyone,true,US,,,,,,Mozilla/5.0 (Windows NT 5.1; rv:11.0) Gecko Firefox/11.0 (via ggpht.com GoogleImageProxy)
