post_id,timestamp,email,post_type,post_audience,active_subscription,country,city,region,device_type,client_os,client_type,user_agent
164298557,2025-05-24T12:11:16.804Z,11_orrery_lime@icloud.com,newsletter,everyone,true,US,,,,,,Mozilla/5.0
164298557,2025-05-24T12:11:31.863Z,erintherapy@gmail.com,newsletter,everyone,true,US,,,,,,Mozilla/5.0
164298557,2025-05-24T12:12:54.296Z,bhemmis@mac.com,newsletter,everyone,true,US,,,,,,Mozilla/5.0
164298557,2025-05-24T12:13:46.020Z,bhemmis@mac.com,newsletter,everyone,true,US,,,,,,Mozilla/5.0
164298557,2025-05-24T12:23:53.536Z,dagnaconstenla@yahoo.com,newsletter,everyone,true,US,,,,,,Mozilla/5.0
164298557,2025-05-24T12:27:55.775Z,paraffin44052@yahoo.com,newsletter,everyone,true,US,,,,,,Mozilla/5.0
164298557,2025-05-24T17:54:41.439Z,dagnaconstenla@yahoo.com,newsletter,everyone,true,US,,,,,,Mozilla/5.0
164298557,2025-05-24T20:11:47.387Z,prahamama911@gmail.com,newsletter,everyone,true,US,,,,,,"Mozilla/5.0 (Macintosh; Intel Mac OS X 10_15_7) AppleWebKit/605.1.15 (KHTML, like Gecko)"
164298557,2025-05-25T00:09:24.492Z,rencehog@icloud.com,newsletter,everyone,true,US,,,,,,Mozilla/5.0
164298557,2025-05-25T11:53:24.014Z,bhemmis@mac.com,newsletter,everyone,true,US,,,,,,Mozilla/5.0
164298557,2025-05-25T15:52:54.781Z,erintherapy@gmail.com,newsletter,everyone,true,NL,,,,,,Mozilla/5.0
164298557,2025-05-25T16:14:25.299Z,mrkimnmobile@gmail.com,newsletter,everyone,true,US,,,,,,Mozilla/5.0 (Windows NT 5.1; rv:11.0) Gecko Firefox/11.0 (via ggpht.com GoogleImageProxy)
164298557,2025-05-26T21:46:04.641Z,mrkimnmobile@gmail.com,newsletter,everyone,true,US,,,,,,Mozilla/5.0 (Windows NT 5.1; rv:11.0) Gecko Firefox/11.0 (via ggpht.com GoogleImageProxy)
164298557,2025-05-26T21:46:15.918Z,mrkimnmobile@gmail.com,newsletter,everyone,true,US,,,,,,Mozilla/5.0 (Windows NT 5.1; rv:11.0) Gecko Firefox/11.0 (via ggpht.com GoogleImageProxy)
164298557,2025-05-26T21:46:35.529Z,mrkimnmobile@gmail.com,newsletter,everyone,true,US,,,,,,Mozilla/5.0 (Windows NT 5.1; rv:11.0) Gecko Firefox/11.0 (via ggpht.com GoogleImageProxy)
164298557,2025-05-31T20:39:18.581Z,Blairsmith0505@gmail.com,newsletter,everyone,false,US,,,,,,Mozilla/5.0 (Windows NT 5.1; rv:11.0) Gecko Firefox/11.0 (via ggpht.com GoogleImageProxy)
