post_id,timestamp,email,post_type,post_audience,active_subscription
164298557,2025-05-24T12:09:22.535Z,noche1alpha@gmail.com,newsletter,everyone,false
164298557,2025-05-24T12:09:23.103Z,Blairsmith0505@gmail.com,newsletter,everyone,false
164298557,2025-05-24T12:09:23.364Z,prahamama911@gmail.com,newsletter,everyone,true
164298557,2025-05-24T12:09:23.742Z,erintherapy@gmail.com,newsletter,everyone,true
164298557,2025-05-24T12:09:24.265Z,martinlarcan60@gmail.com,newsletter,everyone,true
164298557,2025-05-24T12:09:24.355Z,zoeyxo95@gmail.com,newsletter,everyone,true
164298557,2025-05-24T12:09:24.385Z,kmcaleer@msn.com,newsletter,everyone,true
164298557,2025-05-24T12:09:24.435Z,amys51576@gmail.com,newsletter,everyone,true
164298557,2025-05-24T12:09:24.476Z,joe.simari@softchoice.com,newsletter,everyone,true
164298557,2025-05-24T12:09:24.557Z,mrkimnmobile@gmail.com,newsletter,everyone,true
164298557,2025-05-24T12:09:24.565Z,jekerr2@gmail.com,newsletter,everyone,true
164298557,2025-05-24T12:09:24.604Z,lisaphillipsstudio@yahoo.com,newsletter,everyone,true
164298557,2025-05-24T12:09:24.712Z,MABOYERCPA@aol.com,newsletter,everyone,true
164298557,2025-05-24T12:09:24.832Z,g_moore@live.com,newsletter,everyone,true
164298557,2025-05-24T12:09:24.960Z,noratomlinson@gmail.com,newsletter,everyone,true
164298557,2025-05-24T12:09:25.017Z,mcfvpk@gmail.com,newsletter,everyone,true
164298557,2025-05-24T12:09:25.054Z,joannehilden@yahoo.com,newsletter,everyone,true
164298557,2025-05-24T12:09:25.171Z,loraross@hotmail.com,newsletter,everyone,true
164298557,2025-05-24T12:09:25.813Z,ashleympollock@gmail.com,newsletter,everyone,true
164298557,2025-05-24T12:09:25.937Z,ep4evr1@yahoo.com,newsletter,everyone,true
164298557,2025-05-24T12:09:26.065Z,kimmyintheworld@gmail.com,newsletter,everyone,true
164298557,2025-05-24T12:09:26.195Z,geigenbrod@gmail.com,newsletter,everyone,true
164298557,2025-05-24T12:09:26.473Z,dagnaconstenla@yahoo.com,newsletter,everyone,true
164298557,2025-05-24T12:09:26.609Z,bhemmis@mac.com,newsletter,everyone,true
164298557,2025-05-24T12:09:27.783Z,tsoch@me.com,newsletter,everyone,true
164298557,2025-05-24T12:09:27.924Z,maichrye@hotmail.com,newsletter,everyone,true
164298557,2025-05-24T12:09:28.663Z,11_orrery_lime@icloud.com,newsletter,everyone,true
164298557,2025-05-24T12:09:29.797Z,paraffin44052@yahoo.com,newsletter,everyone,true
164298557,2025-05-24T12:09:33.173Z,rencehog@icloud.com,newsletter,everyone,true
