post_id,timestamp,email,post_type,post_audience,active_subscription
164414617,2025-05-25T14:50:45.733Z,noche1alpha@gmail.com,newsletter,everyone,false
164414617,2025-05-25T14:50:46.342Z,martinlarcan60@gmail.com,newsletter,everyone,true
164414617,2025-05-25T14:50:46.461Z,prahamama911@gmail.com,newsletter,everyone,true
164414617,2025-05-25T14:50:46.723Z,noratomlinson@gmail.com,newsletter,everyone,true
164414617,2025-05-25T14:50:46.934Z,joe.simari@softchoice.com,newsletter,everyone,true
164414617,2025-05-25T14:50:47.022Z,erintherapy@gmail.com,newsletter,everyone,true
164414617,2025-05-25T14:50:47.154Z,paraffin44052@yahoo.com,newsletter,everyone,true
164414617,2025-05-25T14:50:47.187Z,Blairsmith0505@gmail.com,newsletter,everyone,false
164414617,2025-05-25T14:50:47.214Z,dagnaconstenla@yahoo.com,newsletter,everyone,true
164414617,2025-05-25T14:50:47.264Z,zoeyxo95@gmail.com,newsletter,everyone,true
164414617,2025-05-25T14:50:47.304Z,ashleympollock@gmail.com,newsletter,everyone,true
164414617,2025-05-25T14:50:47.309Z,geigenbrod@gmail.com,newsletter,everyone,true
164414617,2025-05-25T14:50:47.331Z,joannehilden@yahoo.com,newsletter,everyone,true
164414617,2025-05-25T14:50:47.348Z,amys51576@gmail.com,newsletter,everyone,true
164414617,2025-05-25T14:50:47.372Z,mcfvpk@gmail.com,newsletter,everyone,true
164414617,2025-05-25T14:50:47.393Z,g_moore@live.com,newsletter,everyone,true
164414617,2025-05-25T14:50:47.399Z,kmcaleer@msn.com,newsletter,everyone,true
164414617,2025-05-25T14:50:47.463Z,ep4evr1@yahoo.com,newsletter,everyone,true
164414617,2025-05-25T14:50:47.556Z,loraross@hotmail.com,newsletter,everyone,true
164414617,2025-05-25T14:50:47.618Z,kimmyintheworld@gmail.com,newsletter,everyone,true
164414617,2025-05-25T14:50:47.803Z,lisaphillipsstudio@yahoo.com,newsletter,everyone,true
164414617,2025-05-25T14:50:47.898Z,mrkimnmobile@gmail.com,newsletter,everyone,true
164414617,2025-05-25T14:50:47.922Z,jekerr2@gmail.com,newsletter,everyone,true
164414617,2025-05-25T14:50:48.342Z,MABOYERCPA@aol.com,newsletter,everyone,true
164414617,2025-05-25T14:50:49.221Z,maichrye@hotmail.com,newsletter,everyone,true
164414617,2025-05-25T14:50:50.226Z,tsoch@me.com,newsletter,everyone,true
164414617,2025-05-25T14:50:50.247Z,rencehog@icloud.com,newsletter,everyone,true
164414617,2025-05-25T14:50:50.507Z,bhemmis@mac.com,newsletter,everyone,true
164414617,2025-05-25T14:50:52.348Z,11_orrery_lime@icloud.com,newsletter,everyone,true
164414617,2025-05-25T14:50:53.271Z,schafer1@gondtc.com,newsletter,everyone,true
