post_id,timestamp,email,post_type,post_audience,active_subscription,country,city,region,device_type,client_os,client_type,user_agent
164635063,2025-05-28T10:57:54.556Z,erintherapy@gmail.com,newsletter,everyone,true,NL,,,,,,Mozilla/5.0
164635063,2025-05-28T11:00:23.561Z,amys51576@gmail.com,newsletter,everyone,true,US,,,,,,Mozilla/5.0 (Windows NT 5.1; rv:11.0) Gecko Firefox/11.0 (via ggpht.com GoogleImageProxy)
164635063,2025-05-28T11:00:25.685Z,Blairsmith0505@gmail.com,newsletter,everyone,false,US,,,,,,Mozilla/5.0 (Windows NT 5.1; rv:11.0) Gecko Firefox/11.0 (via ggpht.com GoogleImageProxy)
164635063,2025-05-28T11:00:39.813Z,erintherapy@gmail.com,newsletter,everyone,true,US,,,,,,Mozilla/5.0
164635063,2025-05-28T11:05:08.032Z,ep4evr1@yahoo.com,newsletter,everyone,true,US,,,,,,Mozilla/5.0
164635063,2025-05-28T11:11:41.319Z,dagnaconstenla@yahoo.com,newsletter,everyone,true,US,,,,,,Mozilla/5.0
164635063,2025-05-28T11:11:48.804Z,paraffin44052@yahoo.com,newsletter,everyone,true,NL,,,,,,Mozilla/5.0
164635063,2025-05-28T11:25:40.868Z,bhemmis@mac.com,newsletter,everyone,true,US,,,,,,Mozilla/5.0
164635063,2025-05-28T11:45:06.086Z,kimmyintheworld@gmail.com,newsletter,everyone,true,CA,,,,,,Mozilla/5.0
164635063,2025-05-28T12:01:30.546Z,mrkimnmobile@gmail.com,newsletter,everyone,true,US,,,,,,Mozilla/5.0 (Windows NT 5.1; rv:11.0) Gecko Firefox/11.0 (via ggpht.com GoogleImageProxy)
164635063,2025-05-28T12:02:00.743Z,dagnaconstenla@yahoo.com,newsletter,everyone,true,US,,,,,,Mozilla/5.0
164635063,2025-05-28T12:06:50.989Z,mrkimnmobile@gmail.com,newsletter,everyone,true,US,,,,,,Mozilla/5.0 (Windows NT 5.1; rv:11.0) Gecko Firefox/11.0 (via ggpht.com GoogleImageProxy)
164635063,2025-05-28T12:06:51.430Z,mrkimnmobile@gmail.com,newsletter,everyone,true,US,,,,,,Mozilla/5.0 (Windows NT 5.1; rv:11.0) Gecko Firefox/11.0 (via ggpht.com GoogleImageProxy)
164635063,2025-05-28T12:08:01.940Z,mrkimnmobile@gmail.com,newsletter,everyone,true,US,,,,,,Mozilla/5.0 (Windows NT 5.1; rv:11.0) Gecko Firefox/11.0 (via ggpht.com GoogleImageProxy)
164635063,2025-05-28T12:08:02.706Z,mrkimnmobile@gmail.com,newsletter,everyone,true,US,,,,,,Mozilla/5.0 (Windows NT 5.1; rv:11.0) Gecko Firefox/11.0 (via ggpht.com GoogleImageProxy)
164635063,2025-05-28T12:08:03.300Z,mrkimnmobile@gmail.com,newsletter,everyone,true,US,,,,,,Mozilla/5.0 (Windows NT 5.1; rv:11.0) Gecko Firefox/11.0 (via ggpht.com GoogleImageProxy)
164635063,2025-05-28T12:08:04.873Z,mrkimnmobile@gmail.com,newsletter,everyone,true,US,,,,,,Mozilla/5.0 (Windows NT 5.1; rv:11.0) Gecko Firefox/11.0 (via ggpht.com GoogleImageProxy)
164635063,2025-05-28T12:08:05.705Z,mrkimnmobile@gmail.com,newsletter,everyone,true,US,,,,,,Mozilla/5.0 (Windows NT 5.1; rv:11.0) Gecko Firefox/11.0 (via ggpht.com GoogleImageProxy)
164635063,2025-05-28T12:08:12.802Z,mrkimnmobile@gmail.com,newsletter,everyone,true,US,,,,,,Mozilla/5.0 (Windows NT 5.1; rv:11.0) Gecko Firefox/11.0 (via ggpht.com GoogleImageProxy)
164635063,2025-05-28T12:08:15.787Z,mrkimnmobile@gmail.com,newsletter,everyone,true,US,,,,,,Mozilla/5.0 (Windows NT 5.1; rv:11.0) Gecko Firefox/11.0 (via ggpht.com GoogleImageProxy)
164635063,2025-05-28T12:25:31.393Z,noratomlinson@gmail.com,newsletter,everyone,true,US,,,,,,Mozilla/5.0 (Windows NT 5.1; rv:11.0) Gecko Firefox/11.0 (via ggpht.com GoogleImageProxy)
164635063,2025-05-28T12:25:31.477Z,noratomlinson@gmail.com,newsletter,everyone,true,US,,,,,,Mozilla/5.0 (Windows NT 5.1; rv:11.0) Gecko Firefox/11.0 (via ggpht.com GoogleImageProxy)
164635063,2025-05-28T12:53:07.061Z,bhemmis@mac.com,newsletter,everyone,true,US,,,,,,Mozilla/5.0
164635063,2025-05-28T13:13:17.840Z,noche1alpha@gmail.com,newsletter,everyone,false,US,,,,,,Mozilla/5.0 (Windows NT 5.1; rv:11.0) Gecko Firefox/11.0 (via ggpht.com GoogleImageProxy)
164635063,2025-05-28T13:13:30.370Z,noche1alpha@gmail.com,newsletter,everyone,false,US,,,,,,Mozilla/5.0 (Windows NT 5.1; rv:11.0) Gecko Firefox/11.0 (via ggpht.com GoogleImageProxy)
164635063,2025-05-28T13:13:47.838Z,noche1alpha@gmail.com,newsletter,everyone,false,US,,,,,,Mozilla/5.0 (Windows NT 5.1; rv:11.0) Gecko Firefox/11.0 (via ggpht.com GoogleImageProxy)
164635063,2025-05-28T13:15:17.889Z,noche1alpha@gmail.com,newsletter,everyone,false,US,,,,,,Mozilla/5.0 (Windows NT 5.1; rv:11.0) Gecko Firefox/11.0 (via ggpht.com GoogleImageProxy)
164635063,2025-05-28T13:34:11.352Z,erintherapy@gmail.com,newsletter,everyone,true,US,,,,,,Mozilla/5.0
164635063,2025-05-28T13:37:52.010Z,bhemmis@mac.com,newsletter,everyone,true,US,,,,,,Mozilla/5.0
164635063,2025-05-28T13:54:34.306Z,bhemmis@mac.com,newsletter,everyone,true,US,,,,,,Mozilla/5.0
164635063,2025-05-28T15:56:25.413Z,bhemmis@mac.com,newsletter,everyone,true,US,,,,,,Mozilla/5.0
164635063,2025-05-28T16:52:18.662Z,MABOYERCPA@AOL.COM,newsletter,everyone,true,US,,,,,,YahooMailProxy; https://help.yahoo.com/kb/yahoo-mail-proxy-SLN28749.html
164635063,2025-05-28T17:20:42.936Z,rencehog@icloud.com,newsletter,everyone,true,US,,,,,,Mozilla/5.0
164635063,2025-05-28T17:45:59.730Z,prahamama911@gmail.com,newsletter,everyone,true,US,,,,,,"Mozilla/5.0 (Macintosh; Intel Mac OS X 10_15_7) AppleWebKit/605.1.15 (KHTML, like Gecko)"
164635063,2025-05-30T00:46:33.984Z,mrkimnmobile@gmail.com,newsletter,everyone,true,US,,,,,,Mozilla/5.0 (Windows NT 5.1; rv:11.0) Gecko Firefox/11.0 (via ggpht.com GoogleImageProxy)
164635063,2025-05-31T11:57:05.339Z,mrkimnmobile@gmail.com,newsletter,everyone,true,US,,,,,,Mozilla/5.0 (Windows NT 5.1; rv:11.0) Gecko Firefox/11.0 (via ggpht.com GoogleImageProxy)
164635063,2025-05-31T23:04:41.275Z,mrkimnmobile@gmail.com,newsletter,everyone,true,US,,,,,,Mozilla/5.0 (Windows NT 5.1; rv:11.0) Gecko Firefox/11.0 (via ggpht.com GoogleImageProxy)
