post_id,timestamp,email,post_type,post_audience,active_subscription
164635063,2025-05-28T10:56:54.936Z,noche1alpha@gmail.com,newsletter,everyone,false
164635063,2025-05-28T10:56:56.137Z,noratomlinson@gmail.com,newsletter,everyone,true
164635063,2025-05-28T10:56:56.364Z,Blairsmith0505@gmail.com,newsletter,everyone,false
164635063,2025-05-28T10:56:56.467Z,prahamama911@gmail.com,newsletter,everyone,true
164635063,2025-05-28T10:56:56.602Z,dagnaconstenla@yahoo.com,newsletter,everyone,true
164635063,2025-05-28T10:56:56.843Z,paraffin44052@yahoo.com,newsletter,everyone,true
164635063,2025-05-28T10:56:57.049Z,kmcaleer@msn.com,newsletter,everyone,true
164635063,2025-05-28T10:56:57.051Z,lisaphillipsstudio@yahoo.com,newsletter,everyone,true
164635063,2025-05-28T10:56:57.346Z,joannehilden@yahoo.com,newsletter,everyone,true
164635063,2025-05-28T10:56:57.769Z,loraross@hotmail.com,newsletter,everyone,true
164635063,2025-05-28T10:56:58.387Z,joe.simari@softchoice.com,newsletter,everyone,true
164635063,2025-05-28T10:56:58.495Z,amys51576@gmail.com,newsletter,everyone,true
164635063,2025-05-28T10:56:58.503Z,ashleympollock@gmail.com,newsletter,everyone,true
164635063,2025-05-28T10:56:58.555Z,jekerr2@gmail.com,newsletter,everyone,true
164635063,2025-05-28T10:56:58.610Z,mcfvpk@gmail.com,newsletter,everyone,true
164635063,2025-05-28T10:56:58.655Z,ep4evr1@yahoo.com,newsletter,everyone,true
164635063,2025-05-28T10:56:59.249Z,kimmyintheworld@gmail.com,newsletter,everyone,true
164635063,2025-05-28T10:56:59.283Z,geigenbrod@gmail.com,newsletter,everyone,true
164635063,2025-05-28T10:56:59.486Z,mrkimnmobile@gmail.com,newsletter,everyone,true
164635063,2025-05-28T10:56:59.699Z,martinlarcan60@gmail.com,newsletter,everyone,true
164635063,2025-05-28T10:57:00.030Z,MABOYERCPA@aol.com,newsletter,everyone,true
164635063,2025-05-28T10:57:00.079Z,maichrye@hotmail.com,newsletter,everyone,true
164635063,2025-05-28T10:57:00.094Z,g_moore@live.com,newsletter,everyone,true
164635063,2025-05-28T10:57:00.813Z,rencehog@icloud.com,newsletter,everyone,true
164635063,2025-05-28T10:57:01.145Z,erintherapy@gmail.com,newsletter,everyone,true
164635063,2025-05-28T10:57:01.670Z,11_orrery_lime@icloud.com,newsletter,everyone,true
164635063,2025-05-28T10:57:04.152Z,bhemmis@mac.com,newsletter,everyone,true
164635063,2025-05-28T10:57:04.530Z,tsoch@me.com,newsletter,everyone,true
164635063,2025-05-28T10:57:04.621Z,schafer1@gondtc.com,newsletter,everyone,true
