post_id,timestamp,email,post_type,post_audience,active_subscription,country,city,region,device_type,client_os,client_type,user_agent
164999919,2025-06-02T11:35:36.537Z,joe.simari@softchoice.com,newsletter,everyone,true,US,,,,,,"Mozilla/5.0 (Windows NT 10.0; Win64; x64) AppleWebKit/537.36 (KHTML, like Gecko) Chrome/109.0.0.0 Safari/537.36"
164999919,2025-06-02T11:36:47.264Z,Blairsmith0505@gmail.com,newsletter,everyone,false,US,,,,,,Mozilla/5.0 (Windows NT 5.1; rv:11.0) Gecko Firefox/11.0 (via ggpht.com GoogleImageProxy)
164999919,2025-06-02T11:37:08.059Z,amys51576@gmail.com,newsletter,everyone,true,US,,,,,,Mozilla/5.0 (Windows NT 5.1; rv:11.0) Gecko Firefox/11.0 (via ggpht.com GoogleImageProxy)
164999919,2025-06-02T11:52:52.978Z,dagnaconstenla@yahoo.com,newsletter,everyone,true,US,,,,,,Mozilla/5.0
164999919,2025-06-02T12:33:56.384Z,dagnaconstenla@yahoo.com,newsletter,everyone,true,US,,,,,,Mozilla/5.0
164999919,2025-06-02T12:40:21.713Z,erintherapy@gmail.com,newsletter,everyone,true,US,,,,,,Mozilla/5.0
164999919,2025-06-02T12:51:16.962Z,kimmyintheworld@gmail.com,newsletter,everyone,true,US,,,,,,Mozilla/5.0 (Windows NT 5.1; rv:11.0) Gecko Firefox/11.0 (via ggpht.com GoogleImageProxy)
164999919,2025-06-02T13:37:21.276Z,kimmyintheworld@gmail.com,newsletter,everyone,true,US,,,,,,Mozilla/5.0 (Windows NT 5.1; rv:11.0) Gecko Firefox/11.0 (via ggpht.com GoogleImageProxy)
164999919,2025-06-02T14:00:58.239Z,kimmyintheworld@gmail.com,newsletter,everyone,true,CA,,,,,,Mozilla/5.0
164999919,2025-06-02T14:23:59.541Z,noche1alpha@gmail.com,newsletter,everyone,false,US,,,,,,Mozilla/5.0 (Windows NT 5.1; rv:11.0) Gecko Firefox/11.0 (via ggpht.com GoogleImageProxy)
164999919,2025-06-02T14:58:25.359Z,erintherapy@gmail.com,newsletter,everyone,true,US,,,,,,Mozilla/5.0
164999919,2025-06-02T15:04:00.083Z,rencehog@icloud.com,newsletter,everyone,true,US,,,,,,Mozilla/5.0
164999919,2025-06-02T19:26:02.937Z,mrkimnmobile@gmail.com,newsletter,everyone,true,US,,,,,,Mozilla/5.0 (Windows NT 5.1; rv:11.0) Gecko Firefox/11.0 (via ggpht.com GoogleImageProxy)
164999919,2025-06-02T19:27:46.980Z,mrkimnmobile@gmail.com,newsletter,everyone,true,US,,,,,,Mozilla/5.0 (Windows NT 5.1; rv:11.0) Gecko Firefox/11.0 (via ggpht.com GoogleImageProxy)
164999919,2025-06-02T20:28:40.357Z,erintherapy@gmail.com,newsletter,everyone,true,US,,,,,,Mozilla/5.0
164999919,2025-06-03T03:01:25.265Z,mrkimnmobile@gmail.com,newsletter,everyone,true,US,,,,,,Mozilla/5.0 (Windows NT 5.1; rv:11.0) Gecko Firefox/11.0 (via ggpht.com GoogleImageProxy)
164999919,2025-06-03T03:01:51.885Z,mrkimnmobile@gmail.com,newsletter,everyone,true,US,,,,,,Mozilla/5.0 (Windows NT 5.1; rv:11.0) Gecko Firefox/11.0 (via ggpht.com GoogleImageProxy)
164999919,2025-06-03T03:23:58.819Z,dagnaconstenla@yahoo.com,newsletter,everyone,true,US,,,,,,Mozilla/5.0
164999919,2025-06-03T09:37:56.468Z,prahamama911@gmail.com,newsletter,everyone,true,US,,,,,,"Mozilla/5.0 (Macintosh; Intel Mac OS X 10_15_7) AppleWebKit/605.1.15 (KHTML, like Gecko)"
