post_id,timestamp,email,post_type,post_audience,active_subscription
164999919,2025-06-02T11:34:36.325Z,prahamama911@gmail.com,newsletter,everyone,true
164999919,2025-06-02T11:34:36.650Z,joannehilden@yahoo.com,newsletter,everyone,true
164999919,2025-06-02T11:34:36.745Z,noche1alpha@gmail.com,newsletter,everyone,false
164999919,2025-06-02T11:34:36.969Z,paraffin44052@yahoo.com,newsletter,everyone,true
164999919,2025-06-02T11:34:37.418Z,joe.simari@softchoice.com,newsletter,everyone,true
164999919,2025-06-02T11:34:37.437Z,Blairsmith0505@gmail.com,newsletter,everyone,false
164999919,2025-06-02T11:34:37.655Z,ashleympollock@gmail.com,newsletter,everyone,true
164999919,2025-06-02T11:34:37.710Z,jekerr2@gmail.com,newsletter,everyone,true
164999919,2025-06-02T11:34:37.727Z,amys51576@gmail.com,newsletter,everyone,true
164999919,2025-06-02T11:34:37.770Z,geigenbrod@gmail.com,newsletter,everyone,true
164999919,2025-06-02T11:34:37.803Z,mcfvpk@gmail.com,newsletter,everyone,true
164999919,2025-06-02T11:34:37.841Z,kimmyintheworld@gmail.com,newsletter,everyone,true
164999919,2025-06-02T11:34:38.058Z,g_moore@live.com,newsletter,everyone,true
164999919,2025-06-02T11:34:38.309Z,maichrye@hotmail.com,newsletter,everyone,true
164999919,2025-06-02T11:34:38.552Z,MABOYERCPA@aol.com,newsletter,everyone,true
164999919,2025-06-02T11:34:38.855Z,noratomlinson@gmail.com,newsletter,everyone,true
164999919,2025-06-02T11:34:38.942Z,ep4evr1@yahoo.com,newsletter,everyone,true
164999919,2025-06-02T11:34:38.954Z,mrkimnmobile@gmail.com,newsletter,everyone,true
164999919,2025-06-02T11:34:39.468Z,kmcaleer@msn.com,newsletter,everyone,true
164999919,2025-06-02T11:34:39.515Z,11_orrery_lime@icloud.com,newsletter,everyone,true
164999919,2025-06-02T11:34:39.547Z,loraross@hotmail.com,newsletter,everyone,true
164999919,2025-06-02T11:34:39.649Z,rencehog@icloud.com,newsletter,everyone,true
164999919,2025-06-02T11:34:39.952Z,dagnaconstenla@yahoo.com,newsletter,everyone,true
164999919,2025-06-02T11:34:41.759Z,martinlarcan60@gmail.com,newsletter,everyone,true
164999919,2025-06-02T11:34:41.786Z,erintherapy@gmail.com,newsletter,everyone,true
164999919,2025-06-02T11:34:43.410Z,tsoch@me.com,newsletter,everyone,true
164999919,2025-06-02T11:34:43.427Z,schafer1@gondtc.com,newsletter,everyone,true
