post_id,timestamp,email,post_type,post_audience,active_subscription,country,city,region,device_type,client_os,client_type,user_agent
165091849,2025-06-03T12:45:50.544Z,erintherapy@gmail.com,newsletter,everyone,true,US,,,,,,Mozilla/5.0
165091849,2025-06-03T12:52:39.152Z,dagnaconstenla@yahoo.com,newsletter,everyone,true,US,,,,,,Mozilla/5.0
165091849,2025-06-03T12:53:10.918Z,erintherapy@gmail.com,newsletter,everyone,true,US,,,,,,Mozilla/5.0
165091849,2025-06-03T12:54:12.251Z,11_orrery_lime@icloud.com,newsletter,everyone,true,US,,,,,,Mozilla/5.0
165091849,2025-06-03T12:55:09.468Z,rencehog@icloud.com,newsletter,everyone,true,US,,,,,,Mozilla/5.0
165091849,2025-06-03T13:19:05.366Z,mrkimnmobile@gmail.com,newsletter,everyone,true,US,,,,,,Mozilla/5.0 (Windows NT 5.1; rv:11.0) Gecko Firefox/11.0 (via ggpht.com GoogleImageProxy)
165091849,2025-06-03T13:21:42.596Z,mrkimnmobile@gmail.com,newsletter,everyone,true,US,,,,,,Mozilla/5.0 (Windows NT 5.1; rv:11.0) Gecko Firefox/11.0 (via ggpht.com GoogleImageProxy)
165091849,2025-06-03T13:22:27.737Z,mrkimnmobile@gmail.com,newsletter,everyone,true,US,,,,,,Mozilla/5.0 (Windows NT 5.1; rv:11.0) Gecko Firefox/11.0 (via ggpht.com GoogleImageProxy)
165091849,2025-06-03T13:22:52.551Z,erintherapy@gmail.com,newsletter,everyone,true,US,,,,,,Mozilla/5.0
165091849,2025-06-03T13:31:37.808Z,kimmyintheworld@gmail.com,newsletter,everyone,true,CA,,,,,,Mozilla/5.0
165091849,2025-06-03T14:45:15.686Z,prahamama911@gmail.com,newsletter,everyone,true,US,,,,,,"Mozilla/5.0 (Macintosh; Intel Mac OS X 10_15_7) AppleWebKit/605.1.15 (KHTML, like Gecko)"
165091849,2025-06-03T14:53:16.284Z,ashleympollock@gmail.com,newsletter,everyone,true,US,,,,,,Mozilla/5.0 (Windows NT 5.1; rv:11.0) Gecko Firefox/11.0 (via ggpht.com GoogleImageProxy)
165091849,2025-06-03T17:11:10.799Z,dagnaconstenla@yahoo.com,newsletter,everyone,true,US,,,,,,Mozilla/5.0
165091849,2025-06-04T14:40:06.013Z,mrkimnmobile@gmail.com,newsletter,everyone,true,US,,,,,,Mozilla/5.0 (Windows NT 5.1; rv:11.0) Gecko Firefox/11.0 (via ggpht.com GoogleImageProxy)
165091849,2025-06-30T13:09:15.354Z,martinlarcan60@gmail.com,newsletter,everyone,true,US,,,,,,Mozilla/5.0 (Windows NT 5.1; rv:11.0) Gecko Firefox/11.0 (via ggpht.com GoogleImageProxy)
