post_id,timestamp,email,post_type,post_audience,active_subscription
165091849,2025-06-03T12:40:21.611Z,Blairsmith0505@gmail.com,newsletter,everyone,false
165091849,2025-06-03T12:40:22.234Z,noratomlinson@gmail.com,newsletter,everyone,true
165091849,2025-06-03T12:40:22.727Z,erintherapy@gmail.com,newsletter,everyone,true
165091849,2025-06-03T12:40:22.921Z,dagnaconstenla@yahoo.com,newsletter,everyone,true
165091849,2025-06-03T12:40:22.981Z,prahamama911@gmail.com,newsletter,everyone,true
165091849,2025-06-03T12:40:23.765Z,martinlarcan60@gmail.com,newsletter,everyone,true
165091849,2025-06-03T12:40:23.863Z,noche1alpha@gmail.com,newsletter,everyone,false
165091849,2025-06-03T12:40:24.037Z,maichrye@hotmail.com,newsletter,everyone,true
165091849,2025-06-03T12:40:24.165Z,ashleympollock@gmail.com,newsletter,everyone,true
165091849,2025-06-03T12:40:24.186Z,geigenbrod@gmail.com,newsletter,everyone,true
165091849,2025-06-03T12:40:24.205Z,kimmyintheworld@gmail.com,newsletter,everyone,true
165091849,2025-06-03T12:40:24.212Z,mcfvpk@gmail.com,newsletter,everyone,true
165091849,2025-06-03T12:40:24.264Z,jekerr2@gmail.com,newsletter,everyone,true
165091849,2025-06-03T12:40:24.302Z,amys51576@gmail.com,newsletter,everyone,true
165091849,2025-06-03T12:40:24.320Z,mrkimnmobile@gmail.com,newsletter,everyone,true
165091849,2025-06-03T12:40:24.441Z,MABOYERCPA@aol.com,newsletter,everyone,true
165091849,2025-06-03T12:40:24.493Z,joannehilden@yahoo.com,newsletter,everyone,true
165091849,2025-06-03T12:40:24.529Z,loraross@hotmail.com,newsletter,everyone,true
165091849,2025-06-03T12:40:24.661Z,g_moore@live.com,newsletter,everyone,true
165091849,2025-06-03T12:40:25.063Z,ep4evr1@yahoo.com,newsletter,everyone,true
165091849,2025-06-03T12:40:25.114Z,paraffin44052@yahoo.com,newsletter,everyone,true
165091849,2025-06-03T12:40:25.117Z,joe.simari@softchoice.com,newsletter,everyone,true
165091849,2025-06-03T12:40:25.417Z,kmcaleer@msn.com,newsletter,everyone,true
165091849,2025-06-03T12:40:26.055Z,rencehog@icloud.com,newsletter,everyone,true
165091849,2025-06-03T12:40:27.454Z,tsoch@me.com,newsletter,everyone,true
165091849,2025-06-03T12:40:27.821Z,11_orrery_lime@icloud.com,newsletter,everyone,true
165091849,2025-06-03T12:40:30.657Z,schafer1@gondtc.com,newsletter,everyone,true
