post_id,timestamp,email,post_type,post_audience,active_subscription,country,city,region,device_type,client_os,client_type,user_agent
165401397,2025-06-07T10:37:48.596Z,Blairsmith0505@gmail.com,newsletter,everyone,false,US,,,,,,Mozilla/5.0 (Windows NT 5.1; rv:11.0) Gecko Firefox/11.0 (via ggpht.com GoogleImageProxy)
165401397,2025-06-07T10:38:03.210Z,amys51576@gmail.com,newsletter,everyone,true,US,,,,,,Mozilla/5.0 (Windows NT 5.1; rv:11.0) Gecko Firefox/11.0 (via ggpht.com GoogleImageProxy)
165401397,2025-06-07T10:44:39.517Z,dagnaconstenla@yahoo.com,newsletter,everyone,true,US,,,,,,Mozilla/5.0
165401397,2025-06-07T10:46:49.301Z,erintherapy@gmail.com,newsletter,everyone,true,NL,,,,,,Mozilla/5.0
165401397,2025-06-07T10:53:10.443Z,paraffin44052@yahoo.com,newsletter,everyone,true,US,,,,,,Mozilla/5.0
165401397,2025-06-07T10:58:10.005Z,erintherapy@gmail.com,newsletter,everyone,true,US,,,,,,Mozilla/5.0
165401397,2025-06-07T11:04:37.602Z,erintherapy@gmail.com,newsletter,everyone,true,US,,,,,,Mozilla/5.0
165401397,2025-06-07T11:23:09.248Z,dagnaconstenla@yahoo.com,newsletter,everyone,true,US,,,,,,Mozilla/5.0
165401397,2025-06-07T11:24:46.533Z,rencehog@icloud.com,newsletter,everyone,true,US,,,,,,Mozilla/5.0
165401397,2025-06-07T11:36:04.173Z,ep4evr1@yahoo.com,newsletter,everyone,true,US,,,,,,Mozilla/5.0
165401397,2025-06-07T12:08:50.819Z,dagnaconstenla@yahoo.com,newsletter,everyone,true,US,,,,,,Mozilla/5.0
165401397,2025-06-07T13:05:53.126Z,kmcaleer@msn.com,newsletter,everyone,true,NL,,,,,,Mozilla/5.0
165401397,2025-06-07T13:39:00.818Z,kimmyintheworld@gmail.com,newsletter,everyone,true,US,,,,,,Mozilla/5.0
165401397,2025-06-07T13:53:41.328Z,Blairsmith0505@gmail.com,newsletter,everyone,false,US,,,,,,Mozilla/5.0 (Windows NT 5.1; rv:11.0) Gecko Firefox/11.0 (via ggpht.com GoogleImageProxy)
165401397,2025-06-07T14:00:39.717Z,prahamama911@gmail.com,newsletter,everyone,true,US,,,,,,"Mozilla/5.0 (Macintosh; Intel Mac OS X 10_15_7) AppleWebKit/605.1.15 (KHTML, like Gecko)"
165401397,2025-06-07T14:32:24.240Z,joannehilden@yahoo.com,newsletter,everyone,true,NL,,,,,,Mozilla/5.0
165401397,2025-06-08T01:28:50.725Z,mrkimnmobile@gmail.com,newsletter,everyone,true,US,,,,,,Mozilla/5.0 (Windows NT 5.1; rv:11.0) Gecko Firefox/11.0 (via ggpht.com GoogleImageProxy)
165401397,2025-06-08T15:28:34.962Z,dagnaconstenla@yahoo.com,newsletter,everyone,true,US,,,,,,Mozilla/5.0
165401397,2025-06-08T19:24:12.736Z,noche1alpha@gmail.com,newsletter,everyone,false,US,,,,,,Mozilla/5.0 (Windows NT 5.1; rv:11.0) Gecko Firefox/11.0 (via ggpht.com GoogleImageProxy)
165401397,2025-06-09T03:23:41.530Z,mrkimnmobile@gmail.com,newsletter,everyone,true,US,,,,,,Mozilla/5.0 (Windows NT 5.1; rv:11.0) Gecko Firefox/11.0 (via ggpht.com GoogleImageProxy)
