post_id,timestamp,email,post_type,post_audience,active_subscription
165401397,2025-06-07T10:37:08.953Z,noche1alpha@gmail.com,newsletter,everyone,false
165401397,2025-06-07T10:37:09.385Z,Blairsmith0505@gmail.com,newsletter,everyone,false
165401397,2025-06-07T10:37:09.693Z,erintherapy@gmail.com,newsletter,everyone,true
165401397,2025-06-07T10:37:09.869Z,noratomlinson@gmail.com,newsletter,everyone,true
165401397,2025-06-07T10:37:09.872Z,martinlarcan60@gmail.com,newsletter,everyone,true
165401397,2025-06-07T10:37:10.244Z,prahamama911@gmail.com,newsletter,everyone,true
165401397,2025-06-07T10:37:10.515Z,dagnaconstenla@yahoo.com,newsletter,everyone,true
165401397,2025-06-07T10:37:11.457Z,joe.simari@softchoice.com,newsletter,everyone,true
165401397,2025-06-07T10:37:11.535Z,paraffin44052@yahoo.com,newsletter,everyone,true
165401397,2025-06-07T10:37:11.548Z,loraross@hotmail.com,newsletter,everyone,true
165401397,2025-06-07T10:37:11.677Z,joannehilden@yahoo.com,newsletter,everyone,true
165401397,2025-06-07T10:37:11.831Z,geigenbrod@gmail.com,newsletter,everyone,true
165401397,2025-06-07T10:37:11.861Z,ashleympollock@gmail.com,newsletter,everyone,true
165401397,2025-06-07T10:37:11.951Z,amys51576@gmail.com,newsletter,everyone,true
165401397,2025-06-07T10:37:12.009Z,mcfvpk@gmail.com,newsletter,everyone,true
165401397,2025-06-07T10:37:12.135Z,jekerr2@gmail.com,newsletter,everyone,true
165401397,2025-06-07T10:37:12.140Z,ep4evr1@yahoo.com,newsletter,everyone,true
165401397,2025-06-07T10:37:12.231Z,mrkimnmobile@gmail.com,newsletter,everyone,true
165401397,2025-06-07T10:37:12.547Z,kimmyintheworld@gmail.com,newsletter,everyone,true
165401397,2025-06-07T10:37:13.014Z,MABOYERCPA@aol.com,newsletter,everyone,true
165401397,2025-06-07T10:37:13.204Z,maichrye@hotmail.com,newsletter,everyone,true
165401397,2025-06-07T10:37:13.254Z,rencehog@icloud.com,newsletter,everyone,true
165401397,2025-06-07T10:37:13.339Z,g_moore@live.com,newsletter,everyone,true
165401397,2025-06-07T10:37:13.919Z,tsoch@me.com,newsletter,everyone,true
165401397,2025-06-07T10:37:14.223Z,kmcaleer@msn.com,newsletter,everyone,true
165401397,2025-06-07T10:37:17.986Z,schafer1@gondtc.com,newsletter,everyone,true
165401397,2025-06-07T10:37:19.456Z,11_orrery_lime@icloud.com,newsletter,everyone,true
