post_id,timestamp,email,post_type,post_audience,active_subscription,country,city,region,device_type,client_os,client_type,user_agent
165535715,2025-06-09T11:49:42.700Z,amys51576@gmail.com,newsletter,everyone,true,US,,,,,,Mozilla/5.0 (Windows NT 5.1; rv:11.0) Gecko Firefox/11.0 (via ggpht.com GoogleImageProxy)
165535715,2025-06-09T11:51:59.614Z,prahamama911@gmail.com,newsletter,everyone,true,US,,,,,,Mozilla/5.0 (Windows NT 5.1; rv:11.0) Gecko Firefox/11.0 (via ggpht.com GoogleImageProxy)
165535715,2025-06-09T11:53:28.146Z,Blairsmith0505@gmail.com,newsletter,everyone,false,US,,,,,,Mozilla/5.0 (Windows NT 5.1; rv:11.0) Gecko Firefox/11.0 (via ggpht.com GoogleImageProxy)
165535715,2025-06-09T12:01:02.492Z,dagnaconstenla@yahoo.com,newsletter,everyone,true,US,,,,,,Mozilla/5.0
165535715,2025-06-09T12:05:13.238Z,dagnaconstenla@yahoo.com,newsletter,everyone,true,US,,,,,,Mozilla/5.0
165535715,2025-06-09T12:12:41.142Z,erintherapy@gmail.com,newsletter,everyone,true,US,,,,,,Mozilla/5.0
165535715,2025-06-09T12:23:46.525Z,kimmyintheworld@gmail.com,newsletter,everyone,true,CA,,,,,,Mozilla/5.0
165535715,2025-06-09T13:45:48.916Z,rencehog@icloud.com,newsletter,everyone,true,NL,,,,,,Mozilla/5.0
165535715,2025-06-09T15:05:41.131Z,mrkimnmobile@gmail.com,newsletter,everyone,true,US,,,,,,Mozilla/5.0 (Windows NT 5.1; rv:11.0) Gecko Firefox/11.0 (via ggpht.com GoogleImageProxy)
165535715,2025-06-09T15:28:03.928Z,erintherapy@gmail.com,newsletter,everyone,true,NL,,,,,,Mozilla/5.0
165535715,2025-06-09T17:01:00.494Z,dagnaconstenla@yahoo.com,newsletter,everyone,true,US,,,,,,Mozilla/5.0
165535715,2025-06-09T18:39:28.319Z,Blairsmith0505@gmail.com,newsletter,everyone,false,US,,,,,,Mozilla/5.0 (Windows NT 5.1; rv:11.0) Gecko Firefox/11.0 (via ggpht.com GoogleImageProxy)
165535715,2025-06-09T19:35:33.380Z,prahamama911@gmail.com,newsletter,everyone,true,US,,,,,,"Mozilla/5.0 (Macintosh; Intel Mac OS X 10_15_7) AppleWebKit/605.1.15 (KHTML, like Gecko)"
165535715,2025-06-09T19:58:30.148Z,erintherapy@gmail.com,newsletter,everyone,true,NL,,,,,,Mozilla/5.0
165535715,2025-06-09T21:30:38.195Z,mrkimnmobile@gmail.com,newsletter,everyone,true,US,,,,,,Mozilla/5.0 (Windows NT 5.1; rv:11.0) Gecko Firefox/11.0 (via ggpht.com GoogleImageProxy)
165535715,2025-06-10T16:39:35.329Z,mrkimnmobile@gmail.com,newsletter,everyone,true,US,,,,,,Mozilla/5.0 (Windows NT 5.1; rv:11.0) Gecko Firefox/11.0 (via ggpht.com GoogleImageProxy)
165535715,2025-06-10T16:40:04.560Z,mrkimnmobile@gmail.com,newsletter,everyone,true,US,,,,,,Mozilla/5.0 (Windows NT 5.1; rv:11.0) Gecko Firefox/11.0 (via ggpht.com GoogleImageProxy)
165535715,2025-06-10T23:33:52.770Z,g_moore@live.com,newsletter,everyone,true,US,,,,,,"Mozilla/5.0 (Linux; Android 11; moto g power (2021) Build/RZBS31.Q2-143-27-25; wv) AppleWebKit/537.36 (KHTML, like Gecko) Version/4.0 Chrome/136.0.7103.127 Mobile Safari/537.36"
165535715,2025-06-30T14:23:36.197Z,mrkimnmobile@gmail.com,newsletter,everyone,true,US,,,,,,Mozilla/5.0 (Windows NT 5.1; rv:11.0) Gecko Firefox/11.0 (via ggpht.com GoogleImageProxy)
