post_id,timestamp,email,post_type,post_audience,active_subscription
165535715,2025-06-09T11:49:24.513Z,noratomlinson@gmail.com,newsletter,everyone,true
165535715,2025-06-09T11:49:24.895Z,noche1alpha@gmail.com,newsletter,everyone,false
165535715,2025-06-09T11:49:25.018Z,erintherapy@gmail.com,newsletter,everyone,true
165535715,2025-06-09T11:49:25.029Z,Blairsmith0505@gmail.com,newsletter,everyone,false
165535715,2025-06-09T11:49:25.061Z,dagnaconstenla@yahoo.com,newsletter,everyone,true
165535715,2025-06-09T11:49:25.077Z,martinlarcan60@gmail.com,newsletter,everyone,true
165535715,2025-06-09T11:49:25.502Z,joannehilden@yahoo.com,newsletter,everyone,true
165535715,2025-06-09T11:49:25.791Z,prahamama911@gmail.com,newsletter,everyone,true
165535715,2025-06-09T11:49:26.013Z,kmcaleer@msn.com,newsletter,everyone,true
165535715,2025-06-09T11:49:26.016Z,joe.simari@softchoice.com,newsletter,everyone,true
165535715,2025-06-09T11:49:26.097Z,paraffin44052@yahoo.com,newsletter,everyone,true
165535715,2025-06-09T11:49:26.320Z,ashleympollock@gmail.com,newsletter,everyone,true
165535715,2025-06-09T11:49:26.323Z,jekerr2@gmail.com,newsletter,everyone,true
165535715,2025-06-09T11:49:26.400Z,mrkimnmobile@gmail.com,newsletter,everyone,true
165535715,2025-06-09T11:49:26.584Z,amys51576@gmail.com,newsletter,everyone,true
165535715,2025-06-09T11:49:26.612Z,loraross@hotmail.com,newsletter,everyone,true
165535715,2025-06-09T11:49:26.688Z,maichrye@hotmail.com,newsletter,everyone,true
165535715,2025-06-09T11:49:27.007Z,geigenbrod@gmail.com,newsletter,everyone,true
165535715,2025-06-09T11:49:27.195Z,mcfvpk@gmail.com,newsletter,everyone,true
165535715,2025-06-09T11:49:27.532Z,ep4evr1@yahoo.com,newsletter,everyone,true
165535715,2025-06-09T11:49:27.852Z,g_moore@live.com,newsletter,everyone,true
165535715,2025-06-09T11:49:27.887Z,kimmyintheworld@gmail.com,newsletter,everyone,true
165535715,2025-06-09T11:49:27.934Z,MABOYERCPA@aol.com,newsletter,everyone,true
165535715,2025-06-09T11:49:29.230Z,tsoch@me.com,newsletter,everyone,true
165535715,2025-06-09T11:49:29.698Z,rencehog@icloud.com,newsletter,everyone,true
165535715,2025-06-09T11:49:31.836Z,11_orrery_lime@icloud.com,newsletter,everyone,true
165535715,2025-06-09T11:49:32.947Z,schafer1@gondtc.com,newsletter,everyone,true
