post_id,timestamp,email,post_type,post_audience,active_subscription
165848011,2025-06-13T08:01:30.746Z,noche1alpha@gmail.com,newsletter,everyone,false
165848011,2025-06-13T08:01:30.989Z,Blairsmith0505@gmail.com,newsletter,everyone,false
165848011,2025-06-13T08:01:31.692Z,noratomlinson@gmail.com,newsletter,everyone,true
165848011,2025-06-13T08:01:32.335Z,dagnaconstenla@yahoo.com,newsletter,everyone,true
165848011,2025-06-13T08:01:32.476Z,prahamama911@gmail.com,newsletter,everyone,true
165848011,2025-06-13T08:01:33.207Z,erintherapy@gmail.com,newsletter,everyone,true
165848011,2025-06-13T08:01:33.213Z,martinlarcan60@gmail.com,newsletter,everyone,true
165848011,2025-06-13T08:01:33.283Z,MABOYERCPA@aol.com,newsletter,everyone,true
165848011,2025-06-13T08:01:33.356Z,mrkimnmobile@gmail.com,newsletter,everyone,true
165848011,2025-06-13T08:01:33.369Z,jekerr2@gmail.com,newsletter,everyone,true
165848011,2025-06-13T08:01:33.398Z,geigenbrod@gmail.com,newsletter,everyone,true
165848011,2025-06-13T08:01:33.467Z,mcfvpk@gmail.com,newsletter,everyone,true
165848011,2025-06-13T08:01:33.491Z,amys51576@gmail.com,newsletter,everyone,true
165848011,2025-06-13T08:01:33.529Z,g_moore@live.com,newsletter,everyone,true
165848011,2025-06-13T08:01:33.639Z,ep4evr1@yahoo.com,newsletter,everyone,true
165848011,2025-06-13T08:01:33.660Z,maichrye@hotmail.com,newsletter,everyone,true
165848011,2025-06-13T08:01:33.806Z,loraross@hotmail.com,newsletter,everyone,true
165848011,2025-06-13T08:01:34.144Z,kimmyintheworld@gmail.com,newsletter,everyone,true
165848011,2025-06-13T08:01:34.146Z,kmcaleer@msn.com,newsletter,everyone,true
165848011,2025-06-13T08:01:34.181Z,joe.simari@softchoice.com,newsletter,everyone,true
165848011,2025-06-13T08:01:34.225Z,joannehilden@yahoo.com,newsletter,everyone,true
165848011,2025-06-13T08:01:34.446Z,paraffin44052@yahoo.com,newsletter,everyone,true
165848011,2025-06-13T08:01:34.527Z,tsoch@me.com,newsletter,everyone,true
165848011,2025-06-13T08:01:34.822Z,ashleympollock@gmail.com,newsletter,everyone,true
165848011,2025-06-13T08:01:37.236Z,rencehog@icloud.com,newsletter,everyone,true
165848011,2025-06-13T08:01:38.367Z,11_orrery_lime@icloud.com,newsletter,everyone,true
165848011,2025-06-13T08:01:39.732Z,schafer1@gondtc.com,newsletter,everyone,true
