post_id,timestamp,email,post_type,post_audience,active_subscription
166104257,2025-06-16T21:03:00.229Z,noche1alpha@gmail.com,newsletter,everyone,false
166104257,2025-06-16T21:03:03.834Z,Blairsmith0505@gmail.com,newsletter,everyone,false
166104257,2025-06-16T21:03:05.674Z,noratomlinson@gmail.com,newsletter,everyone,true
166104257,2025-06-16T21:03:06.142Z,martinlarcan60@gmail.com,newsletter,everyone,true
166104257,2025-06-16T21:03:06.403Z,dagnaconstenla@yahoo.com,newsletter,everyone,true
166104257,2025-06-16T21:03:06.530Z,erintherapy@gmail.com,newsletter,everyone,true
166104257,2025-06-16T21:03:07.382Z,prahamama911@gmail.com,newsletter,everyone,true
166104257,2025-06-16T21:03:08.823Z,joannehilden@yahoo.com,newsletter,everyone,true
166104257,2025-06-16T21:03:10.117Z,tsoch@me.com,newsletter,everyone,true
166104257,2025-06-16T21:03:10.141Z,loraross@hotmail.com,newsletter,everyone,true
166104257,2025-06-16T21:03:10.543Z,paraffin44052@yahoo.com,newsletter,everyone,true
166104257,2025-06-16T21:03:11.749Z,jekerr2@gmail.com,newsletter,everyone,true
166104257,2025-06-16T21:03:11.869Z,mcfvpk@gmail.com,newsletter,everyone,true
166104257,2025-06-16T21:03:11.939Z,maichrye@hotmail.com,newsletter,everyone,true
166104257,2025-06-16T21:03:11.991Z,geigenbrod@gmail.com,newsletter,everyone,true
166104257,2025-06-16T21:03:12.043Z,kimmyintheworld@gmail.com,newsletter,everyone,true
166104257,2025-06-16T21:03:12.097Z,ashleympollock@gmail.com,newsletter,everyone,true
166104257,2025-06-16T21:03:12.177Z,joe.simari@softchoice.com,newsletter,everyone,true
166104257,2025-06-16T21:03:12.286Z,kmcaleer@msn.com,newsletter,everyone,true
166104257,2025-06-16T21:03:12.312Z,mrkimnmobile@gmail.com,newsletter,everyone,true
166104257,2025-06-16T21:03:12.536Z,amys51576@gmail.com,newsletter,everyone,true
166104257,2025-06-16T21:03:12.836Z,ep4evr1@yahoo.com,newsletter,everyone,true
166104257,2025-06-16T21:03:13.864Z,rencehog@icloud.com,newsletter,everyone,true
166104257,2025-06-16T21:03:14.389Z,g_moore@live.com,newsletter,everyone,true
166104257,2025-06-16T21:03:14.974Z,MABOYERCPA@aol.com,newsletter,everyone,true
166104257,2025-06-16T21:03:16.520Z,11_orrery_lime@icloud.com,newsletter,everyone,true
166104257,2025-06-16T21:03:18.743Z,schafer1@gondtc.com,newsletter,everyone,true
