post_id,timestamp,email,post_type,post_audience,active_subscription,country,city,region,device_type,client_os,client_type,user_agent
166104257,2025-06-16T21:04:00.393Z,joe.simari@softchoice.com,newsletter,everyone,true,US,,,,,,"Mozilla/5.0 (Windows NT 10.0; Win64; x64) AppleWebKit/537.36 (KHTML, like Gecko) Chrome/109.0.0.0 Safari/537.36"
166104257,2025-06-16T21:36:34.922Z,kimmyintheworld@gmail.com,newsletter,everyone,true,CA,,,,,,Mozilla/5.0
166104257,2025-06-16T21:50:36.684Z,ep4evr1@yahoo.com,newsletter,everyone,true,NL,,,,,,Mozilla/5.0
166104257,2025-06-16T22:40:33.666Z,prahamama911@gmail.com,newsletter,everyone,true,US,,,,,,"Mozilla/5.0 (Macintosh; Intel Mac OS X 10_15_7) AppleWebKit/605.1.15 (KHTML, like Gecko)"
166104257,2025-06-16T23:23:33.530Z,noche1alpha@gmail.com,newsletter,everyone,false,US,,,,,,Mozilla/5.0 (Windows NT 5.1; rv:11.0) Gecko Firefox/11.0 (via ggpht.com GoogleImageProxy)
166104257,2025-06-17T00:15:49.317Z,erintherapy@gmail.com,newsletter,everyone,true,US,,,,,,Mozilla/5.0
166104257,2025-06-17T01:34:58.646Z,ep4evr1@yahoo.com,newsletter,everyone,true,US,,,,,,Mozilla/5.0
166104257,2025-06-17T09:26:33.363Z,rencehog@icloud.com,newsletter,everyone,true,US,,,,,,Mozilla/5.0
166104257,2025-06-17T11:43:01.448Z,erintherapy@gmail.com,newsletter,everyone,true,US,,,,,,Mozilla/5.0
166104257,2025-06-17T18:53:34.528Z,erintherapy@gmail.com,newsletter,everyone,true,US,,,,,,Mozilla/5.0
166104257,2025-06-18T19:41:58.581Z,mrkimnmobile@gmail.com,newsletter,everyone,true,US,,,,,,Mozilla/5.0 (Windows NT 5.1; rv:11.0) Gecko Firefox/11.0 (via ggpht.com GoogleImageProxy)
166104257,2025-06-18T19:42:14.101Z,mrkimnmobile@gmail.com,newsletter,everyone,true,US,,,,,,Mozilla/5.0 (Windows NT 5.1; rv:11.0) Gecko Firefox/11.0 (via ggpht.com GoogleImageProxy)
166104257,2025-06-29T17:19:18.236Z,mcfvpk@gmail.com,newsletter,everyone,true,US,,,,,,Mozilla/5.0
166104257,2025-06-30T14:23:21.278Z,mrkimnmobile@gmail.com,newsletter,everyone,true,US,,,,,,Mozilla/5.0 (Windows NT 5.1; rv:11.0) Gecko Firefox/11.0 (via ggpht.com GoogleImageProxy)
