post_id,timestamp,email,post_type,post_audience,active_subscription
166277392,2025-06-18T21:17:36.498Z,noche1alpha@gmail.com,newsletter,everyone,false
166277392,2025-06-18T21:17:37.083Z,Blairsmith0505@gmail.com,newsletter,everyone,false
166277392,2025-06-18T21:17:37.116Z,noratomlinson@gmail.com,newsletter,everyone,true
166277392,2025-06-18T21:17:37.350Z,prahamama911@gmail.com,newsletter,everyone,true
166277392,2025-06-18T21:17:37.645Z,erintherapy@gmail.com,newsletter,everyone,true
166277392,2025-06-18T21:17:37.714Z,martinlarcan60@gmail.com,newsletter,everyone,true
166277392,2025-06-18T21:17:38.220Z,dagnaconstenla@yahoo.com,newsletter,everyone,true
166277392,2025-06-18T21:17:38.363Z,jekerr2@gmail.com,newsletter,everyone,true
166277392,2025-06-18T21:17:38.417Z,amys51576@gmail.com,newsletter,everyone,true
166277392,2025-06-18T21:17:38.490Z,mrkimnmobile@gmail.com,newsletter,everyone,true
166277392,2025-06-18T21:17:38.515Z,mcfvpk@gmail.com,newsletter,everyone,true
166277392,2025-06-18T21:17:38.543Z,geigenbrod@gmail.com,newsletter,everyone,true
166277392,2025-06-18T21:17:38.611Z,joe.simari@softchoice.com,newsletter,everyone,true
166277392,2025-06-18T21:17:38.680Z,kimmyintheworld@gmail.com,newsletter,everyone,true
166277392,2025-06-18T21:17:38.700Z,loraross@hotmail.com,newsletter,everyone,true
166277392,2025-06-18T21:17:38.701Z,ep4evr1@yahoo.com,newsletter,everyone,true
166277392,2025-06-18T21:17:38.812Z,maichrye@hotmail.com,newsletter,everyone,true
166277392,2025-06-18T21:17:38.873Z,MABOYERCPA@aol.com,newsletter,everyone,true
166277392,2025-06-18T21:17:39.029Z,paraffin44052@yahoo.com,newsletter,everyone,true
166277392,2025-06-18T21:17:39.105Z,ashleympollock@gmail.com,newsletter,everyone,true
166277392,2025-06-18T21:17:39.322Z,joannehilden@yahoo.com,newsletter,everyone,true
166277392,2025-06-18T21:17:39.418Z,g_moore@live.com,newsletter,everyone,true
166277392,2025-06-18T21:17:39.984Z,kmcaleer@msn.com,newsletter,everyone,true
166277392,2025-06-18T21:17:40.215Z,rencehog@icloud.com,newsletter,everyone,true
166277392,2025-06-18T21:17:40.512Z,tsoch@me.com,newsletter,everyone,true
166277392,2025-06-18T21:17:41.075Z,11_orrery_lime@icloud.com,newsletter,everyone,true
166277392,2025-06-18T21:17:44.872Z,schafer1@gondtc.com,newsletter,everyone,true
