post_id,timestamp,email,post_type,post_audience,active_subscription,country,city,region,device_type,client_os,client_type,user_agent
166277392,2025-06-18T21:20:15.597Z,dagnaconstenla@yahoo.com,newsletter,everyone,true,US,,,,,,Mozilla/5.0
166277392,2025-06-18T21:21:17.800Z,erintherapy@gmail.com,newsletter,everyone,true,US,,,,,,Mozilla/5.0
166277392,2025-06-18T21:47:04.393Z,erintherapy@gmail.com,newsletter,everyone,true,US,,,,,,"Mozilla/5.0 (iPhone; CPU iPhone OS 11_5 like Mac OS X) AppleWebKit/605.1.15 (KHTML, like Gecko) Mobile/15E148"
166277392,2025-06-18T21:51:14.329Z,kimmyintheworld@gmail.com,newsletter,everyone,true,CA,,,,,,Mozilla/5.0
166277392,2025-06-19T01:02:28.872Z,ep4evr1@yahoo.com,newsletter,everyone,true,US,,,,,,Mozilla/5.0
166277392,2025-06-19T02:45:47.355Z,prahamama911@gmail.com,newsletter,everyone,true,US,,,,,,"Mozilla/5.0 (Macintosh; Intel Mac OS X 10_15_7) AppleWebKit/605.1.15 (KHTML, like Gecko)"
166277392,2025-06-19T02:51:47.537Z,ep4evr1@yahoo.com,newsletter,everyone,true,US,,,,,,Mozilla/5.0
166277392,2025-06-19T02:52:26.336Z,prahamama911@gmail.com,newsletter,everyone,true,US,,,,,,"Mozilla/5.0 (Macintosh; Intel Mac OS X 10_15_7) AppleWebKit/605.1.15 (KHTML, like Gecko)"
166277392,2025-06-19T02:52:56.200Z,prahamama911@gmail.com,newsletter,everyone,true,US,,,,,,"Mozilla/5.0 (Macintosh; Intel Mac OS X 10_15_7) AppleWebKit/605.1.15 (KHTML, like Gecko)"
166277392,2025-06-19T02:53:33.883Z,prahamama911@gmail.com,newsletter,everyone,true,US,,,,,,"Mozilla/5.0 (Macintosh; Intel Mac OS X 10_15_7) AppleWebKit/605.1.15 (KHTML, like Gecko)"
166277392,2025-06-19T03:25:07.194Z,rencehog@icloud.com,newsletter,everyone,true,US,,,,,,Mozilla/5.0
166277392,2025-06-19T03:47:04.128Z,dagnaconstenla@yahoo.com,newsletter,everyone,true,US,,,,,,Mozilla/5.0
166277392,2025-06-19T04:44:50.036Z,11_orrery_lime@icloud.com,newsletter,everyone,true,US,,,,,,Mozilla/5.0
166277392,2025-06-19T07:42:57.713Z,erintherapy@gmail.com,newsletter,everyone,true,US,,,,,,Mozilla/5.0
166277392,2025-06-19T11:21:21.908Z,mrkimnmobile@gmail.com,newsletter,everyone,true,US,,,,,,Mozilla/5.0 (Windows NT 5.1; rv:11.0) Gecko Firefox/11.0 (via ggpht.com GoogleImageProxy)
166277392,2025-06-19T11:21:41.233Z,mrkimnmobile@gmail.com,newsletter,everyone,true,US,,,,,,Mozilla/5.0 (Windows NT 5.1; rv:11.0) Gecko Firefox/11.0 (via ggpht.com GoogleImageProxy)
166277392,2025-06-19T11:22:49.834Z,mrkimnmobile@gmail.com,newsletter,everyone,true,US,,,,,,Mozilla/5.0 (Windows NT 5.1; rv:11.0) Gecko Firefox/11.0 (via ggpht.com GoogleImageProxy)
166277392,2025-06-19T13:32:16.255Z,erintherapy@gmail.com,newsletter,everyone,true,US,,,,,,Mozilla/5.0
166277392,2025-06-19T21:44:01.915Z,mrkimnmobile@gmail.com,newsletter,everyone,true,US,,,,,,Mozilla/5.0 (Windows NT 5.1; rv:11.0) Gecko Firefox/11.0 (via ggpht.com GoogleImageProxy)
166277392,2025-06-20T12:23:25.176Z,mrkimnmobile@gmail.com,newsletter,everyone,true,US,,,,,,Mozilla/5.0 (Windows NT 5.1; rv:11.0) Gecko Firefox/11.0 (via ggpht.com GoogleImageProxy)
166277392,2025-06-30T14:23:16.069Z,mrkimnmobile@gmail.com,newsletter,everyone,true,US,,,,,,Mozilla/5.0 (Windows NT 5.1; rv:11.0) Gecko Firefox/11.0 (via ggpht.com GoogleImageProxy)
