post_id,timestamp,email,post_type,post_audience,active_subscription
166394368,2025-06-20T13:12:06.483Z,noratomlinson@gmail.com,newsletter,everyone,true
166394368,2025-06-20T13:12:06.600Z,erintherapy@gmail.com,newsletter,everyone,true
166394368,2025-06-20T13:12:06.621Z,martinlarcan60@gmail.com,newsletter,everyone,true
166394368,2025-06-20T13:12:06.690Z,tfcraig1946@gmail.com,newsletter,everyone,true
166394368,2025-06-20T13:12:06.766Z,joannehilden@yahoo.com,newsletter,everyone,true
166394368,2025-06-20T13:12:06.841Z,dagnaconstenla@yahoo.com,newsletter,everyone,true
166394368,2025-06-20T13:12:06.868Z,noche1alpha@gmail.com,newsletter,everyone,false
166394368,2025-06-20T13:12:06.926Z,loraross@hotmail.com,newsletter,everyone,true
166394368,2025-06-20T13:12:07.213Z,joe.simari@softchoice.com,newsletter,everyone,true
166394368,2025-06-20T13:12:07.235Z,paraffin44052@yahoo.com,newsletter,everyone,true
166394368,2025-06-20T13:12:07.291Z,ashleympollock@gmail.com,newsletter,everyone,true
166394368,2025-06-20T13:12:07.292Z,jekerr2@gmail.com,newsletter,everyone,true
166394368,2025-06-20T13:12:07.392Z,geigenbrod@gmail.com,newsletter,everyone,true
166394368,2025-06-20T13:12:07.398Z,g_moore@live.com,newsletter,everyone,true
166394368,2025-06-20T13:12:07.597Z,kimmyintheworld@gmail.com,newsletter,everyone,true
166394368,2025-06-20T13:12:07.635Z,bethtab55@yahoo.com,newsletter,everyone,true
166394368,2025-06-20T13:12:07.694Z,amys51576@gmail.com,newsletter,everyone,true
166394368,2025-06-20T13:12:07.696Z,tsoch@me.com,newsletter,everyone,true
166394368,2025-06-20T13:12:07.702Z,mrkimnmobile@gmail.com,newsletter,everyone,true
166394368,2025-06-20T13:12:07.838Z,prahamama911@gmail.com,newsletter,everyone,true
166394368,2025-06-20T13:12:07.843Z,MABOYERCPA@aol.com,newsletter,everyone,true
166394368,2025-06-20T13:12:08.028Z,Blairsmith0505@gmail.com,newsletter,everyone,false
166394368,2025-06-20T13:12:08.124Z,kmcaleer@msn.com,newsletter,everyone,true
166394368,2025-06-20T13:12:08.146Z,ep4evr1@yahoo.com,newsletter,everyone,true
166394368,2025-06-20T13:12:08.383Z,mcfvpk@gmail.com,newsletter,everyone,true
166394368,2025-06-20T13:12:08.433Z,maichrye@hotmail.com,newsletter,everyone,true
166394368,2025-06-20T13:12:10.427Z,11_orrery_lime@icloud.com,newsletter,everyone,true
166394368,2025-06-20T13:12:11.299Z,rencehog@icloud.com,newsletter,everyone,true
166394368,2025-06-20T13:12:13.666Z,schafer1@gondtc.com,newsletter,everyone,true
