post_id,timestamp,email,post_type,post_audience,active_subscription,country,city,region,device_type,client_os,client_type,user_agent
166394368,2025-06-20T13:12:31.195Z,Blairsmith0505@gmail.com,newsletter,everyone,false,US,,,,,,Mozilla/5.0 (Windows NT 5.1; rv:11.0) Gecko Firefox/11.0 (via ggpht.com GoogleImageProxy)
166394368,2025-06-20T13:12:52.197Z,dagnaconstenla@yahoo.com,newsletter,everyone,true,US,,,,,,YahooMailProxy; https://help.yahoo.com/kb/yahoo-mail-proxy-SLN28749.html
166394368,2025-06-20T13:13:07.824Z,dagnaconstenla@yahoo.com,newsletter,everyone,true,US,,,,,,YahooMailProxy; https://help.yahoo.com/kb/yahoo-mail-proxy-SLN28749.html
166394368,2025-06-20T13:14:49.152Z,dagnaconstenla@yahoo.com,newsletter,everyone,true,US,,,,,,Mozilla/5.0
166394368,2025-06-20T13:20:20.291Z,erintherapy@gmail.com,newsletter,everyone,true,US,,,,,,Mozilla/5.0
166394368,2025-06-20T13:28:20.436Z,ep4evr1@yahoo.com,newsletter,everyone,true,US,,,,,,Mozilla/5.0
166394368,2025-06-20T13:35:19.077Z,dagnaconstenla@yahoo.com,newsletter,everyone,true,US,,,,,,Mozilla/5.0
166394368,2025-06-20T13:35:58.757Z,kimmyintheworld@gmail.com,newsletter,everyone,true,CA,,,,,,Mozilla/5.0
166394368,2025-06-20T13:54:33.808Z,paraffin44052@yahoo.com,newsletter,everyone,true,NL,,,,,,Mozilla/5.0
166394368,2025-06-20T14:03:59.932Z,tfcraig1946@gmail.com,newsletter,everyone,true,US,,,,,,Mozilla/5.0
166394368,2025-06-20T14:21:57.696Z,erintherapy@gmail.com,newsletter,everyone,true,US,,,,,,Mozilla/5.0
166394368,2025-06-20T15:41:33.615Z,mrkimnmobile@gmail.com,newsletter,everyone,true,US,,,,,,Mozilla/5.0 (Windows NT 5.1; rv:11.0) Gecko Firefox/11.0 (via ggpht.com GoogleImageProxy)
166394368,2025-06-20T17:37:19.260Z,tfcraig1946@gmail.com,newsletter,everyone,true,US,,,,,,Mozilla/5.0
166394368,2025-06-20T20:40:38.418Z,paraffin44052@yahoo.com,newsletter,everyone,true,US,,,,,,Mozilla/5.0
166394368,2025-06-20T22:29:12.911Z,prahamama911@gmail.com,newsletter,everyone,true,US,,,,,,"Mozilla/5.0 (Macintosh; Intel Mac OS X 10_15_7) AppleWebKit/605.1.15 (KHTML, like Gecko)"
166394368,2025-06-21T20:56:39.057Z,rencehog@icloud.com,newsletter,everyone,true,US,,,,,,Mozilla/5.0
166394368,2025-06-22T15:14:22.007Z,mrkimnmobile@gmail.com,newsletter,everyone,true,US,,,,,,Mozilla/5.0 (Windows NT 5.1; rv:11.0) Gecko Firefox/11.0 (via ggpht.com GoogleImageProxy)
166394368,2025-06-22T21:00:19.915Z,tfcraig1946@gmail.com,newsletter,everyone,true,US,,,,,,Mozilla/5.0
166394368,2025-06-24T00:20:39.875Z,tfcraig1946@gmail.com,newsletter,everyone,true,NL,,,,,,Mozilla/5.0
166394368,2025-06-28T12:48:18.246Z,erintherapy@gmail.com,newsletter,everyone,true,US,,,,,,Mozilla/5.0
166394368,2025-06-30T06:39:23.950Z,prahamama911@gmail.com,newsletter,everyone,true,US,,,,,,"Mozilla/5.0 (Macintosh; Intel Mac OS X 10_15_7) AppleWebKit/605.1.15 (KHTML, like Gecko)"
166394368,2025-06-30T14:22:57.788Z,mrkimnmobile@gmail.com,newsletter,everyone,true,US,,,,,,Mozilla/5.0 (Windows NT 5.1; rv:11.0) Gecko Firefox/11.0 (via ggpht.com GoogleImageProxy)
166394368,2025-06-30T14:23:16.818Z,mrkimnmobile@gmail.com,newsletter,everyone,true,US,,,,,,Mozilla/5.0 (Windows NT 5.1; rv:11.0) Gecko Firefox/11.0 (via ggpht.com GoogleImageProxy)
166394368,2025-07-01T11:25:59.001Z,mrkimnmobile@gmail.com,newsletter,everyone,true,US,,,,,,Mozilla/5.0 (Windows NT 5.1; rv:11.0) Gecko Firefox/11.0 (via ggpht.com GoogleImageProxy)
