post_id,timestamp,email,post_type,post_audience,active_subscription
166712743,2025-06-24T10:32:51.217Z,noche1alpha@gmail.com,newsletter,everyone,false
166712743,2025-06-24T10:32:51.990Z,noratomlinson@gmail.com,newsletter,everyone,true
166712743,2025-06-24T10:32:52.119Z,tfcraig1946@gmail.com,newsletter,everyone,true
166712743,2025-06-24T10:32:52.351Z,dagnaconstenla@yahoo.com,newsletter,everyone,true
166712743,2025-06-24T10:32:52.633Z,erintherapy@gmail.com,newsletter,everyone,true
166712743,2025-06-24T10:32:52.695Z,martinlarcan60@gmail.com,newsletter,everyone,true
166712743,2025-06-24T10:32:52.808Z,Blairsmith0505@gmail.com,newsletter,everyone,false
166712743,2025-06-24T10:32:55.315Z,prahamama911@gmail.com,newsletter,everyone,true
166712743,2025-06-24T10:32:55.574Z,loraross@hotmail.com,newsletter,everyone,true
166712743,2025-06-24T10:32:55.794Z,tsoch@me.com,newsletter,everyone,true
166712743,2025-06-24T10:32:56.010Z,spotacus1@gmail.com,newsletter,everyone,true
166712743,2025-06-24T10:32:56.085Z,joannehilden@yahoo.com,newsletter,everyone,true
166712743,2025-06-24T10:32:56.742Z,joe.simari@softchoice.com,newsletter,everyone,true
166712743,2025-06-24T10:32:57.114Z,jekerr2@gmail.com,newsletter,everyone,true
166712743,2025-06-24T10:32:57.142Z,mcfvpk@gmail.com,newsletter,everyone,true
166712743,2025-06-24T10:32:57.293Z,mrkimnmobile@gmail.com,newsletter,everyone,true
166712743,2025-06-24T10:32:57.321Z,maichrye@hotmail.com,newsletter,everyone,true
166712743,2025-06-24T10:32:57.365Z,ashleympollock@gmail.com,newsletter,everyone,true
166712743,2025-06-24T10:32:57.437Z,g_moore@live.com,newsletter,everyone,true
166712743,2025-06-24T10:32:57.510Z,kimmyintheworld@gmail.com,newsletter,everyone,true
166712743,2025-06-24T10:32:57.618Z,MABOYERCPA@aol.com,newsletter,everyone,true
166712743,2025-06-24T10:32:57.747Z,bethtab55@yahoo.com,newsletter,everyone,true
166712743,2025-06-24T10:32:57.822Z,ep4evr1@yahoo.com,newsletter,everyone,true
166712743,2025-06-24T10:32:57.953Z,amys51576@gmail.com,newsletter,everyone,true
166712743,2025-06-24T10:32:58.075Z,geigenbrod@gmail.com,newsletter,everyone,true
166712743,2025-06-24T10:32:58.119Z,paraffin44052@yahoo.com,newsletter,everyone,true
166712743,2025-06-24T10:32:59.322Z,kmcaleer@msn.com,newsletter,everyone,true
166712743,2025-06-24T10:32:59.385Z,rencehog@icloud.com,newsletter,everyone,true
166712743,2025-06-24T10:33:00.563Z,11_orrery_lime@icloud.com,newsletter,everyone,true
166712743,2025-06-24T10:33:03.201Z,schafer1@gondtc.com,newsletter,everyone,true
