post_id,timestamp,email,post_type,post_audience,active_subscription,country,city,region,device_type,client_os,client_type,user_agent
166712743,2025-06-24T10:33:15.349Z,Blairsmith0505@gmail.com,newsletter,everyone,false,US,,,,,,Mozilla/5.0 (Windows NT 5.1; rv:11.0) Gecko Firefox/11.0 (via ggpht.com GoogleImageProxy)
166712743,2025-06-24T10:38:11.423Z,spotacus1@gmail.com,newsletter,everyone,true,US,,,,,,Mozilla/5.0
166712743,2025-06-24T10:48:55.958Z,11_orrery_lime@icloud.com,newsletter,everyone,true,US,,,,,,Mozilla/5.0
166712743,2025-06-24T10:49:32.662Z,tfcraig1946@gmail.com,newsletter,everyone,true,US,,,,,,Mozilla/5.0
166712743,2025-06-24T10:49:39.156Z,erintherapy@gmail.com,newsletter,everyone,true,US,,,,,,Mozilla/5.0
166712743,2025-06-24T10:54:10.299Z,dagnaconstenla@yahoo.com,newsletter,everyone,true,US,,,,,,Mozilla/5.0
166712743,2025-06-24T10:56:34.468Z,rencehog@icloud.com,newsletter,everyone,true,US,,,,,,Mozilla/5.0
166712743,2025-06-24T11:20:01.683Z,amys51576@gmail.com,newsletter,everyone,true,US,,,,,,Mozilla/5.0 (Windows NT 5.1; rv:11.0) Gecko Firefox/11.0 (via ggpht.com GoogleImageProxy)
166712743,2025-06-24T11:22:05.404Z,kimmyintheworld@gmail.com,newsletter,everyone,true,CA,,,,,,Mozilla/5.0
166712743,2025-06-24T11:52:35.079Z,erintherapy@gmail.com,newsletter,everyone,true,US,,,,,,Mozilla/5.0
166712743,2025-06-24T12:16:40.007Z,paraffin44052@yahoo.com,newsletter,everyone,true,NL,,,,,,Mozilla/5.0
166712743,2025-06-24T13:53:00.222Z,tfcraig1946@gmail.com,newsletter,everyone,true,US,,,,,,Mozilla/5.0
166712743,2025-06-24T14:11:51.498Z,dagnaconstenla@yahoo.com,newsletter,everyone,true,US,,,,,,Mozilla/5.0
166712743,2025-06-24T15:17:05.774Z,ashleympollock@gmail.com,newsletter,everyone,true,US,,,,,,Mozilla/5.0 (Windows NT 5.1; rv:11.0) Gecko Firefox/11.0 (via ggpht.com GoogleImageProxy)
166712743,2025-06-24T15:17:40.215Z,ashleympollock@gmail.com,newsletter,everyone,true,US,,,,,,Mozilla/5.0 (Windows NT 5.1; rv:11.0) Gecko Firefox/11.0 (via ggpht.com GoogleImageProxy)
166712743,2025-06-24T17:41:21.824Z,spotacus1@gmail.com,newsletter,everyone,true,US,,,,,,Mozilla/5.0
166712743,2025-06-25T10:18:54.245Z,mrkimnmobile@gmail.com,newsletter,everyone,true,US,,,,,,Mozilla/5.0 (Windows NT 5.1; rv:11.0) Gecko Firefox/11.0 (via ggpht.com GoogleImageProxy)
166712743,2025-06-25T11:32:22.752Z,tfcraig1946@gmail.com,newsletter,everyone,true,US,,,,,,Mozilla/5.0
166712743,2025-06-25T19:35:44.641Z,loraross@hotmail.com,newsletter,everyone,true,US,,,,,,"Mozilla/5.0 (Windows NT 10.0; Win64; x64) AppleWebKit/537.36 (KHTML, like Gecko) Chrome/137.0.0.0 Safari/537.36 Edg/137.0.0.0"
166712743,2025-06-25T19:35:44.715Z,loraross@hotmail.com,newsletter,everyone,true,US,,,,,,"Mozilla/5.0 (Windows NT 10.0; Win64; x64) AppleWebKit/537.36 (KHTML, like Gecko) Chrome/137.0.0.0 Safari/537.36 Edg/137.0.0.0"
166712743,2025-06-26T01:56:13.494Z,prahamama911@gmail.com,newsletter,everyone,true,US,,,,,,"Mozilla/5.0 (Macintosh; Intel Mac OS X 10_15_7) AppleWebKit/605.1.15 (KHTML, like Gecko)"
166712743,2025-06-26T14:58:50.008Z,spotacus1@gmail.com,newsletter,everyone,true,US,,,,,,Mozilla/5.0
166712743,2025-06-29T19:37:23.185Z,mcfvpk@gmail.com,newsletter,everyone,true,US,,,,,,Mozilla/5.0
166712743,2025-06-30T14:22:48.618Z,mrkimnmobile@gmail.com,newsletter,everyone,true,US,,,,,,Mozilla/5.0 (Windows NT 5.1; rv:11.0) Gecko Firefox/11.0 (via ggpht.com GoogleImageProxy)
166712743,2025-06-30T14:22:53.276Z,mrkimnmobile@gmail.com,newsletter,everyone,true,US,,,,,,Mozilla/5.0 (Windows NT 5.1; rv:11.0) Gecko Firefox/11.0 (via ggpht.com GoogleImageProxy)
166712743,2025-07-06T23:41:05.783Z,kimmyintheworld@gmail.com,newsletter,everyone,true,US,,,,,,Mozilla/5.0 (Windows NT 5.1; rv:11.0) Gecko Firefox/11.0 (via ggpht.com GoogleImageProxy)
166712743,2025-07-06T23:41:08.337Z,kimmyintheworld@gmail.com,newsletter,everyone,true,US,,,,,,Mozilla/5.0 (Windows NT 5.1; rv:11.0) Gecko Firefox/11.0 (via ggpht.com GoogleImageProxy)
