post_id,timestamp,email,post_type,post_audience,active_subscription
166813747,2025-06-25T14:33:58.943Z,noche1alpha@gmail.com,newsletter,everyone,false
166813747,2025-06-25T14:33:59.188Z,noratomlinson@gmail.com,newsletter,everyone,true
166813747,2025-06-25T14:33:59.202Z,Blairsmith0505@gmail.com,newsletter,everyone,false
166813747,2025-06-25T14:33:59.684Z,dagnaconstenla@yahoo.com,newsletter,everyone,true
166813747,2025-06-25T14:33:59.695Z,joannehilden@yahoo.com,newsletter,everyone,true
166813747,2025-06-25T14:33:59.792Z,Marykatri55@gmail.com,newsletter,everyone,true
166813747,2025-06-25T14:33:59.804Z,tfcraig1946@gmail.com,newsletter,everyone,true
166813747,2025-06-25T14:33:59.969Z,erintherapy@gmail.com,newsletter,everyone,true
166813747,2025-06-25T14:34:00.160Z,prahamama911@gmail.com,newsletter,everyone,true
166813747,2025-06-25T14:34:00.190Z,joe.simari@softchoice.com,newsletter,everyone,true
166813747,2025-06-25T14:34:00.352Z,spotacus1@gmail.com,newsletter,everyone,true
166813747,2025-06-25T14:34:00.658Z,martinlarcan60@gmail.com,newsletter,everyone,true
166813747,2025-06-25T14:34:00.674Z,kimmyintheworld@gmail.com,newsletter,everyone,true
166813747,2025-06-25T14:34:00.683Z,kmcaleer@msn.com,newsletter,everyone,true
166813747,2025-06-25T14:34:00.744Z,bethtab55@yahoo.com,newsletter,everyone,true
166813747,2025-06-25T14:34:00.816Z,mcfvpk@gmail.com,newsletter,everyone,true
166813747,2025-06-25T14:34:00.889Z,loraross@hotmail.com,newsletter,everyone,true
166813747,2025-06-25T14:34:01.080Z,ep4evr1@yahoo.com,newsletter,everyone,true
166813747,2025-06-25T14:34:01.220Z,paraffin44052@yahoo.com,newsletter,everyone,true
166813747,2025-06-25T14:34:01.305Z,amys51576@gmail.com,newsletter,everyone,true
166813747,2025-06-25T14:34:01.338Z,jekerr2@gmail.com,newsletter,everyone,true
166813747,2025-06-25T14:34:01.396Z,ashleympollock@gmail.com,newsletter,everyone,true
166813747,2025-06-25T14:34:01.409Z,geigenbrod@gmail.com,newsletter,everyone,true
166813747,2025-06-25T14:34:01.579Z,mrkimnmobile@gmail.com,newsletter,everyone,true
166813747,2025-06-25T14:34:01.698Z,maichrye@hotmail.com,newsletter,everyone,true
166813747,2025-06-25T14:34:01.718Z,MABOYERCPA@aol.com,newsletter,everyone,true
166813747,2025-06-25T14:34:01.829Z,g_moore@live.com,newsletter,everyone,true
166813747,2025-06-25T14:34:02.247Z,rencehog@icloud.com,newsletter,everyone,true
166813747,2025-06-25T14:34:04.631Z,tsoch@me.com,newsletter,everyone,true
166813747,2025-06-25T14:34:04.746Z,11_orrery_lime@icloud.com,newsletter,everyone,true
166813747,2025-06-25T14:34:06.908Z,schafer1@gondtc.com,newsletter,everyone,true
