post_id,timestamp,email,post_type,post_audience,active_subscription,country,city,region,device_type,client_os,client_type,user_agent
166813747,2025-06-25T14:34:16.160Z,joe.simari@softchoice.com,newsletter,everyone,true,US,,,,,,"Mozilla/5.0 (Windows NT 10.0; Win64; x64) AppleWebKit/537.36 (KHTML, like Gecko) Chrome/109.0.0.0 Safari/537.36"
166813747,2025-06-25T14:34:16.864Z,amys51576@gmail.com,newsletter,everyone,true,US,,,,,,Mozilla/5.0 (Windows NT 5.1; rv:11.0) Gecko Firefox/11.0 (via ggpht.com GoogleImageProxy)
166813747,2025-06-25T14:34:19.827Z,Blairsmith0505@gmail.com,newsletter,everyone,false,US,,,,,,Mozilla/5.0 (Windows NT 5.1; rv:11.0) Gecko Firefox/11.0 (via ggpht.com GoogleImageProxy)
166813747,2025-06-25T14:35:19.709Z,kimmyintheworld@gmail.com,newsletter,everyone,true,CA,,,,,,Mozilla/5.0
166813747,2025-06-25T14:39:26.778Z,erintherapy@gmail.com,newsletter,everyone,true,US,,,,,,Mozilla/5.0
166813747,2025-06-25T14:40:37.384Z,spotacus1@gmail.com,newsletter,everyone,true,US,,,,,,Mozilla/5.0
166813747,2025-06-25T14:50:13.273Z,erintherapy@gmail.com,newsletter,everyone,true,US,,,,,,Mozilla/5.0
166813747,2025-06-25T14:57:48.483Z,ep4evr1@yahoo.com,newsletter,everyone,true,US,,,,,,Mozilla/5.0
166813747,2025-06-25T14:59:03.010Z,tfcraig1946@gmail.com,newsletter,everyone,true,US,,,,,,Mozilla/5.0
166813747,2025-06-25T15:09:28.465Z,ep4evr1@yahoo.com,newsletter,everyone,true,NL,,,,,,Mozilla/5.0
166813747,2025-06-25T15:44:03.642Z,tfcraig1946@gmail.com,newsletter,everyone,true,NL,,,,,,Mozilla/5.0
166813747,2025-06-25T16:45:18.403Z,rencehog@icloud.com,newsletter,everyone,true,US,,,,,,Mozilla/5.0
166813747,2025-06-25T19:35:41.938Z,loraross@hotmail.com,newsletter,everyone,true,US,,,,,,"Mozilla/5.0 (Windows NT 10.0; Win64; x64) AppleWebKit/537.36 (KHTML, like Gecko) Chrome/137.0.0.0 Safari/537.36 Edg/137.0.0.0"
166813747,2025-06-25T22:32:02.247Z,mrkimnmobile@gmail.com,newsletter,everyone,true,US,,,,,,Mozilla/5.0 (Windows NT 5.1; rv:11.0) Gecko Firefox/11.0 (via ggpht.com GoogleImageProxy)
166813747,2025-06-26T06:23:53.644Z,prahamama911@gmail.com,newsletter,everyone,true,US,,,,,,"Mozilla/5.0 (Macintosh; Intel Mac OS X 10_15_7) AppleWebKit/605.1.15 (KHTML, like Gecko)"
166813747,2025-06-26T15:25:20.270Z,spotacus1@gmail.com,newsletter,everyone,true,US,,,,,,Mozilla/5.0
166813747,2025-06-28T23:03:28.960Z,erintherapy@gmail.com,newsletter,everyone,true,US,,,,,,Mozilla/5.0
166813747,2025-06-29T19:37:23.185Z,mcfvpk@gmail.com,newsletter,everyone,true,US,,,,,,Mozilla/5.0
166813747,2025-06-30T11:10:38.307Z,bethtab55@yahoo.com,newsletter,everyone,true,US,,,,,,YahooMailProxy; https://help.yahoo.com/kb/yahoo-mail-proxy-SLN28749.html
166813747,2025-06-30T14:21:50.106Z,mrkimnmobile@gmail.com,newsletter,everyone,true,US,,,,,,Mozilla/5.0 (Windows NT 5.1; rv:11.0) Gecko Firefox/11.0 (via ggpht.com GoogleImageProxy)
166813747,2025-06-30T14:22:35.535Z,mrkimnmobile@gmail.com,newsletter,everyone,true,US,,,,,,Mozilla/5.0 (Windows NT 5.1; rv:11.0) Gecko Firefox/11.0 (via ggpht.com GoogleImageProxy)
166813747,2025-06-30T14:22:40.612Z,mrkimnmobile@gmail.com,newsletter,everyone,true,US,,,,,,Mozilla/5.0 (Windows NT 5.1; rv:11.0) Gecko Firefox/11.0 (via ggpht.com GoogleImageProxy)
166813747,2025-07-01T18:33:09.281Z,kimmyintheworld@gmail.com,newsletter,everyone,true,US,,,,,,Mozilla/5.0 (Windows NT 5.1; rv:11.0) Gecko Firefox/11.0 (via ggpht.com GoogleImageProxy)
166813747,2025-07-01T18:33:18.700Z,kimmyintheworld@gmail.com,newsletter,everyone,true,US,,,,,,Mozilla/5.0 (Windows NT 5.1; rv:11.0) Gecko Firefox/11.0 (via ggpht.com GoogleImageProxy)
