post_id,timestamp,email,post_type,post_audience,active_subscription
167004484,2025-06-27T21:05:22.523Z,Blairsmith0505@gmail.com,newsletter,everyone,false
167004484,2025-06-27T21:05:24.725Z,noche1alpha@gmail.com,newsletter,everyone,false
167004484,2025-06-27T21:05:29.870Z,noratomlinson@gmail.com,newsletter,everyone,true
167004484,2025-06-27T21:05:30.378Z,tfcraig1946@gmail.com,newsletter,everyone,true
167004484,2025-06-27T21:05:30.409Z,Marykatri55@gmail.com,newsletter,everyone,true
167004484,2025-06-27T21:05:30.541Z,martinlarcan60@gmail.com,newsletter,everyone,true
167004484,2025-06-27T21:05:30.597Z,erintherapy@gmail.com,newsletter,everyone,true
167004484,2025-06-27T21:05:30.949Z,dagnaconstenla@yahoo.com,newsletter,everyone,true
167004484,2025-06-27T21:05:31.684Z,tsoch@me.com,newsletter,everyone,true
167004484,2025-06-27T21:05:33.243Z,prahamama911@gmail.com,newsletter,everyone,true
167004484,2025-06-27T21:05:34.694Z,joannehilden@yahoo.com,newsletter,everyone,true
167004484,2025-06-27T21:05:34.829Z,spotacus1@gmail.com,newsletter,everyone,true
167004484,2025-06-27T21:05:35.049Z,joe.simari@softchoice.com,newsletter,everyone,true
167004484,2025-06-27T21:05:35.417Z,ep4evr1@yahoo.com,newsletter,everyone,true
167004484,2025-06-27T21:05:35.464Z,ashleympollock@gmail.com,newsletter,everyone,true
167004484,2025-06-27T21:05:35.503Z,amys51576@gmail.com,newsletter,everyone,true
167004484,2025-06-27T21:05:35.512Z,jekerr2@gmail.com,newsletter,everyone,true
167004484,2025-06-27T21:05:35.515Z,mcfvpk@gmail.com,newsletter,everyone,true
167004484,2025-06-27T21:05:35.544Z,geigenbrod@gmail.com,newsletter,everyone,true
167004484,2025-06-27T21:05:35.548Z,g_moore@live.com,newsletter,everyone,true
167004484,2025-06-27T21:05:35.619Z,kimmyintheworld@gmail.com,newsletter,everyone,true
167004484,2025-06-27T21:05:35.704Z,loraross@hotmail.com,newsletter,everyone,true
167004484,2025-06-27T21:05:35.731Z,mrkimnmobile@gmail.com,newsletter,everyone,true
167004484,2025-06-27T21:05:35.752Z,bethtab55@yahoo.com,newsletter,everyone,true
167004484,2025-06-27T21:05:36.223Z,MABOYERCPA@aol.com,newsletter,everyone,true
167004484,2025-06-27T21:05:36.867Z,maichrye@hotmail.com,newsletter,everyone,true
167004484,2025-06-27T21:05:37.204Z,paraffin44052@yahoo.com,newsletter,everyone,true
167004484,2025-06-27T21:05:37.924Z,rencehog@icloud.com,newsletter,everyone,true
167004484,2025-06-27T21:05:37.961Z,kmcaleer@msn.com,newsletter,everyone,true
167004484,2025-06-27T21:05:39.174Z,11_orrery_lime@icloud.com,newsletter,everyone,true
167004484,2025-06-27T21:05:41.764Z,schafer1@gondtc.com,newsletter,everyone,true
