post_id,timestamp,email,post_type,post_audience,active_subscription,country,city,region,device_type,client_os,client_type,user_agent
167004484,2025-06-27T21:06:08.921Z,erintherapy@gmail.com,newsletter,everyone,true,US,,,,,,"Mozilla/5.0 (iPhone; CPU iPhone OS 11_5 like Mac OS X) AppleWebKit/605.1.15 (KHTML, like Gecko) Mobile/15E148"
167004484,2025-06-27T21:07:22.709Z,amys51576@gmail.com,newsletter,everyone,true,US,,,,,,Mozilla/5.0 (Windows NT 5.1; rv:11.0) Gecko Firefox/11.0 (via ggpht.com GoogleImageProxy)
167004484,2025-06-27T21:08:00.199Z,Blairsmith0505@gmail.com,newsletter,everyone,false,US,,,,,,Mozilla/5.0 (Windows NT 5.1; rv:11.0) Gecko Firefox/11.0 (via ggpht.com GoogleImageProxy)
167004484,2025-06-27T21:16:57.067Z,g_moore@live.com,newsletter,everyone,true,US,,,,,,"Mozilla/5.0 (Linux; Android 11; moto g power (2021) Build/RZBS31.Q2-143-27-25; wv) AppleWebKit/537.36 (KHTML, like Gecko) Version/4.0 Chrome/137.0.7151.116 Mobile Safari/537.36"
167004484,2025-06-27T21:25:23.695Z,spotacus1@gmail.com,newsletter,everyone,true,US,,,,,,Mozilla/5.0
167004484,2025-06-27T21:32:14.195Z,erintherapy@gmail.com,newsletter,everyone,true,US,,,,,,Mozilla/5.0
167004484,2025-06-27T21:35:34.778Z,dagnaconstenla@yahoo.com,newsletter,everyone,true,US,,,,,,Mozilla/5.0
167004484,2025-06-27T22:41:31.247Z,tfcraig1946@gmail.com,newsletter,everyone,true,US,,,,,,Mozilla/5.0
167004484,2025-06-28T00:09:21.067Z,erintherapy@gmail.com,newsletter,everyone,true,US,,,,,,Mozilla/5.0
167004484,2025-06-28T00:33:25.271Z,dagnaconstenla@yahoo.com,newsletter,everyone,true,US,,,,,,Mozilla/5.0
167004484,2025-06-28T01:38:29.216Z,dagnaconstenla@yahoo.com,newsletter,everyone,true,US,,,,,,Mozilla/5.0
167004484,2025-06-28T01:44:44.060Z,tfcraig1946@gmail.com,newsletter,everyone,true,US,,,,,,Mozilla/5.0
167004484,2025-06-28T04:02:09.060Z,tfcraig1946@gmail.com,newsletter,everyone,true,US,,,,,,Mozilla/5.0
167004484,2025-06-28T04:15:32.893Z,rencehog@icloud.com,newsletter,everyone,true,US,,,,,,Mozilla/5.0
167004484,2025-06-28T04:42:39.223Z,prahamama911@gmail.com,newsletter,everyone,true,US,,,,,,"Mozilla/5.0 (Macintosh; Intel Mac OS X 10_15_7) AppleWebKit/605.1.15 (KHTML, like Gecko)"
167004484,2025-06-28T04:55:30.810Z,prahamama911@gmail.com,newsletter,everyone,true,US,,,,,,"Mozilla/5.0 (Macintosh; Intel Mac OS X 10_15_7) AppleWebKit/605.1.15 (KHTML, like Gecko)"
167004484,2025-06-28T11:12:20.879Z,mrkimnmobile@gmail.com,newsletter,everyone,true,US,,,,,,Mozilla/5.0 (Windows NT 5.1; rv:11.0) Gecko Firefox/11.0 (via ggpht.com GoogleImageProxy)
167004484,2025-06-28T12:48:18.247Z,erintherapy@gmail.com,newsletter,everyone,true,US,,,,,,Mozilla/5.0
167004484,2025-06-28T13:20:57.310Z,spotacus1@gmail.com,newsletter,everyone,true,US,,,,,,Mozilla/5.0
167004484,2025-06-30T03:47:16.469Z,dagnaconstenla@yahoo.com,newsletter,everyone,true,US,,,,,,Mozilla/5.0
167004484,2025-06-30T14:21:35.957Z,mrkimnmobile@gmail.com,newsletter,everyone,true,US,,,,,,Mozilla/5.0 (Windows NT 5.1; rv:11.0) Gecko Firefox/11.0 (via ggpht.com GoogleImageProxy)
167004484,2025-06-30T14:21:49.521Z,mrkimnmobile@gmail.com,newsletter,everyone,true,US,,,,,,Mozilla/5.0 (Windows NT 5.1; rv:11.0) Gecko Firefox/11.0 (via ggpht.com GoogleImageProxy)
167004484,2025-07-01T02:39:26.644Z,tfcraig1946@gmail.com,newsletter,everyone,true,US,,,,,,Mozilla/5.0
167004484,2025-07-01T16:50:14.688Z,kimmyintheworld@gmail.com,newsletter,everyone,true,CA,,,,,,Mozilla/5.0
167004484,2025-07-01T18:29:55.761Z,kimmyintheworld@gmail.com,newsletter,everyone,true,US,,,,,,Mozilla/5.0 (Windows NT 5.1; rv:11.0) Gecko Firefox/11.0 (via ggpht.com GoogleImageProxy)
167004484,2025-07-01T18:29:59.939Z,kimmyintheworld@gmail.com,newsletter,everyone,true,US,,,,,,Mozilla/5.0 (Windows NT 5.1; rv:11.0) Gecko Firefox/11.0 (via ggpht.com GoogleImageProxy)
167004484,2025-07-01T18:30:02.445Z,kimmyintheworld@gmail.com,newsletter,everyone,true,US,,,,,,Mozilla/5.0 (Windows NT 5.1; rv:11.0) Gecko Firefox/11.0 (via ggpht.com GoogleImageProxy)
167004484,2025-07-01T18:30:05.196Z,kimmyintheworld@gmail.com,newsletter,everyone,true,US,,,,,,Mozilla/5.0 (Windows NT 5.1; rv:11.0) Gecko Firefox/11.0 (via ggpht.com GoogleImageProxy)
167004484,2025-07-01T23:41:43.197Z,bethtab55@yahoo.com,newsletter,everyone,true,US,,,,,,YahooMailProxy; https://help.yahoo.com/kb/yahoo-mail-proxy-SLN28749.html
167004484,2025-07-02T13:31:39.268Z,bethtab55@yahoo.com,newsletter,everyone,true,US,,,,,,YahooMailProxy; https://help.yahoo.com/kb/yahoo-mail-proxy-SLN28749.html
167004484,2025-07-06T23:37:02.043Z,kimmyintheworld@gmail.com,newsletter,everyone,true,US,,,,,,Mozilla/5.0 (Windows NT 5.1; rv:11.0) Gecko Firefox/11.0 (via ggpht.com GoogleImageProxy)
