post_id,timestamp,email,post_type,post_audience,active_subscription,country,city,region,device_type,client_os,client_type,user_agent
167165494,2025-06-30T11:00:08.956Z,amys51576@gmail.com,newsletter,everyone,true,US,,,,,,Mozilla/5.0 (Windows NT 5.1; rv:11.0) Gecko Firefox/11.0 (via ggpht.com GoogleImageProxy)
167165494,2025-06-30T11:03:16.734Z,erintherapy@gmail.com,newsletter,everyone,true,US,,,,,,Mozilla/5.0
167165494,2025-06-30T11:05:04.697Z,joannehilden@yahoo.com,newsletter,everyone,true,US,,,,,,YahooMailProxy; https://help.yahoo.com/kb/yahoo-mail-proxy-SLN28749.html
167165494,2025-06-30T11:05:52.691Z,joannehilden@yahoo.com,newsletter,everyone,true,US,,,,,,YahooMailProxy; https://help.yahoo.com/kb/yahoo-mail-proxy-SLN28749.html
167165494,2025-06-30T11:07:47.782Z,spotacus1@gmail.com,newsletter,everyone,true,US,,,,,,Mozilla/5.0
167165494,2025-06-30T11:32:02.971Z,rencehog@icloud.com,newsletter,everyone,true,US,,,,,,Mozilla/5.0
167165494,2025-06-30T11:35:19.842Z,erintherapy@gmail.com,newsletter,everyone,true,US,,,,,,Mozilla/5.0
167165494,2025-06-30T11:50:05.006Z,tfcraig1946@gmail.com,newsletter,everyone,true,US,,,,,,Mozilla/5.0
167165494,2025-06-30T12:06:25.879Z,amys51576@gmail.com,newsletter,everyone,true,US,,,,,,Mozilla/5.0 (Windows NT 5.1; rv:11.0) Gecko Firefox/11.0 (via ggpht.com GoogleImageProxy)
167165494,2025-06-30T12:07:18.433Z,erintherapy@gmail.com,newsletter,everyone,true,NL,,,,,,Mozilla/5.0
167165494,2025-06-30T12:12:53.315Z,paraffin44052@yahoo.com,newsletter,everyone,true,US,,,,,,Mozilla/5.0
167165494,2025-06-30T12:23:14.950Z,tfcraig1946@gmail.com,newsletter,everyone,true,US,,,,,,Mozilla/5.0
167165494,2025-06-30T12:44:55.497Z,mrkimnmobile@gmail.com,newsletter,everyone,true,US,,,,,,Mozilla/5.0 (Windows NT 5.1; rv:11.0) Gecko Firefox/11.0 (via ggpht.com GoogleImageProxy)
167165494,2025-06-30T14:17:23.962Z,mrkimnmobile@gmail.com,newsletter,everyone,true,US,,,,,,Mozilla/5.0 (Windows NT 5.1; rv:11.0) Gecko Firefox/11.0 (via ggpht.com GoogleImageProxy)
167165494,2025-06-30T14:17:51.190Z,mrkimnmobile@gmail.com,newsletter,everyone,true,US,,,,,,Mozilla/5.0 (Windows NT 5.1; rv:11.0) Gecko Firefox/11.0 (via ggpht.com GoogleImageProxy)
167165494,2025-06-30T14:21:04.920Z,mrkimnmobile@gmail.com,newsletter,everyone,true,US,,,,,,Mozilla/5.0 (Windows NT 5.1; rv:11.0) Gecko Firefox/11.0 (via ggpht.com GoogleImageProxy)
167165494,2025-06-30T19:31:32.972Z,prahamama911@gmail.com,newsletter,everyone,true,US,,,,,,"Mozilla/5.0 (Macintosh; Intel Mac OS X 10_15_7) AppleWebKit/605.1.15 (KHTML, like Gecko)"
167165494,2025-07-01T04:13:50.830Z,tfcraig1946@gmail.com,newsletter,everyone,true,US,,,,,,Mozilla/5.0
167165494,2025-07-01T06:14:08.896Z,11_orrery_lime@icloud.com,newsletter,everyone,true,US,,,,,,Mozilla/5.0
167165494,2025-07-01T18:25:44.021Z,kimmyintheworld@gmail.com,newsletter,everyone,true,US,,,,,,Mozilla/5.0 (Windows NT 5.1; rv:11.0) Gecko Firefox/11.0 (via ggpht.com GoogleImageProxy)
167165494,2025-07-01T18:25:52.778Z,kimmyintheworld@gmail.com,newsletter,everyone,true,US,,,,,,Mozilla/5.0 (Windows NT 5.1; rv:11.0) Gecko Firefox/11.0 (via ggpht.com GoogleImageProxy)
167165494,2025-07-01T18:25:55.617Z,kimmyintheworld@gmail.com,newsletter,everyone,true,US,,,,,,Mozilla/5.0 (Windows NT 5.1; rv:11.0) Gecko Firefox/11.0 (via ggpht.com GoogleImageProxy)
167165494,2025-07-01T18:25:58.411Z,kimmyintheworld@gmail.com,newsletter,everyone,true,US,,,,,,Mozilla/5.0 (Windows NT 5.1; rv:11.0) Gecko Firefox/11.0 (via ggpht.com GoogleImageProxy)
167165494,2025-07-01T21:44:43.580Z,kimmyintheworld@gmail.com,newsletter,everyone,true,CA,,,,,,Mozilla/5.0
167165494,2025-07-02T02:26:55.504Z,tfcraig1946@gmail.com,newsletter,everyone,true,US,,,,,,Mozilla/5.0
167165494,2025-07-02T19:00:45.031Z,spotacus1@gmail.com,newsletter,everyone,true,US,,,,,,Mozilla/5.0
167165494,2025-07-06T23:36:27.070Z,kimmyintheworld@gmail.com,newsletter,everyone,true,US,,,,,,Mozilla/5.0 (Windows NT 5.1; rv:11.0) Gecko Firefox/11.0 (via ggpht.com GoogleImageProxy)
167165494,2025-07-06T23:36:34.042Z,kimmyintheworld@gmail.com,newsletter,everyone,true,US,,,,,,Mozilla/5.0 (Windows NT 5.1; rv:11.0) Gecko Firefox/11.0 (via ggpht.com GoogleImageProxy)
