post_id,timestamp,email,post_type,post_audience,active_subscription
167165494,2025-06-30T10:59:34.329Z,noche1alpha@gmail.com,newsletter,everyone,false
167165494,2025-06-30T10:59:35.634Z,tfcraig1946@gmail.com,newsletter,everyone,true
167165494,2025-06-30T10:59:35.701Z,noratomlinson@gmail.com,newsletter,everyone,true
167165494,2025-06-30T10:59:35.913Z,joe.simari@softchoice.com,newsletter,everyone,true
167165494,2025-06-30T10:59:35.914Z,prahamama911@gmail.com,newsletter,everyone,true
167165494,2025-06-30T10:59:35.948Z,martinlarcan60@gmail.com,newsletter,everyone,true
167165494,2025-06-30T10:59:36.054Z,Marykatri55@gmail.com,newsletter,everyone,true
167165494,2025-06-30T10:59:36.127Z,MABOYERCPA@aol.com,newsletter,everyone,true
167165494,2025-06-30T10:59:36.144Z,geigenbrod@gmail.com,newsletter,everyone,true
167165494,2025-06-30T10:59:36.188Z,jekerr2@gmail.com,newsletter,everyone,true
167165494,2025-06-30T10:59:36.199Z,paraffin44052@yahoo.com,newsletter,everyone,true
167165494,2025-06-30T10:59:36.213Z,mcfvpk@gmail.com,newsletter,everyone,true
167165494,2025-06-30T10:59:36.252Z,savage85719@gmail.com,newsletter,everyone,true
167165494,2025-06-30T10:59:36.274Z,dagnaconstenla@yahoo.com,newsletter,everyone,true
167165494,2025-06-30T10:59:36.275Z,erintherapy@gmail.com,newsletter,everyone,true
167165494,2025-06-30T10:59:36.321Z,mrkimnmobile@gmail.com,newsletter,everyone,true
167165494,2025-06-30T10:59:36.358Z,bethtab55@yahoo.com,newsletter,everyone,true
167165494,2025-06-30T10:59:36.716Z,ep4evr1@yahoo.com,newsletter,everyone,true
167165494,2025-06-30T10:59:36.716Z,Blairsmith0505@gmail.com,newsletter,everyone,false
167165494,2025-06-30T10:59:36.760Z,ashleympollock@gmail.com,newsletter,everyone,true
167165494,2025-06-30T10:59:36.775Z,kimmyintheworld@gmail.com,newsletter,everyone,true
167165494,2025-06-30T10:59:37.157Z,g_moore@live.com,newsletter,everyone,true
167165494,2025-06-30T10:59:37.278Z,kmcaleer@msn.com,newsletter,everyone,true
167165494,2025-06-30T10:59:37.471Z,amys51576@gmail.com,newsletter,everyone,true
167165494,2025-06-30T10:59:38.069Z,spotacus1@gmail.com,newsletter,everyone,true
167165494,2025-06-30T10:59:38.101Z,loraross@hotmail.com,newsletter,everyone,true
167165494,2025-06-30T10:59:38.303Z,tsoch@me.com,newsletter,everyone,true
167165494,2025-06-30T10:59:38.423Z,11_orrery_lime@icloud.com,newsletter,everyone,true
167165494,2025-06-30T10:59:38.510Z,joannehilden@yahoo.com,newsletter,everyone,true
167165494,2025-06-30T10:59:39.643Z,rencehog@icloud.com,newsletter,everyone,true
167165494,2025-06-30T10:59:40.344Z,maichrye@hotmail.com,newsletter,everyone,true
167165494,2025-06-30T10:59:41.738Z,schafer1@gondtc.com,newsletter,everyone,true
