post_id,timestamp,email,post_type,post_audience,active_subscription
167353469,2025-07-02T13:46:17.150Z,Blairsmith0505@gmail.com,newsletter,everyone,false
167353469,2025-07-02T13:46:17.783Z,martinlarcan60@gmail.com,newsletter,everyone,true
167353469,2025-07-02T13:46:17.812Z,noche1alpha@gmail.com,newsletter,everyone,false
167353469,2025-07-02T13:46:17.935Z,noratomlinson@gmail.com,newsletter,everyone,true
167353469,2025-07-02T13:46:18.089Z,erintherapy@gmail.com,newsletter,everyone,true
167353469,2025-07-02T13:46:18.382Z,savage85719@gmail.com,newsletter,everyone,true
167353469,2025-07-02T13:46:18.424Z,tfcraig1946@gmail.com,newsletter,everyone,true
167353469,2025-07-02T13:46:18.637Z,Marykatri55@gmail.com,newsletter,everyone,true
167353469,2025-07-02T13:46:18.663Z,dagnaconstenla@yahoo.com,newsletter,everyone,true
167353469,2025-07-02T13:46:18.797Z,prahamama911@gmail.com,newsletter,everyone,true
167353469,2025-07-02T13:46:19.853Z,loraross@hotmail.com,newsletter,everyone,true
167353469,2025-07-02T13:46:19.919Z,spotacus1@gmail.com,newsletter,everyone,true
167353469,2025-07-02T13:46:20.311Z,mcfvpk@gmail.com,newsletter,everyone,true
167353469,2025-07-02T13:46:20.314Z,maichrye@hotmail.com,newsletter,everyone,true
167353469,2025-07-02T13:46:20.337Z,geigenbrod@gmail.com,newsletter,everyone,true
167353469,2025-07-02T13:46:20.338Z,kimmyintheworld@gmail.com,newsletter,everyone,true
167353469,2025-07-02T13:46:20.376Z,mrkimnmobile@gmail.com,newsletter,everyone,true
167353469,2025-07-02T13:46:20.474Z,amys51576@gmail.com,newsletter,everyone,true
167353469,2025-07-02T13:46:20.479Z,g_moore@live.com,newsletter,everyone,true
167353469,2025-07-02T13:46:20.518Z,jekerr2@gmail.com,newsletter,everyone,true
167353469,2025-07-02T13:46:20.708Z,ashleympollock@gmail.com,newsletter,everyone,true
167353469,2025-07-02T13:46:20.749Z,joe.simari@softchoice.com,newsletter,everyone,true
167353469,2025-07-02T13:46:20.760Z,paraffin44052@yahoo.com,newsletter,everyone,true
167353469,2025-07-02T13:46:20.902Z,joannehilden@yahoo.com,newsletter,everyone,true
167353469,2025-07-02T13:46:21.215Z,ep4evr1@yahoo.com,newsletter,everyone,true
167353469,2025-07-02T13:46:21.217Z,bethtab55@yahoo.com,newsletter,everyone,true
167353469,2025-07-02T13:46:21.337Z,MABOYERCPA@aol.com,newsletter,everyone,true
167353469,2025-07-02T13:46:21.845Z,kmcaleer@msn.com,newsletter,everyone,true
167353469,2025-07-02T13:46:22.703Z,rencehog@icloud.com,newsletter,everyone,true
167353469,2025-07-02T13:46:25.188Z,tsoch@me.com,newsletter,everyone,true
167353469,2025-07-02T13:46:25.369Z,11_orrery_lime@icloud.com,newsletter,everyone,true
167353469,2025-07-02T13:46:26.439Z,schafer1@gondtc.com,newsletter,everyone,true
