post_id,timestamp,email,post_type,post_audience,active_subscription,country,city,region,device_type,client_os,client_type,user_agent
167353469,2025-07-02T13:50:18.715Z,erintherapy@gmail.com,newsletter,everyone,true,US,,,,,,Mozilla/5.0
167353469,2025-07-02T13:51:09.698Z,spotacus1@gmail.com,newsletter,everyone,true,US,,,,,,Mozilla/5.0
167353469,2025-07-02T13:54:14.160Z,Blairsmith0505@gmail.com,newsletter,everyone,false,US,,,,,,Mozilla/5.0 (Windows NT 5.1; rv:11.0) Gecko Firefox/11.0 (via ggpht.com GoogleImageProxy)
167353469,2025-07-02T13:55:01.768Z,paraffin44052@yahoo.com,newsletter,everyone,true,NL,,,,,,Mozilla/5.0
167353469,2025-07-02T13:59:17.336Z,dagnaconstenla@yahoo.com,newsletter,everyone,true,US,,,,,,Mozilla/5.0
167353469,2025-07-02T14:10:08.712Z,savage85719@gmail.com,newsletter,everyone,true,US,,,,,,Mozilla/5.0 (Windows NT 5.1; rv:11.0) Gecko Firefox/11.0 (via ggpht.com GoogleImageProxy)
167353469,2025-07-02T14:14:36.869Z,spotacus1@gmail.com,newsletter,everyone,true,US,,,,,,Mozilla/5.0
167353469,2025-07-02T14:15:49.915Z,rencehog@icloud.com,newsletter,everyone,true,US,,,,,,Mozilla/5.0
167353469,2025-07-02T15:19:38.237Z,tfcraig1946@gmail.com,newsletter,everyone,true,US,,,,,,Mozilla/5.0
167353469,2025-07-02T16:41:50.543Z,prahamama911@gmail.com,newsletter,everyone,true,US,,,,,,"Mozilla/5.0 (Macintosh; Intel Mac OS X 10_15_7) AppleWebKit/605.1.15 (KHTML, like Gecko)"
167353469,2025-07-02T17:29:21.182Z,spotacus1@gmail.com,newsletter,everyone,true,US,,,,,,Mozilla/5.0 (Windows NT 5.1; rv:11.0) Gecko Firefox/11.0 (via ggpht.com GoogleImageProxy)
167353469,2025-07-02T18:40:35.749Z,ep4evr1@yahoo.com,newsletter,everyone,true,NL,,,,,,Mozilla/5.0
167353469,2025-07-02T19:11:49.495Z,savage85719@gmail.com,newsletter,everyone,true,US,,,,,,Mozilla/5.0 (Windows NT 5.1; rv:11.0) Gecko Firefox/11.0 (via ggpht.com GoogleImageProxy)
167353469,2025-07-02T20:45:42.783Z,mrkimnmobile@gmail.com,newsletter,everyone,true,US,,,,,,Mozilla/5.0 (Windows NT 5.1; rv:11.0) Gecko Firefox/11.0 (via ggpht.com GoogleImageProxy)
167353469,2025-07-02T20:52:34.490Z,mrkimnmobile@gmail.com,newsletter,everyone,true,US,,,,,,Mozilla/5.0 (Windows NT 5.1; rv:11.0) Gecko Firefox/11.0 (via ggpht.com GoogleImageProxy)
167353469,2025-07-02T21:31:44.794Z,erintherapy@gmail.com,newsletter,everyone,true,US,,,,,,Mozilla/5.0
167353469,2025-07-02T23:53:44.124Z,spotacus1@gmail.com,newsletter,everyone,true,US,,,,,,Mozilla/5.0
167353469,2025-07-03T00:28:10.121Z,kimmyintheworld@gmail.com,newsletter,everyone,true,CA,,,,,,Mozilla/5.0
167353469,2025-07-03T01:17:41.624Z,tfcraig1946@gmail.com,newsletter,everyone,true,US,,,,,,Mozilla/5.0
167353469,2025-07-03T12:21:37.875Z,tfcraig1946@gmail.com,newsletter,everyone,true,US,,,,,,Mozilla/5.0
167353469,2025-07-03T19:56:16.690Z,11_orrery_lime@icloud.com,newsletter,everyone,true,NL,,,,,,Mozilla/5.0
167353469,2025-07-03T22:20:15.912Z,kimmyintheworld@gmail.com,newsletter,everyone,true,US,,,,,,Mozilla/5.0 (Windows NT 5.1; rv:11.0) Gecko Firefox/11.0 (via ggpht.com GoogleImageProxy)
167353469,2025-07-04T02:29:09.355Z,tfcraig1946@gmail.com,newsletter,everyone,true,US,,,,,,Mozilla/5.0
167353469,2025-07-04T13:11:32.270Z,spotacus1@gmail.com,newsletter,everyone,true,US,,,,,,Mozilla/5.0
167353469,2025-07-05T08:04:31.765Z,erintherapy@gmail.com,newsletter,everyone,true,US,,,,,,Mozilla/5.0
167353469,2025-07-05T20:30:35.328Z,mrkimnmobile@gmail.com,newsletter,everyone,true,US,,,,,,Mozilla/5.0 (Windows NT 5.1; rv:11.0) Gecko Firefox/11.0 (via ggpht.com GoogleImageProxy)
167353469,2025-07-06T23:35:17.092Z,kimmyintheworld@gmail.com,newsletter,everyone,true,US,,,,,,Mozilla/5.0 (Windows NT 5.1; rv:11.0) Gecko Firefox/11.0 (via ggpht.com GoogleImageProxy)
167353469,2025-07-06T23:35:19.878Z,kimmyintheworld@gmail.com,newsletter,everyone,true,US,,,,,,Mozilla/5.0 (Windows NT 5.1; rv:11.0) Gecko Firefox/11.0 (via ggpht.com GoogleImageProxy)
167353469,2025-07-07T13:24:25.720Z,mrkimnmobile@gmail.com,newsletter,everyone,true,US,,,,,,Mozilla/5.0 (Windows NT 5.1; rv:11.0) Gecko Firefox/11.0 (via ggpht.com GoogleImageProxy)
