post_id,timestamp,email,post_type,post_audience,active_subscription,country,city,region,device_type,client_os,client_type,user_agent
167707486,2025-07-07T08:46:43.735Z,joe.simari@softchoice.com,newsletter,everyone,true,US,,,,,,"Mozilla/5.0 (Windows NT 10.0; Win64; x64) AppleWebKit/537.36 (KHTML, like Gecko) Chrome/109.0.0.0 Safari/537.36"
167707486,2025-07-07T08:49:43.573Z,amys51576@gmail.com,newsletter,everyone,true,US,,,,,,Mozilla/5.0 (Windows NT 5.1; rv:11.0) Gecko Firefox/11.0 (via ggpht.com GoogleImageProxy)
167707486,2025-07-07T08:51:01.504Z,dagnaconstenla@yahoo.com,newsletter,everyone,true,US,,,,,,Mozilla/5.0
167707486,2025-07-07T08:54:00.546Z,joannehilden@yahoo.com,newsletter,everyone,true,US,,,,,,Mozilla/5.0
167707486,2025-07-07T08:55:45.296Z,dagnaconstenla@yahoo.com,newsletter,everyone,true,US,,,,,,Mozilla/5.0
167707486,2025-07-07T08:56:57.143Z,11_orrery_lime@icloud.com,newsletter,everyone,true,NL,,,,,,Mozilla/5.0
167707486,2025-07-07T09:07:30.330Z,rencehog@icloud.com,newsletter,everyone,true,US,,,,,,Mozilla/5.0
167707486,2025-07-07T09:12:54.422Z,erintherapy@gmail.com,newsletter,everyone,true,US,,,,,,Mozilla/5.0
167707486,2025-07-07T09:13:40.008Z,ep4evr1@yahoo.com,newsletter,everyone,true,US,,,,,,Mozilla/5.0
167707486,2025-07-07T09:17:49.657Z,erintherapy@gmail.com,newsletter,everyone,true,US,,,,,,Mozilla/5.0
167707486,2025-07-07T09:20:43.272Z,tfcraig1946@gmail.com,newsletter,everyone,true,US,,,,,,Mozilla/5.0
167707486,2025-07-07T09:21:46.853Z,paraffin44052@yahoo.com,newsletter,everyone,true,US,,,,,,Mozilla/5.0
167707486,2025-07-07T09:41:02.804Z,Blairsmith0505@gmail.com,newsletter,everyone,false,US,,,,,,Mozilla/5.0 (Windows NT 5.1; rv:11.0) Gecko Firefox/11.0 (via ggpht.com GoogleImageProxy)
167707486,2025-07-07T10:02:39.231Z,spotacus1@gmail.com,newsletter,everyone,true,US,,,,,,Mozilla/5.0
167707486,2025-07-07T10:21:05.955Z,tfcraig1946@gmail.com,newsletter,everyone,true,US,,,,,,Mozilla/5.0
167707486,2025-07-07T10:46:29.121Z,erintherapy@gmail.com,newsletter,everyone,true,US,,,,,,Mozilla/5.0
167707486,2025-07-07T10:58:13.171Z,joannehilden@yahoo.com,newsletter,everyone,true,US,,,,,,YahooMailProxy; https://help.yahoo.com/kb/yahoo-mail-proxy-SLN28749.html
167707486,2025-07-07T10:58:15.620Z,joannehilden@yahoo.com,newsletter,everyone,true,US,,,,,,YahooMailProxy; https://help.yahoo.com/kb/yahoo-mail-proxy-SLN28749.html
167707486,2025-07-07T12:59:41.732Z,savage85719@gmail.com,newsletter,everyone,true,US,,,,,,Mozilla/5.0 (Windows NT 5.1; rv:11.0) Gecko Firefox/11.0 (via ggpht.com GoogleImageProxy)
167707486,2025-07-07T13:01:08.450Z,kimmyintheworld@gmail.com,newsletter,everyone,true,US,,,,,,Mozilla/5.0 (Windows NT 5.1; rv:11.0) Gecko Firefox/11.0 (via ggpht.com GoogleImageProxy)
167707486,2025-07-07T13:01:11.176Z,kimmyintheworld@gmail.com,newsletter,everyone,true,US,,,,,,Mozilla/5.0 (Windows NT 5.1; rv:11.0) Gecko Firefox/11.0 (via ggpht.com GoogleImageProxy)
167707486,2025-07-07T13:24:24.974Z,mrkimnmobile@gmail.com,newsletter,everyone,true,US,,,,,,Mozilla/5.0 (Windows NT 5.1; rv:11.0) Gecko Firefox/11.0 (via ggpht.com GoogleImageProxy)
167707486,2025-07-07T15:04:09.915Z,spotacus1@gmail.com,newsletter,everyone,true,US,,,,,,Mozilla/5.0
167707486,2025-07-07T16:59:21.015Z,ep4evr1@yahoo.com,newsletter,everyone,true,US,,,,,,Mozilla/5.0
167707486,2025-07-07T17:09:50.534Z,dagnaconstenla@yahoo.com,newsletter,everyone,true,US,,,,,,Mozilla/5.0
167707486,2025-07-07T22:24:11.579Z,prahamama911@gmail.com,newsletter,everyone,true,US,,,,,,"Mozilla/5.0 (Macintosh; Intel Mac OS X 10_15_7) AppleWebKit/605.1.15 (KHTML, like Gecko)"
167707486,2025-07-08T20:55:19.016Z,mrkimnmobile@gmail.com,newsletter,everyone,true,US,,,,,,Mozilla/5.0 (Windows NT 5.1; rv:11.0) Gecko Firefox/11.0 (via ggpht.com GoogleImageProxy)
167707486,2025-07-08T20:56:22.976Z,mrkimnmobile@gmail.com,newsletter,everyone,true,US,,,,,,Mozilla/5.0 (Windows NT 5.1; rv:11.0) Gecko Firefox/11.0 (via ggpht.com GoogleImageProxy)
167707486,2025-07-10T13:00:16.771Z,spotacus1@gmail.com,newsletter,everyone,true,US,,,,,,Mozilla/5.0
