post_id,timestamp,email,post_type,post_audience,active_subscription
167707486,2025-07-07T08:46:23.520Z,noche1alpha@gmail.com,newsletter,everyone,false
167707486,2025-07-07T08:46:24.807Z,martinlarcan60@gmail.com,newsletter,everyone,true
167707486,2025-07-07T08:46:24.986Z,erintherapy@gmail.com,newsletter,everyone,true
167707486,2025-07-07T08:46:25.048Z,tfcraig1946@gmail.com,newsletter,everyone,true
167707486,2025-07-07T08:46:25.104Z,Blairsmith0505@gmail.com,newsletter,everyone,false
167707486,2025-07-07T08:46:25.179Z,Marykatri55@gmail.com,newsletter,everyone,true
167707486,2025-07-07T08:46:25.748Z,noratomlinson@gmail.com,newsletter,everyone,true
167707486,2025-07-07T08:46:25.853Z,loraross@hotmail.com,newsletter,everyone,true
167707486,2025-07-07T08:46:25.883Z,joe.simari@softchoice.com,newsletter,everyone,true
167707486,2025-07-07T08:46:26.053Z,dagnaconstenla@yahoo.com,newsletter,everyone,true
167707486,2025-07-07T08:46:26.065Z,savage85719@gmail.com,newsletter,everyone,true
167707486,2025-07-07T08:46:26.177Z,amys51576@gmail.com,newsletter,everyone,true
167707486,2025-07-07T08:46:26.314Z,maichrye@hotmail.com,newsletter,everyone,true
167707486,2025-07-07T08:46:26.348Z,joannehilden@yahoo.com,newsletter,everyone,true
167707486,2025-07-07T08:46:26.435Z,kimmyintheworld@gmail.com,newsletter,everyone,true
167707486,2025-07-07T08:46:26.622Z,ashleympollock@gmail.com,newsletter,everyone,true
167707486,2025-07-07T08:46:26.644Z,prahamama911@gmail.com,newsletter,everyone,true
167707486,2025-07-07T08:46:26.668Z,geigenbrod@gmail.com,newsletter,everyone,true
167707486,2025-07-07T08:46:26.861Z,paraffin44052@yahoo.com,newsletter,everyone,true
167707486,2025-07-07T08:46:26.933Z,bethtab55@yahoo.com,newsletter,everyone,true
167707486,2025-07-07T08:46:27.004Z,spotacus1@gmail.com,newsletter,everyone,true
167707486,2025-07-07T08:46:27.460Z,jekerr2@gmail.com,newsletter,everyone,true
167707486,2025-07-07T08:46:27.487Z,MABOYERCPA@aol.com,newsletter,everyone,true
167707486,2025-07-07T08:46:27.554Z,ep4evr1@yahoo.com,newsletter,everyone,true
167707486,2025-07-07T08:46:27.592Z,tsoch@me.com,newsletter,everyone,true
167707486,2025-07-07T08:46:27.618Z,mrkimnmobile@gmail.com,newsletter,everyone,true
167707486,2025-07-07T08:46:27.909Z,kmcaleer@msn.com,newsletter,everyone,true
167707486,2025-07-07T08:46:27.976Z,mcfvpk@gmail.com,newsletter,everyone,true
167707486,2025-07-07T08:46:28.771Z,g_moore@live.com,newsletter,everyone,true
167707486,2025-07-07T08:46:31.181Z,rencehog@icloud.com,newsletter,everyone,true
167707486,2025-07-07T08:46:31.413Z,11_orrery_lime@icloud.com,newsletter,everyone,true
167707486,2025-07-07T08:46:32.697Z,schafer1@gondtc.com,newsletter,everyone,true
