post_id,timestamp,email,post_type,post_audience,active_subscription,country,city,region,device_type,client_os,client_type,user_agent
167890007,2025-07-09T09:10:28.708Z,joe.simari@softchoice.com,newsletter,everyone,true,US,,,,,,"Mozilla/5.0 (Windows NT 10.0; Win64; x64) AppleWebKit/537.36 (KHTML, like Gecko) Chrome/109.0.0.0 Safari/537.36"
167890007,2025-07-09T09:10:57.413Z,amys51576@gmail.com,newsletter,everyone,true,US,,,,,,Mozilla/5.0 (Windows NT 5.1; rv:11.0) Gecko Firefox/11.0 (via ggpht.com GoogleImageProxy)
167890007,2025-07-09T09:19:59.799Z,tfcraig1946@gmail.com,newsletter,everyone,true,US,,,,,,Mozilla/5.0
167890007,2025-07-09T09:26:05.076Z,joannehilden@yahoo.com,newsletter,everyone,true,US,,,,,,Mozilla/5.0
167890007,2025-07-09T09:28:57.909Z,dagnaconstenla@yahoo.com,newsletter,everyone,true,US,,,,,,Mozilla/5.0
167890007,2025-07-09T09:29:28.899Z,erintherapy@gmail.com,newsletter,everyone,true,US,,,,,,Mozilla/5.0
167890007,2025-07-09T09:34:04.478Z,ep4evr1@yahoo.com,newsletter,everyone,true,US,,,,,,Mozilla/5.0
167890007,2025-07-09T09:40:31.762Z,paraffin44052@yahoo.com,newsletter,everyone,true,NL,,,,,,Mozilla/5.0
167890007,2025-07-09T09:50:40.651Z,ep4evr1@yahoo.com,newsletter,everyone,true,US,,,,,,Mozilla/5.0
167890007,2025-07-09T09:54:39.514Z,spotacus1@gmail.com,newsletter,everyone,true,NL,,,,,,Mozilla/5.0
167890007,2025-07-09T11:59:56.676Z,dagnaconstenla@yahoo.com,newsletter,everyone,true,US,,,,,,Mozilla/5.0
167890007,2025-07-09T12:05:08.075Z,mrkimnmobile@gmail.com,newsletter,everyone,true,US,,,,,,Mozilla/5.0 (Windows NT 5.1; rv:11.0) Gecko Firefox/11.0 (via ggpht.com GoogleImageProxy)
167890007,2025-07-09T12:05:50.380Z,mrkimnmobile@gmail.com,newsletter,everyone,true,US,,,,,,Mozilla/5.0 (Windows NT 5.1; rv:11.0) Gecko Firefox/11.0 (via ggpht.com GoogleImageProxy)
167890007,2025-07-09T12:59:14.592Z,dagnaconstenla@yahoo.com,newsletter,everyone,true,US,,,,,,Mozilla/5.0
167890007,2025-07-09T13:02:12.835Z,dagnaconstenla@yahoo.com,newsletter,everyone,true,US,,,,,,YahooMailProxy; https://help.yahoo.com/kb/yahoo-mail-proxy-SLN28749.html
167890007,2025-07-09T13:11:15.118Z,erintherapy@gmail.com,newsletter,everyone,true,US,,,,,,Mozilla/5.0
167890007,2025-07-09T14:18:08.715Z,tfcraig1946@gmail.com,newsletter,everyone,true,US,,,,,,Mozilla/5.0
167890007,2025-07-09T14:25:40.075Z,rencehog@icloud.com,newsletter,everyone,true,US,,,,,,Mozilla/5.0
167890007,2025-07-09T16:10:22.804Z,spotacus1@gmail.com,newsletter,everyone,true,NL,,,,,,Mozilla/5.0
167890007,2025-07-09T19:17:04.983Z,tfcraig1946@gmail.com,newsletter,everyone,true,US,,,,,,Mozilla/5.0
167890007,2025-07-09T19:35:40.479Z,bethtab55@yahoo.com,newsletter,everyone,true,US,,,,,,YahooMailProxy; https://help.yahoo.com/kb/yahoo-mail-proxy-SLN28749.html
167890007,2025-07-09T23:37:52.917Z,prahamama911@gmail.com,newsletter,everyone,true,US,,,,,,"Mozilla/5.0 (Macintosh; Intel Mac OS X 10_15_7) AppleWebKit/605.1.15 (KHTML, like Gecko)"
167890007,2025-07-10T12:53:16.919Z,mrkimnmobile@gmail.com,newsletter,everyone,true,US,,,,,,Mozilla/5.0 (Windows NT 5.1; rv:11.0) Gecko Firefox/11.0 (via ggpht.com GoogleImageProxy)
167890007,2025-07-10T13:11:52.121Z,spotacus1@gmail.com,newsletter,everyone,true,US,,,,,,Mozilla/5.0
167890007,2025-07-15T15:11:24.846Z,erintherapy@gmail.com,newsletter,everyone,true,NL,,,,,,Mozilla/5.0
167890007,2025-07-26T00:11:49.885Z,mcfvpk@gmail.com,newsletter,everyone,true,US,,,,,,Mozilla/5.0
167890007,2025-07-26T00:11:54.437Z,mcfvpk@gmail.com,newsletter,everyone,true,NL,,,,,,Mozilla/5.0
