post_id,timestamp,email,post_type,post_audience,active_subscription
167890007,2025-07-09T09:10:06.503Z,noche1alpha@gmail.com,newsletter,everyone,false
167890007,2025-07-09T09:10:06.786Z,Blairsmith0505@gmail.com,newsletter,everyone,false
167890007,2025-07-09T09:10:06.847Z,noratomlinson@gmail.com,newsletter,everyone,true
167890007,2025-07-09T09:10:07.165Z,Marykatri55@gmail.com,newsletter,everyone,true
167890007,2025-07-09T09:10:07.166Z,savage85719@gmail.com,newsletter,everyone,true
167890007,2025-07-09T09:10:07.185Z,tfcraig1946@gmail.com,newsletter,everyone,true
167890007,2025-07-09T09:10:07.548Z,lynnk2c@yahoo.com,newsletter,everyone,true
167890007,2025-07-09T09:10:07.642Z,martinlarcan60@gmail.com,newsletter,everyone,true
167890007,2025-07-09T09:10:07.837Z,joannehilden@yahoo.com,newsletter,everyone,true
167890007,2025-07-09T09:10:07.870Z,dagnaconstenla@yahoo.com,newsletter,everyone,true
167890007,2025-07-09T09:10:08.071Z,prahamama911@gmail.com,newsletter,everyone,true
167890007,2025-07-09T09:10:08.409Z,g_moore@live.com,newsletter,everyone,true
167890007,2025-07-09T09:10:08.493Z,joe.simari@softchoice.com,newsletter,everyone,true
167890007,2025-07-09T09:10:08.550Z,erintherapy@gmail.com,newsletter,everyone,true
167890007,2025-07-09T09:10:08.883Z,ashleympollock@gmail.com,newsletter,everyone,true
167890007,2025-07-09T09:10:08.902Z,paraffin44052@yahoo.com,newsletter,everyone,true
167890007,2025-07-09T09:10:08.994Z,mrkimnmobile@gmail.com,newsletter,everyone,true
167890007,2025-07-09T09:10:09.069Z,amys51576@gmail.com,newsletter,everyone,true
167890007,2025-07-09T09:10:09.153Z,jekerr2@gmail.com,newsletter,everyone,true
167890007,2025-07-09T09:10:09.323Z,maichrye@hotmail.com,newsletter,everyone,true
167890007,2025-07-09T09:10:09.428Z,tsoch@me.com,newsletter,everyone,true
167890007,2025-07-09T09:10:09.461Z,mhduffy@outlook.com,newsletter,everyone,true
167890007,2025-07-09T09:10:09.481Z,ep4evr1@yahoo.com,newsletter,everyone,true
167890007,2025-07-09T09:10:09.726Z,spotacus1@gmail.com,newsletter,everyone,true
167890007,2025-07-09T09:10:09.920Z,MABOYERCPA@aol.com,newsletter,everyone,true
167890007,2025-07-09T09:10:10.031Z,bethtab55@yahoo.com,newsletter,everyone,true
167890007,2025-07-09T09:10:10.259Z,loraross@hotmail.com,newsletter,everyone,true
167890007,2025-07-09T09:10:10.464Z,geigenbrod@gmail.com,newsletter,everyone,true
167890007,2025-07-09T09:10:10.478Z,mcfvpk@gmail.com,newsletter,everyone,true
167890007,2025-07-09T09:10:11.210Z,kmcaleer@msn.com,newsletter,everyone,true
167890007,2025-07-09T09:10:13.807Z,11_orrery_lime@icloud.com,newsletter,everyone,true
167890007,2025-07-09T09:10:13.915Z,rencehog@icloud.com,newsletter,everyone,true
167890007,2025-07-09T09:10:15.908Z,schafer1@gondtc.com,newsletter,everyone,true
