post_id,timestamp,email,post_type,post_audience,active_subscription
168373573,2025-07-15T10:25:48.590Z,noche1alpha@gmail.com,newsletter,everyone,false
168373573,2025-07-15T10:25:50.504Z,Blairsmith0505@gmail.com,newsletter,everyone,false
168373573,2025-07-15T10:25:51.705Z,tfcraig1946@gmail.com,newsletter,everyone,true
168373573,2025-07-15T10:25:51.777Z,noratomlinson@gmail.com,newsletter,everyone,true
168373573,2025-07-15T10:25:51.874Z,prahamama911@gmail.com,newsletter,everyone,true
168373573,2025-07-15T10:25:51.999Z,dagnaconstenla@yahoo.com,newsletter,everyone,true
168373573,2025-07-15T10:25:52.069Z,Marykatri55@gmail.com,newsletter,everyone,true
168373573,2025-07-15T10:25:52.084Z,martinlarcan60@gmail.com,newsletter,everyone,true
168373573,2025-07-15T10:25:52.265Z,lynnk2c@yahoo.com,newsletter,everyone,true
168373573,2025-07-15T10:25:52.513Z,savage85719@gmail.com,newsletter,everyone,true
168373573,2025-07-15T10:25:52.537Z,spotacus1@gmail.com,newsletter,everyone,true
168373573,2025-07-15T10:25:52.751Z,erintherapy@gmail.com,newsletter,everyone,true
168373573,2025-07-15T10:25:53.356Z,paraffin44052@yahoo.com,newsletter,everyone,true
168373573,2025-07-15T10:25:53.388Z,joannehilden@yahoo.com,newsletter,everyone,true
168373573,2025-07-15T10:25:53.592Z,joe.simari@softchoice.com,newsletter,everyone,true
168373573,2025-07-15T10:25:53.966Z,ep4evr1@yahoo.com,newsletter,everyone,true
168373573,2025-07-15T10:25:53.969Z,jekerr2@gmail.com,newsletter,everyone,true
168373573,2025-07-15T10:25:53.972Z,ashleympollock@gmail.com,newsletter,everyone,true
168373573,2025-07-15T10:25:54.065Z,loraross@hotmail.com,newsletter,everyone,true
168373573,2025-07-15T10:25:54.065Z,mrkimnmobile@gmail.com,newsletter,everyone,true
168373573,2025-07-15T10:25:54.066Z,maichrye@hotmail.com,newsletter,everyone,true
168373573,2025-07-15T10:25:54.095Z,mcfvpk@gmail.com,newsletter,everyone,true
168373573,2025-07-15T10:25:54.152Z,g_moore@live.com,newsletter,everyone,true
168373573,2025-07-15T10:25:54.355Z,mhduffy@outlook.com,newsletter,everyone,true
168373573,2025-07-15T10:25:54.682Z,geigenbrod@gmail.com,newsletter,everyone,true
168373573,2025-07-15T10:25:54.733Z,kmcaleer@msn.com,newsletter,everyone,true
168373573,2025-07-15T10:25:55.047Z,MABOYERCPA@aol.com,newsletter,everyone,true
168373573,2025-07-15T10:25:55.051Z,amys51576@gmail.com,newsletter,everyone,true
168373573,2025-07-15T10:25:55.383Z,bethtab55@yahoo.com,newsletter,everyone,true
168373573,2025-07-15T10:25:56.594Z,tsoch@me.com,newsletter,everyone,true
168373573,2025-07-15T10:25:58.460Z,11_orrery_lime@icloud.com,newsletter,everyone,true
168373573,2025-07-15T10:25:58.949Z,rencehog@icloud.com,newsletter,everyone,true
168373573,2025-07-15T10:25:59.566Z,schafer1@gondtc.com,newsletter,everyone,true
