post_id,timestamp,email,post_type,post_audience,active_subscription,country,city,region,device_type,client_os,client_type,user_agent
168373573,2025-07-15T10:26:32.705Z,joe.simari@softchoice.com,newsletter,everyone,true,US,,,,,,"Mozilla/5.0 (Windows NT 10.0; Win64; x64) AppleWebKit/537.36 (KHTML, like Gecko) Chrome/109.0.0.0 Safari/537.36"
168373573,2025-07-15T10:28:48.334Z,paraffin44052@yahoo.com,newsletter,everyone,true,US,,,,,,Mozilla/5.0
168373573,2025-07-15T10:36:46.058Z,jekerr2@gmail.com,newsletter,everyone,true,US,,,,,,Mozilla/5.0 (Windows NT 5.1; rv:11.0) Gecko Firefox/11.0 (via ggpht.com GoogleImageProxy)
168373573,2025-07-15T10:37:19.563Z,spotacus1@gmail.com,newsletter,everyone,true,US,,,,,,Mozilla/5.0
168373573,2025-07-15T10:38:57.230Z,jekerr2@gmail.com,newsletter,everyone,true,US,,,,,,Mozilla/5.0 (Windows NT 5.1; rv:11.0) Gecko Firefox/11.0 (via ggpht.com GoogleImageProxy)
168373573,2025-07-15T10:40:07.142Z,erintherapy@gmail.com,newsletter,everyone,true,US,,,,,,Mozilla/5.0
168373573,2025-07-15T10:40:43.484Z,ep4evr1@yahoo.com,newsletter,everyone,true,US,,,,,,Mozilla/5.0
168373573,2025-07-15T10:41:23.386Z,ep4evr1@yahoo.com,newsletter,everyone,true,NL,,,,,,Mozilla/5.0
168373573,2025-07-15T10:42:43.760Z,11_orrery_lime@icloud.com,newsletter,everyone,true,NL,,,,,,Mozilla/5.0
168373573,2025-07-15T10:46:05.498Z,dagnaconstenla@yahoo.com,newsletter,everyone,true,US,,,,,,Mozilla/5.0
168373573,2025-07-15T10:53:59.133Z,rencehog@icloud.com,newsletter,everyone,true,US,,,,,,Mozilla/5.0
168373573,2025-07-15T10:54:56.034Z,joannehilden@yahoo.com,newsletter,everyone,true,US,,,,,,Mozilla/5.0
168373573,2025-07-15T11:19:25.757Z,erintherapy@gmail.com,newsletter,everyone,true,US,,,,,,Mozilla/5.0
168373573,2025-07-15T11:30:49.146Z,joannehilden@yahoo.com,newsletter,everyone,true,US,,,,,,YahooMailProxy; https://help.yahoo.com/kb/yahoo-mail-proxy-SLN28749.html
168373573,2025-07-15T11:30:52.083Z,joannehilden@yahoo.com,newsletter,everyone,true,US,,,,,,YahooMailProxy; https://help.yahoo.com/kb/yahoo-mail-proxy-SLN28749.html
168373573,2025-07-15T13:28:00.835Z,tfcraig1946@gmail.com,newsletter,everyone,true,US,,,,,,Mozilla/5.0
168373573,2025-07-15T13:58:03.705Z,erintherapy@gmail.com,newsletter,everyone,true,NL,,,,,,Mozilla/5.0
168373573,2025-07-15T16:04:17.473Z,spotacus1@gmail.com,newsletter,everyone,true,US,,,,,,Mozilla/5.0
168373573,2025-07-15T19:19:43.358Z,savage85719@gmail.com,newsletter,everyone,true,US,,,,,,Mozilla/5.0 (Windows NT 5.1; rv:11.0) Gecko Firefox/11.0 (via ggpht.com GoogleImageProxy)
168373573,2025-07-15T20:54:14.750Z,tfcraig1946@gmail.com,newsletter,everyone,true,US,,,,,,Mozilla/5.0
168373573,2025-07-16T01:37:35.200Z,mhduffy@outlook.com,newsletter,everyone,true,NL,,,,,,Mozilla/5.0
168373573,2025-07-16T02:14:45.161Z,prahamama911@gmail.com,newsletter,everyone,true,US,,,,,,"Mozilla/5.0 (Macintosh; Intel Mac OS X 10_15_7) AppleWebKit/605.1.15 (KHTML, like Gecko)"
168373573,2025-07-16T12:17:16.178Z,tfcraig1946@gmail.com,newsletter,everyone,true,US,,,,,,Mozilla/5.0
168373573,2025-07-17T00:40:34.228Z,spotacus1@gmail.com,newsletter,everyone,true,US,,,,,,Mozilla/5.0
168373573,2025-07-18T15:26:45.338Z,mrkimnmobile@gmail.com,newsletter,everyone,true,US,,,,,,Mozilla/5.0 (Windows NT 5.1; rv:11.0) Gecko Firefox/11.0 (via ggpht.com GoogleImageProxy)
168373573,2025-07-18T15:27:15.310Z,mrkimnmobile@gmail.com,newsletter,everyone,true,US,,,,,,Mozilla/5.0 (Windows NT 5.1; rv:11.0) Gecko Firefox/11.0 (via ggpht.com GoogleImageProxy)
