post_id,timestamp,email,post_type,post_audience,active_subscription,country,city,region,device_type,client_os,client_type,user_agent
168772059,2025-07-20T22:20:29.720Z,joe.simari@softchoice.com,newsletter,everyone,true,US,,,,,,"Mozilla/5.0 (Windows NT 10.0; Win64; x64) AppleWebKit/537.36 (KHTML, like Gecko) Chrome/109.0.0.0 Safari/537.36"
168772059,2025-07-20T22:22:36.312Z,dagnaconstenla@yahoo.com,newsletter,everyone,true,US,,,,,,YahooMailProxy; https://help.yahoo.com/kb/yahoo-mail-proxy-SLN28749.html
168772059,2025-07-20T22:22:37.218Z,dagnaconstenla@yahoo.com,newsletter,everyone,true,US,,,,,,YahooMailProxy; https://help.yahoo.com/kb/yahoo-mail-proxy-SLN28749.html
168772059,2025-07-20T22:22:43.130Z,dagnaconstenla@yahoo.com,newsletter,everyone,true,US,,,,,,YahooMailProxy; https://help.yahoo.com/kb/yahoo-mail-proxy-SLN28749.html
168772059,2025-07-20T22:24:17.772Z,dagnaconstenla@yahoo.com,newsletter,everyone,true,US,,,,,,Mozilla/5.0
168772059,2025-07-20T22:27:01.277Z,Blairsmith0505@gmail.com,newsletter,everyone,false,US,,,,,,Mozilla/5.0 (Windows NT 5.1; rv:11.0) Gecko Firefox/11.0 (via ggpht.com GoogleImageProxy)
168772059,2025-07-20T22:37:26.482Z,rencehog@icloud.com,newsletter,everyone,true,US,,,,,,Mozilla/5.0
168772059,2025-07-20T22:40:53.510Z,dagnaconstenla@yahoo.com,newsletter,everyone,true,US,,,,,,Mozilla/5.0
168772059,2025-07-20T22:48:44.480Z,erintherapy@gmail.com,newsletter,everyone,true,US,,,,,,Mozilla/5.0
168772059,2025-07-20T23:00:58.295Z,ep4evr1@yahoo.com,newsletter,everyone,true,US,,,,,,Mozilla/5.0
168772059,2025-07-20T23:15:26.011Z,tfcraig1946@gmail.com,newsletter,everyone,true,US,,,,,,Mozilla/5.0
168772059,2025-07-20T23:35:59.196Z,savage85719@gmail.com,newsletter,everyone,true,US,,,,,,Mozilla/5.0 (Windows NT 5.1; rv:11.0) Gecko Firefox/11.0 (via ggpht.com GoogleImageProxy)
168772059,2025-07-21T01:43:13.471Z,savage85719@gmail.com,newsletter,everyone,true,US,,,,,,Mozilla/5.0 (Windows NT 5.1; rv:11.0) Gecko Firefox/11.0 (via ggpht.com GoogleImageProxy)
168772059,2025-07-21T02:06:03.619Z,ep4evr1@yahoo.com,newsletter,everyone,true,US,,,,,,Mozilla/5.0
168772059,2025-07-21T02:23:52.143Z,tfcraig1946@gmail.com,newsletter,everyone,true,NL,,,,,,Mozilla/5.0
168772059,2025-07-21T02:42:09.833Z,mhduffy@outlook.com,newsletter,everyone,true,US,,,,,,Mozilla/5.0
168772059,2025-07-21T04:12:07.330Z,paraffin44052@yahoo.com,newsletter,everyone,true,NL,,,,,,Mozilla/5.0
168772059,2025-07-21T05:01:46.116Z,erintherapy@gmail.com,newsletter,everyone,true,US,,,,,,Mozilla/5.0
168772059,2025-07-21T12:07:22.673Z,mrkimnmobile@gmail.com,newsletter,everyone,true,US,,,,,,Mozilla/5.0 (Windows NT 5.1; rv:11.0) Gecko Firefox/11.0 (via ggpht.com GoogleImageProxy)
168772059,2025-07-21T12:14:04.461Z,mrkimnmobile@gmail.com,newsletter,everyone,true,US,,,,,,Mozilla/5.0 (Windows NT 5.1; rv:11.0) Gecko Firefox/11.0 (via ggpht.com GoogleImageProxy)
168772059,2025-07-21T12:59:07.122Z,spotacus1@gmail.com,newsletter,everyone,true,NL,,,,,,Mozilla/5.0
168772059,2025-07-21T13:26:23.751Z,mrkimnmobile@gmail.com,newsletter,everyone,true,US,,,,,,Mozilla/5.0 (Windows NT 5.1; rv:11.0) Gecko Firefox/11.0 (via ggpht.com GoogleImageProxy)
168772059,2025-07-21T14:07:21.597Z,noche1alpha@gmail.com,newsletter,everyone,false,US,,,,,,Mozilla/5.0 (Windows NT 5.1; rv:11.0) Gecko Firefox/11.0 (via ggpht.com GoogleImageProxy)
168772059,2025-07-21T14:07:51.525Z,noche1alpha@gmail.com,newsletter,everyone,false,US,,,,,,Mozilla/5.0 (Windows NT 5.1; rv:11.0) Gecko Firefox/11.0 (via ggpht.com GoogleImageProxy)
168772059,2025-07-21T14:08:20.415Z,noche1alpha@gmail.com,newsletter,everyone,false,US,,,,,,Mozilla/5.0 (Windows NT 5.1; rv:11.0) Gecko Firefox/11.0 (via ggpht.com GoogleImageProxy)
168772059,2025-07-21T14:09:22.233Z,noche1alpha@gmail.com,newsletter,everyone,false,US,,,,,,Mozilla/5.0 (Windows NT 5.1; rv:11.0) Gecko Firefox/11.0 (via ggpht.com GoogleImageProxy)
168772059,2025-07-21T16:25:21.982Z,Blairsmith0505@gmail.com,newsletter,everyone,false,US,,,,,,Mozilla/5.0 (Windows NT 5.1; rv:11.0) Gecko Firefox/11.0 (via ggpht.com GoogleImageProxy)
168772059,2025-07-21T20:08:34.766Z,mrkimnmobile@gmail.com,newsletter,everyone,true,US,,,,,,Mozilla/5.0 (Windows NT 5.1; rv:11.0) Gecko Firefox/11.0 (via ggpht.com GoogleImageProxy)
168772059,2025-07-21T20:08:48.503Z,mrkimnmobile@gmail.com,newsletter,everyone,true,US,,,,,,Mozilla/5.0 (Windows NT 5.1; rv:11.0) Gecko Firefox/11.0 (via ggpht.com GoogleImageProxy)
168772059,2025-07-21T20:08:55.420Z,mrkimnmobile@gmail.com,newsletter,everyone,true,US,,,,,,Mozilla/5.0 (Windows NT 5.1; rv:11.0) Gecko Firefox/11.0 (via ggpht.com GoogleImageProxy)
168772059,2025-07-23T03:26:45.488Z,tfcraig1946@gmail.com,newsletter,everyone,true,US,,,,,,Mozilla/5.0
