post_id,timestamp,email,post_type,post_audience,active_subscription
168772059,2025-07-20T22:19:54.839Z,noche1alpha@gmail.com,newsletter,everyone,false
168772059,2025-07-20T22:19:55.742Z,tfcraig1946@gmail.com,newsletter,everyone,true
168772059,2025-07-20T22:19:55.935Z,noratomlinson@gmail.com,newsletter,everyone,true
168772059,2025-07-20T22:19:56.123Z,Marykatri55@gmail.com,newsletter,everyone,true
168772059,2025-07-20T22:19:56.226Z,dagnaconstenla@yahoo.com,newsletter,everyone,true
168772059,2025-07-20T22:19:56.395Z,savage85719@gmail.com,newsletter,everyone,true
168772059,2025-07-20T22:19:56.508Z,spotacus1@gmail.com,newsletter,everyone,true
168772059,2025-07-20T22:19:56.591Z,prahamama911@gmail.com,newsletter,everyone,true
168772059,2025-07-20T22:19:56.634Z,joannehilden@yahoo.com,newsletter,everyone,true
168772059,2025-07-20T22:19:56.772Z,loraross@hotmail.com,newsletter,everyone,true
168772059,2025-07-20T22:19:56.906Z,amys51576@gmail.com,newsletter,everyone,true
168772059,2025-07-20T22:19:56.996Z,jekerr2@gmail.com,newsletter,everyone,true
168772059,2025-07-20T22:19:57.023Z,lynnk2c@yahoo.com,newsletter,everyone,true
168772059,2025-07-20T22:19:57.043Z,mhduffy@outlook.com,newsletter,everyone,true
168772059,2025-07-20T22:19:57.043Z,mcfvpk@gmail.com,newsletter,everyone,true
168772059,2025-07-20T22:19:57.065Z,ashleympollock@gmail.com,newsletter,everyone,true
168772059,2025-07-20T22:19:57.117Z,geigenbrod@gmail.com,newsletter,everyone,true
168772059,2025-07-20T22:19:57.140Z,kmcaleer@msn.com,newsletter,everyone,true
168772059,2025-07-20T22:19:57.238Z,paraffin44052@yahoo.com,newsletter,everyone,true
168772059,2025-07-20T22:19:57.253Z,g_moore@live.com,newsletter,everyone,true
168772059,2025-07-20T22:19:57.257Z,Blairsmith0505@gmail.com,newsletter,everyone,false
168772059,2025-07-20T22:19:57.386Z,bethtab55@yahoo.com,newsletter,everyone,true
168772059,2025-07-20T22:19:57.410Z,MABOYERCPA@aol.com,newsletter,everyone,true
168772059,2025-07-20T22:19:57.453Z,mrkimnmobile@gmail.com,newsletter,everyone,true
168772059,2025-07-20T22:19:57.543Z,jerneganj@gmail.com,newsletter,everyone,true
168772059,2025-07-20T22:19:57.597Z,joe.simari@softchoice.com,newsletter,everyone,true
168772059,2025-07-20T22:19:57.643Z,ep4evr1@yahoo.com,newsletter,everyone,true
168772059,2025-07-20T22:19:58.368Z,martinlarcan60@gmail.com,newsletter,everyone,true
168772059,2025-07-20T22:19:58.473Z,erintherapy@gmail.com,newsletter,everyone,true
168772059,2025-07-20T22:19:58.905Z,maichrye@hotmail.com,newsletter,everyone,true
168772059,2025-07-20T22:20:00.745Z,tsoch@me.com,newsletter,everyone,true
168772059,2025-07-20T22:20:01.111Z,11_orrery_lime@icloud.com,newsletter,everyone,true
168772059,2025-07-20T22:20:03.520Z,schafer1@gondtc.com,newsletter,everyone,true
168772059,2025-07-20T22:20:03.941Z,rencehog@icloud.com,newsletter,everyone,true
