post_id,timestamp,email,post_type,post_audience,active_subscription,country,city,region,device_type,client_os,client_type,user_agent
169553133,2025-07-29T17:35:01.111Z,amys51576@gmail.com,newsletter,everyone,true,US,,,,,,Mozilla/5.0 (Windows NT 5.1; rv:11.0) Gecko Firefox/11.0 (via ggpht.com GoogleImageProxy)
169553133,2025-07-29T17:35:19.696Z,spotacus1@gmail.com,newsletter,everyone,true,US,,,,,,Mozilla/5.0
169553133,2025-07-29T17:35:29.685Z,ashleympollock@gmail.com,newsletter,everyone,true,US,,,,,,Mozilla/5.0 (Windows NT 5.1; rv:11.0) Gecko Firefox/11.0 (via ggpht.com GoogleImageProxy)
169553133,2025-07-29T17:35:29.936Z,Blairsmith0505@gmail.com,newsletter,everyone,false,US,,,,,,Mozilla/5.0 (Windows NT 5.1; rv:11.0) Gecko Firefox/11.0 (via ggpht.com GoogleImageProxy)
169553133,2025-07-29T17:38:57.138Z,joannehilden@yahoo.com,newsletter,everyone,true,US,,,,,,YahooMailProxy; https://help.yahoo.com/kb/yahoo-mail-proxy-SLN28749.html
169553133,2025-07-29T17:46:42.679Z,erintherapy@gmail.com,newsletter,everyone,true,US,,,,,,Mozilla/5.0
169553133,2025-07-29T17:48:39.263Z,jekerr2@gmail.com,newsletter,everyone,true,US,,,,,,Mozilla/5.0 (Windows NT 5.1; rv:11.0) Gecko Firefox/11.0 (via ggpht.com GoogleImageProxy)
169553133,2025-07-29T17:51:31.916Z,MABOYERCPA@AOL.COM,newsletter,everyone,true,US,,,,,,YahooMailProxy; https://help.yahoo.com/kb/yahoo-mail-proxy-SLN28749.html
169553133,2025-07-29T17:53:40.257Z,joannehilden@yahoo.com,newsletter,everyone,true,US,,,,,,YahooMailProxy; https://help.yahoo.com/kb/yahoo-mail-proxy-SLN28749.html
169553133,2025-07-29T17:56:34.682Z,erintherapy@gmail.com,newsletter,everyone,true,US,,,,,,Mozilla/5.0
169553133,2025-07-29T18:05:09.303Z,paraffin44052@yahoo.com,newsletter,everyone,true,US,,,,,,Mozilla/5.0
169553133,2025-07-29T18:15:03.237Z,savage85719@gmail.com,newsletter,everyone,true,US,,,,,,Mozilla/5.0 (Windows NT 5.1; rv:11.0) Gecko Firefox/11.0 (via ggpht.com GoogleImageProxy)
169553133,2025-07-29T18:16:07.571Z,savage85719@gmail.com,newsletter,everyone,true,US,,,,,,Mozilla/5.0 (Windows NT 5.1; rv:11.0) Gecko Firefox/11.0 (via ggpht.com GoogleImageProxy)
169553133,2025-07-29T18:20:45.988Z,dagnaconstenla@yahoo.com,newsletter,everyone,true,US,,,,,,YahooMailProxy; https://help.yahoo.com/kb/yahoo-mail-proxy-SLN28749.html
169553133,2025-07-29T18:23:08.565Z,martinlarcan60@gmail.com,newsletter,everyone,true,US,,,,,,Mozilla/5.0 (Windows NT 5.1; rv:11.0) Gecko Firefox/11.0 (via ggpht.com GoogleImageProxy)
169553133,2025-07-29T18:24:45.455Z,tfcraig1946@gmail.com,newsletter,everyone,true,US,,,,,,Mozilla/5.0
169553133,2025-07-29T18:25:28.753Z,tfcraig1946@gmail.com,newsletter,everyone,true,US,,,,,,Mozilla/5.0
169553133,2025-07-29T18:28:56.523Z,rencehog@icloud.com,newsletter,everyone,true,US,,,,,,Mozilla/5.0
169553133,2025-07-29T18:31:43.229Z,joannehilden@yahoo.com,newsletter,everyone,true,US,,,,,,YahooMailProxy; https://help.yahoo.com/kb/yahoo-mail-proxy-SLN28749.html
169553133,2025-07-29T18:33:10.995Z,dagnaconstenla@yahoo.com,newsletter,everyone,true,US,,,,,,Mozilla/5.0
169553133,2025-07-29T20:15:04.776Z,jekerr2@gmail.com,newsletter,everyone,true,US,,,,,,Mozilla/5.0 (Windows NT 5.1; rv:11.0) Gecko Firefox/11.0 (via ggpht.com GoogleImageProxy)
169553133,2025-07-29T20:15:56.889Z,jekerr2@gmail.com,newsletter,everyone,true,US,,,,,,Mozilla/5.0 (Windows NT 5.1; rv:11.0) Gecko Firefox/11.0 (via ggpht.com GoogleImageProxy)
169553133,2025-07-29T20:28:03.079Z,ep4evr1@yahoo.com,newsletter,everyone,true,US,,,,,,Mozilla/5.0
169553133,2025-07-29T21:51:05.113Z,flickable@gmail.com,newsletter,everyone,true,NL,,,,,,Mozilla/5.0
169553133,2025-07-29T23:58:09.087Z,tfcraig1946@gmail.com,newsletter,everyone,true,US,,,,,,Mozilla/5.0
169553133,2025-07-30T00:24:07.887Z,spotacus1@gmail.com,newsletter,everyone,true,US,,,,,,Mozilla/5.0
169553133,2025-07-30T00:36:01.134Z,ep4evr1@yahoo.com,newsletter,everyone,true,US,,,,,,Mozilla/5.0
169553133,2025-07-30T00:49:02.628Z,dagnaconstenla@yahoo.com,newsletter,everyone,true,US,,,,,,Mozilla/5.0
169553133,2025-07-30T01:18:53.620Z,flickable@gmail.com,newsletter,everyone,true,NL,,,,,,Mozilla/5.0
169553133,2025-07-30T01:58:28.798Z,tfcraig1946@gmail.com,newsletter,everyone,true,US,,,,,,Mozilla/5.0
169553133,2025-07-30T02:22:55.749Z,prahamama911@gmail.com,newsletter,everyone,true,US,,,,,,"Mozilla/5.0 (Macintosh; Intel Mac OS X 10_15_7) AppleWebKit/605.1.15 (KHTML, like Gecko)"
169553133,2025-07-30T04:15:31.467Z,Blairsmith0505@gmail.com,newsletter,everyone,false,US,,,,,,Mozilla/5.0 (Windows NT 5.1; rv:11.0) Gecko Firefox/11.0 (via ggpht.com GoogleImageProxy)
169553133,2025-07-30T04:16:41.674Z,Blairsmith0505@gmail.com,newsletter,everyone,false,US,,,,,,Mozilla/5.0 (Windows NT 5.1; rv:11.0) Gecko Firefox/11.0 (via ggpht.com GoogleImageProxy)
169553133,2025-07-30T10:47:15.877Z,Blairsmith0505@gmail.com,newsletter,everyone,false,US,,,,,,Mozilla/5.0 (Windows NT 5.1; rv:11.0) Gecko Firefox/11.0 (via ggpht.com GoogleImageProxy)
169553133,2025-07-30T11:05:56.387Z,mhduffy@outlook.com,newsletter,everyone,true,US,,,,,,Mozilla/5.0
169553133,2025-07-30T16:09:54.718Z,jekerr2@gmail.com,newsletter,everyone,true,US,,,,,,Mozilla/5.0 (Windows NT 5.1; rv:11.0) Gecko Firefox/11.0 (via ggpht.com GoogleImageProxy)
169553133,2025-07-30T16:19:17.676Z,jekerr2@gmail.com,newsletter,everyone,true,US,,,,,,Mozilla/5.0 (Windows NT 5.1; rv:11.0) Gecko Firefox/11.0 (via ggpht.com GoogleImageProxy)
169553133,2025-07-30T19:45:59.415Z,mrkimnmobile@gmail.com,newsletter,everyone,true,US,,,,,,Mozilla/5.0 (Windows NT 5.1; rv:11.0) Gecko Firefox/11.0 (via ggpht.com GoogleImageProxy)
169553133,2025-07-31T00:32:38.624Z,tfcraig1946@gmail.com,newsletter,everyone,true,US,,,,,,Mozilla/5.0
169553133,2025-07-31T14:01:58.945Z,mrkimnmobile@gmail.com,newsletter,everyone,true,US,,,,,,Mozilla/5.0 (Windows NT 5.1; rv:11.0) Gecko Firefox/11.0 (via ggpht.com GoogleImageProxy)
169553133,2025-08-05T15:36:11.043Z,erintherapy@gmail.com,newsletter,everyone,true,US,,,,,,Mozilla/5.0
169553133,2025-08-27T18:19:41.456Z,mrkimnmobile@gmail.com,newsletter,everyone,true,US,,,,,,Mozilla/5.0 (Windows NT 5.1; rv:11.0) Gecko Firefox/11.0 (via ggpht.com GoogleImageProxy)
