post_id,timestamp,email,post_type,post_audience,active_subscription
169553133,2025-07-29T17:34:39.527Z,noche1alpha@gmail.com,newsletter,everyone,false
169553133,2025-07-29T17:34:40.896Z,Blairsmith0505@gmail.com,newsletter,everyone,false
169553133,2025-07-29T17:34:40.989Z,savage85719@gmail.com,newsletter,everyone,true
169553133,2025-07-29T17:34:41.044Z,noratomlinson@gmail.com,newsletter,everyone,true
169553133,2025-07-29T17:34:41.087Z,prahamama911@gmail.com,newsletter,everyone,true
169553133,2025-07-29T17:34:41.367Z,tfcraig1946@gmail.com,newsletter,everyone,true
169553133,2025-07-29T17:34:41.401Z,Marykatri55@gmail.com,newsletter,everyone,true
169553133,2025-07-29T17:34:41.463Z,erintherapy@gmail.com,newsletter,everyone,true
169553133,2025-07-29T17:34:41.494Z,martinlarcan60@gmail.com,newsletter,everyone,true
169553133,2025-07-29T17:34:41.637Z,dagnaconstenla@yahoo.com,newsletter,everyone,true
169553133,2025-07-29T17:34:41.862Z,spotacus1@gmail.com,newsletter,everyone,true
169553133,2025-07-29T17:34:42.208Z,paraffin44052@yahoo.com,newsletter,everyone,true
169553133,2025-07-29T17:34:42.254Z,lynnk2c@yahoo.com,newsletter,everyone,true
169553133,2025-07-29T17:34:42.422Z,joe.simari@softchoice.com,newsletter,everyone,true
169553133,2025-07-29T17:34:42.589Z,flickable@gmail.com,newsletter,everyone,true
169553133,2025-07-29T17:34:42.737Z,jekerr2@gmail.com,newsletter,everyone,true
169553133,2025-07-29T17:34:42.746Z,ashleympollock@gmail.com,newsletter,everyone,true
169553133,2025-07-29T17:34:42.757Z,MABOYERCPA@aol.com,newsletter,everyone,true
169553133,2025-07-29T17:34:42.863Z,geigenbrod@gmail.com,newsletter,everyone,true
169553133,2025-07-29T17:34:42.971Z,joannehilden@yahoo.com,newsletter,everyone,true
169553133,2025-07-29T17:34:42.985Z,ep4evr1@yahoo.com,newsletter,everyone,true
169553133,2025-07-29T17:34:43.077Z,mrkimnmobile@gmail.com,newsletter,everyone,true
169553133,2025-07-29T17:34:43.191Z,mhduffy@outlook.com,newsletter,everyone,true
169553133,2025-07-29T17:34:43.271Z,amys51576@gmail.com,newsletter,everyone,true
169553133,2025-07-29T17:34:43.466Z,buster11860@yahoo.com,newsletter,everyone,true
169553133,2025-07-29T17:34:43.578Z,bethtab55@yahoo.com,newsletter,everyone,true
169553133,2025-07-29T17:34:43.665Z,mcfvpk@gmail.com,newsletter,everyone,true
169553133,2025-07-29T17:34:43.916Z,g_moore@live.com,newsletter,everyone,true
169553133,2025-07-29T17:34:44.035Z,loraross@hotmail.com,newsletter,everyone,true
169553133,2025-07-29T17:34:44.236Z,rencehog@icloud.com,newsletter,everyone,true
169553133,2025-07-29T17:34:44.745Z,maichrye@hotmail.com,newsletter,everyone,true
169553133,2025-07-29T17:34:45.236Z,kmcaleer@msn.com,newsletter,everyone,true
169553133,2025-07-29T17:34:46.168Z,11_orrery_lime@icloud.com,newsletter,everyone,true
169553133,2025-07-29T17:34:48.392Z,schafer1@gondtc.com,newsletter,everyone,true
169553133,2025-07-29T17:34:49.143Z,tsoch@me.com,newsletter,everyone,true
