post_id,timestamp,email,post_type,post_audience,active_subscription
169825673,2025-08-01T11:45:40.812Z,noche1alpha@gmail.com,newsletter,everyone,false
169825673,2025-08-01T11:45:41.094Z,noratomlinson@gmail.com,newsletter,everyone,true
169825673,2025-08-01T11:45:41.113Z,tfcraig1946@gmail.com,newsletter,everyone,true
169825673,2025-08-01T11:45:41.555Z,prahamama911@gmail.com,newsletter,everyone,true
169825673,2025-08-01T11:45:41.573Z,savage85719@gmail.com,newsletter,everyone,true
169825673,2025-08-01T11:45:41.761Z,Marykatri55@gmail.com,newsletter,everyone,true
169825673,2025-08-01T11:45:41.805Z,Blairsmith0505@gmail.com,newsletter,everyone,false
169825673,2025-08-01T11:45:41.896Z,lynnk2c@yahoo.com,newsletter,everyone,true
169825673,2025-08-01T11:45:41.952Z,loraross@hotmail.com,newsletter,everyone,true
169825673,2025-08-01T11:45:41.994Z,martinlarcan60@gmail.com,newsletter,everyone,true
169825673,2025-08-01T11:45:42.161Z,erintherapy@gmail.com,newsletter,everyone,true
169825673,2025-08-01T11:45:42.178Z,spotacus1@gmail.com,newsletter,everyone,true
169825673,2025-08-01T11:45:42.181Z,joe.simari@softchoice.com,newsletter,everyone,true
169825673,2025-08-01T11:45:42.224Z,profornery@gmail.com,newsletter,everyone,true
169825673,2025-08-01T11:45:42.288Z,kmcaleer@msn.com,newsletter,everyone,true
169825673,2025-08-01T11:45:42.302Z,amys51576@gmail.com,newsletter,everyone,true
169825673,2025-08-01T11:45:42.463Z,jekerr2@gmail.com,newsletter,everyone,true
169825673,2025-08-01T11:45:42.556Z,flickable@gmail.com,newsletter,everyone,true
169825673,2025-08-01T11:45:42.577Z,mcfvpk@gmail.com,newsletter,everyone,true
169825673,2025-08-01T11:45:42.634Z,mhduffy@outlook.com,newsletter,everyone,true
169825673,2025-08-01T11:45:42.717Z,MABOYERCPA@aol.com,newsletter,everyone,true
169825673,2025-08-01T11:45:42.720Z,geigenbrod@gmail.com,newsletter,everyone,true
169825673,2025-08-01T11:45:42.899Z,tsoch@me.com,newsletter,everyone,true
169825673,2025-08-01T11:45:42.962Z,maichrye@hotmail.com,newsletter,everyone,true
169825673,2025-08-01T11:45:42.992Z,mrkimnmobile@gmail.com,newsletter,everyone,true
169825673,2025-08-01T11:45:43.060Z,paraffin44052@yahoo.com,newsletter,everyone,true
169825673,2025-08-01T11:45:43.119Z,dagnaconstenla@yahoo.com,newsletter,everyone,true
169825673,2025-08-01T11:45:43.228Z,joannehilden@yahoo.com,newsletter,everyone,true
169825673,2025-08-01T11:45:43.236Z,buster11860@yahoo.com,newsletter,everyone,true
169825673,2025-08-01T11:45:43.508Z,ashleympollock@gmail.com,newsletter,everyone,true
169825673,2025-08-01T11:45:43.763Z,bethtab55@yahoo.com,newsletter,everyone,true
169825673,2025-08-01T11:45:43.765Z,g_moore@live.com,newsletter,everyone,true
169825673,2025-08-01T11:45:43.776Z,ep4evr1@yahoo.com,newsletter,everyone,true
169825673,2025-08-01T11:45:44.621Z,lorky1@sbcglobal.net,newsletter,everyone,true
169825673,2025-08-01T11:45:44.648Z,rencehog@icloud.com,newsletter,everyone,true
169825673,2025-08-01T11:45:46.710Z,11_orrery_lime@icloud.com,newsletter,everyone,true
169825673,2025-08-01T11:45:48.553Z,schafer1@gondtc.com,newsletter,everyone,true
