post_id,timestamp,email,post_type,post_audience,active_subscription,country,city,region,device_type,client_os,client_type,user_agent
169825673,2025-08-01T11:46:07.726Z,amys51576@gmail.com,newsletter,everyone,true,US,,,,,,Mozilla/5.0 (Windows NT 5.1; rv:11.0) Gecko Firefox/11.0 (via ggpht.com GoogleImageProxy)
169825673,2025-08-01T11:51:48.060Z,Blairsmith0505@gmail.com,newsletter,everyone,false,US,,,,,,Mozilla/5.0 (Windows NT 5.1; rv:11.0) Gecko Firefox/11.0 (via ggpht.com GoogleImageProxy)
169825673,2025-08-01T11:55:29.530Z,spotacus1@gmail.com,newsletter,everyone,true,US,,,,,,Mozilla/5.0
169825673,2025-08-01T12:02:55.493Z,flickable@gmail.com,newsletter,everyone,true,IT,,,,,,Mozilla/5.0
169825673,2025-08-01T12:12:38.885Z,erintherapy@gmail.com,newsletter,everyone,true,US,,,,,,Mozilla/5.0
169825673,2025-08-01T12:17:18.384Z,erintherapy@gmail.com,newsletter,everyone,true,US,,,,,,Mozilla/5.0
169825673,2025-08-01T12:22:18.428Z,paraffin44052@yahoo.com,newsletter,everyone,true,US,,,,,,Mozilla/5.0
169825673,2025-08-01T12:54:45.237Z,tfcraig1946@gmail.com,newsletter,everyone,true,US,,,,,,Mozilla/5.0
169825673,2025-08-01T13:10:10.829Z,geigenbrod@gmail.com,newsletter,everyone,true,US,,,,,,Mozilla/5.0 (Windows NT 5.1; rv:11.0) Gecko Firefox/11.0 (via ggpht.com GoogleImageProxy)
169825673,2025-08-01T13:22:18.462Z,mrkimnmobile@gmail.com,newsletter,everyone,true,US,,,,,,Mozilla/5.0 (Windows NT 5.1; rv:11.0) Gecko Firefox/11.0 (via ggpht.com GoogleImageProxy)
169825673,2025-08-01T13:22:40.485Z,tfcraig1946@gmail.com,newsletter,everyone,true,US,,,,,,Mozilla/5.0
169825673,2025-08-01T13:30:05.255Z,mrkimnmobile@gmail.com,newsletter,everyone,true,US,,,,,,Mozilla/5.0 (Windows NT 5.1; rv:11.0) Gecko Firefox/11.0 (via ggpht.com GoogleImageProxy)
169825673,2025-08-01T13:31:10.373Z,mrkimnmobile@gmail.com,newsletter,everyone,true,US,,,,,,Mozilla/5.0 (Windows NT 5.1; rv:11.0) Gecko Firefox/11.0 (via ggpht.com GoogleImageProxy)
169825673,2025-08-01T14:03:05.241Z,joannehilden@yahoo.com,newsletter,everyone,true,US,,,,,,Mozilla/5.0
169825673,2025-08-01T14:17:58.896Z,prahamama911@gmail.com,newsletter,everyone,true,US,,,,,,"Mozilla/5.0 (Macintosh; Intel Mac OS X 10_15_7) AppleWebKit/605.1.15 (KHTML, like Gecko)"
169825673,2025-08-01T14:29:59.158Z,Blairsmith0505@gmail.com,newsletter,everyone,false,US,,,,,,Mozilla/5.0 (Windows NT 5.1; rv:11.0) Gecko Firefox/11.0 (via ggpht.com GoogleImageProxy)
169825673,2025-08-01T14:58:26.268Z,Blairsmith0505@gmail.com,newsletter,everyone,false,US,,,,,,Mozilla/5.0 (Windows NT 5.1; rv:11.0) Gecko Firefox/11.0 (via ggpht.com GoogleImageProxy)
169825673,2025-08-01T15:03:53.397Z,Blairsmith0505@gmail.com,newsletter,everyone,false,US,,,,,,Mozilla/5.0 (Windows NT 5.1; rv:11.0) Gecko Firefox/11.0 (via ggpht.com GoogleImageProxy)
169825673,2025-08-01T15:38:13.039Z,ep4evr1@yahoo.com,newsletter,everyone,true,US,,,,,,Mozilla/5.0
169825673,2025-08-01T16:20:38.372Z,flickable@gmail.com,newsletter,everyone,true,NL,,,,,,Mozilla/5.0
169825673,2025-08-01T16:47:30.614Z,tfcraig1946@gmail.com,newsletter,everyone,true,US,,,,,,Mozilla/5.0
169825673,2025-08-01T18:06:41.419Z,dagnaconstenla@yahoo.com,newsletter,everyone,true,US,,,,,,Mozilla/5.0
169825673,2025-08-01T18:21:56.966Z,spotacus1@gmail.com,newsletter,everyone,true,US,,,,,,Mozilla/5.0
169825673,2025-08-01T22:27:02.555Z,lorky1@sbcglobal.net,newsletter,everyone,true,NL,,,,,,Mozilla/5.0
169825673,2025-08-01T23:42:00.815Z,rencehog@icloud.com,newsletter,everyone,true,US,,,,,,Mozilla/5.0
169825673,2025-08-01T23:42:07.591Z,rencehog@icloud.com,newsletter,everyone,true,US,,,,,,Mozilla/5.0
169825673,2025-08-02T00:20:24.300Z,savage85719@gmail.com,newsletter,everyone,true,US,,,,,,Mozilla/5.0 (Windows NT 5.1; rv:11.0) Gecko Firefox/11.0 (via ggpht.com GoogleImageProxy)
169825673,2025-08-02T01:27:18.688Z,mhduffy@outlook.com,newsletter,everyone,true,NL,,,,,,Mozilla/5.0
169825673,2025-08-02T14:25:03.412Z,noche1alpha@gmail.com,newsletter,everyone,false,US,,,,,,Mozilla/5.0 (Windows NT 5.1; rv:11.0) Gecko Firefox/11.0 (via ggpht.com GoogleImageProxy)
169825673,2025-08-02T14:25:36.457Z,bethtab55@yahoo.com,newsletter,everyone,true,US,,,,,,YahooMailProxy; https://help.yahoo.com/kb/yahoo-mail-proxy-SLN28749.html
169825673,2025-08-02T20:21:28.921Z,savage85719@gmail.com,newsletter,everyone,true,US,,,,,,Mozilla/5.0 (Windows NT 5.1; rv:11.0) Gecko Firefox/11.0 (via ggpht.com GoogleImageProxy)
169825673,2025-08-03T02:46:58.804Z,tfcraig1946@gmail.com,newsletter,everyone,true,US,,,,,,Mozilla/5.0
169825673,2025-08-03T18:59:58.236Z,spotacus1@gmail.com,newsletter,everyone,true,US,,,,,,Mozilla/5.0
169825673,2025-08-03T21:25:59.025Z,tfcraig1946@gmail.com,newsletter,everyone,true,US,,,,,,Mozilla/5.0
169825673,2025-08-04T12:31:22.763Z,mrkimnmobile@gmail.com,newsletter,everyone,true,US,,,,,,Mozilla/5.0 (Windows NT 5.1; rv:11.0) Gecko Firefox/11.0 (via ggpht.com GoogleImageProxy)
169825673,2025-08-05T15:21:36.661Z,erintherapy@gmail.com,newsletter,everyone,true,US,,,,,,Mozilla/5.0
169825673,2025-08-08T19:42:23.236Z,mrkimnmobile@gmail.com,newsletter,everyone,true,US,,,,,,Mozilla/5.0 (Windows NT 5.1; rv:11.0) Gecko Firefox/11.0 (via ggpht.com GoogleImageProxy)
169825673,2025-08-12T03:06:32.043Z,mrkimnmobile@gmail.com,newsletter,everyone,true,US,,,,,,Mozilla/5.0 (Windows NT 5.1; rv:11.0) Gecko Firefox/11.0 (via ggpht.com GoogleImageProxy)
169825673,2025-08-17T20:58:54.739Z,mrkimnmobile@gmail.com,newsletter,everyone,true,US,,,,,,Mozilla/5.0 (Windows NT 5.1; rv:11.0) Gecko Firefox/11.0 (via ggpht.com GoogleImageProxy)
169825673,2025-08-27T18:19:09.645Z,mrkimnmobile@gmail.com,newsletter,everyone,true,US,,,,,,Mozilla/5.0 (Windows NT 5.1; rv:11.0) Gecko Firefox/11.0 (via ggpht.com GoogleImageProxy)
169825673,2025-08-27T18:19:41.377Z,mrkimnmobile@gmail.com,newsletter,everyone,true,US,,,,,,Mozilla/5.0 (Windows NT 5.1; rv:11.0) Gecko Firefox/11.0 (via ggpht.com GoogleImageProxy)
169825673,2025-08-30T23:09:09.558Z,tfcraig1946@gmail.com,newsletter,everyone,true,US,,,,,,Mozilla/5.0
