post_id,timestamp,email,post_type,post_audience,active_subscription
171253765,2025-08-18T09:29:57.150Z,noratomlinson@gmail.com,newsletter,everyone,true
171253765,2025-08-18T09:29:57.179Z,martinlarcan60@gmail.com,newsletter,everyone,true
171253765,2025-08-18T09:29:57.233Z,tfcraig1946@gmail.com,newsletter,everyone,true
171253765,2025-08-18T09:29:57.461Z,erintherapy@gmail.com,newsletter,everyone,true
171253765,2025-08-18T09:29:57.517Z,prahamama911@gmail.com,newsletter,everyone,true
171253765,2025-08-18T09:29:57.600Z,savage85719@gmail.com,newsletter,everyone,true
171253765,2025-08-18T09:29:57.846Z,dagnaconstenla@yahoo.com,newsletter,everyone,true
171253765,2025-08-18T09:29:57.860Z,profornery@gmail.com,newsletter,everyone,true
171253765,2025-08-18T09:29:57.898Z,lynnk2c@yahoo.com,newsletter,everyone,true
171253765,2025-08-18T09:29:58.141Z,spotacus1@gmail.com,newsletter,everyone,true
171253765,2025-08-18T09:29:58.188Z,Blairsmith0505@gmail.com,newsletter,everyone,false
171253765,2025-08-18T09:29:58.353Z,loraross@hotmail.com,newsletter,everyone,true
171253765,2025-08-18T09:29:58.443Z,mhduffy@outlook.com,newsletter,everyone,true
171253765,2025-08-18T09:29:58.576Z,Marykatri55@gmail.com,newsletter,everyone,true
171253765,2025-08-18T09:29:59.231Z,noche1alpha@gmail.com,newsletter,everyone,false
171253765,2025-08-18T09:29:59.608Z,joannehilden@yahoo.com,newsletter,everyone,true
171253765,2025-08-18T09:30:00.392Z,murdocksw@gmail.com,newsletter,everyone,true
171253765,2025-08-18T09:30:01.015Z,tsoch@me.com,newsletter,everyone,true
171253765,2025-08-18T09:30:01.381Z,amys51576@gmail.com,newsletter,everyone,true
171253765,2025-08-18T09:30:01.439Z,g_moore@live.com,newsletter,everyone,true
171253765,2025-08-18T09:30:01.723Z,geigenbrod@gmail.com,newsletter,everyone,true
171253765,2025-08-18T09:30:01.757Z,jekerr2@gmail.com,newsletter,everyone,true
171253765,2025-08-18T09:30:01.865Z,paraffin44052@yahoo.com,newsletter,everyone,true
171253765,2025-08-18T09:30:01.911Z,MABOYERCPA@aol.com,newsletter,everyone,true
171253765,2025-08-18T09:30:01.938Z,mcfvpk@gmail.com,newsletter,everyone,true
171253765,2025-08-18T09:30:01.983Z,maichrye@hotmail.com,newsletter,everyone,true
171253765,2025-08-18T09:30:02.215Z,ep4evr1@yahoo.com,newsletter,everyone,true
171253765,2025-08-18T09:30:02.335Z,buster11860@yahoo.com,newsletter,everyone,true
171253765,2025-08-18T09:30:02.459Z,foureverfitness@yahoo.com,newsletter,everyone,true
171253765,2025-08-18T09:30:02.483Z,sentac@msn.com,newsletter,everyone,true
171253765,2025-08-18T09:30:02.513Z,kevinpbrake@yahoo.com,newsletter,everyone,true
171253765,2025-08-18T09:30:02.585Z,cosmo424242@yahoo.com,newsletter,everyone,true
171253765,2025-08-18T09:30:02.628Z,joe.simari@softchoice.com,newsletter,everyone,true
171253765,2025-08-18T09:30:02.647Z,bethtab55@yahoo.com,newsletter,everyone,true
171253765,2025-08-18T09:30:02.651Z,mrkimnmobile@gmail.com,newsletter,everyone,true
171253765,2025-08-18T09:30:02.665Z,weiser99@hotmail.com,newsletter,everyone,true
171253765,2025-08-18T09:30:02.869Z,lorky1@sbcglobal.net,newsletter,everyone,true
171253765,2025-08-18T09:30:02.878Z,kmcaleer@msn.com,newsletter,everyone,true
171253765,2025-08-18T09:30:02.888Z,rencehog@icloud.com,newsletter,everyone,true
171253765,2025-08-18T09:30:03.036Z,gpurves@comcast.net,newsletter,everyone,true
171253765,2025-08-18T09:30:03.302Z,ashleympollock@gmail.com,newsletter,everyone,true
171253765,2025-08-18T09:30:03.305Z,brianhudson5280@outlook.com,newsletter,everyone,true
171253765,2025-08-18T09:30:07.599Z,schafer1@gondtc.com,newsletter,everyone,true
171253765,2025-08-18T09:30:08.561Z,11_orrery_lime@icloud.com,newsletter,everyone,true
