post_id,timestamp,email,post_type,post_audience,active_subscription,country,city,region,device_type,client_os,client_type,user_agent
171253765,2025-08-18T09:30:41.038Z,joe.simari@softchoice.com,newsletter,everyone,true,US,,,,,,"Mozilla/5.0 (Windows NT 10.0; Win64; x64) AppleWebKit/537.36 (KHTML, like Gecko) Chrome/109.0.0.0 Safari/537.36"
171253765,2025-08-18T09:35:32.438Z,amys51576@gmail.com,newsletter,everyone,true,US,,,,,,Mozilla/5.0 (Windows NT 5.1; rv:11.0) Gecko Firefox/11.0 (via ggpht.com GoogleImageProxy)
171253765,2025-08-18T09:40:03.152Z,Blairsmith0505@gmail.com,newsletter,everyone,false,US,,,,,,Mozilla/5.0 (Windows NT 5.1; rv:11.0) Gecko Firefox/11.0 (via ggpht.com GoogleImageProxy)
171253765,2025-08-18T09:42:56.226Z,dagnaconstenla@yahoo.com,newsletter,everyone,true,US,,,,,,Mozilla/5.0
171253765,2025-08-18T10:00:20.866Z,ep4evr1@yahoo.com,newsletter,everyone,true,NL,,,,,,Mozilla/5.0
171253765,2025-08-18T10:10:25.316Z,erintherapy@gmail.com,newsletter,everyone,true,US,,,,,,Mozilla/5.0
171253765,2025-08-18T11:19:31.827Z,dagnaconstenla@yahoo.com,newsletter,everyone,true,US,,,,,,Mozilla/5.0
171253765,2025-08-18T11:36:49.509Z,tfcraig1946@gmail.com,newsletter,everyone,true,US,,,,,,Mozilla/5.0
171253765,2025-08-18T12:22:59.462Z,mrkimnmobile@gmail.com,newsletter,everyone,true,US,,,,,,Mozilla/5.0 (Windows NT 5.1; rv:11.0) Gecko Firefox/11.0 (via ggpht.com GoogleImageProxy)
171253765,2025-08-18T13:19:37.315Z,tfcraig1946@gmail.com,newsletter,everyone,true,US,,,,,,Mozilla/5.0
171253765,2025-08-18T13:45:27.377Z,spotacus1@gmail.com,newsletter,everyone,true,US,,,,,,Mozilla/5.0
171253765,2025-08-18T18:30:07.506Z,paraffin44052@yahoo.com,newsletter,everyone,true,US,,,,,,Mozilla/5.0
171253765,2025-08-18T21:24:59.881Z,Blairsmith0505@gmail.com,newsletter,everyone,false,US,,,,,,Mozilla/5.0 (Windows NT 5.1; rv:11.0) Gecko Firefox/11.0 (via ggpht.com GoogleImageProxy)
171253765,2025-08-18T22:10:02.523Z,noratomlinson@gmail.com,newsletter,everyone,true,US,,,,,,Mozilla/5.0 (Windows NT 5.1; rv:11.0) Gecko Firefox/11.0 (via ggpht.com GoogleImageProxy)
171253765,2025-08-19T00:44:01.080Z,tfcraig1946@gmail.com,newsletter,everyone,true,US,,,,,,Mozilla/5.0
171253765,2025-08-19T17:20:47.715Z,brianhudson5280@outlook.com,newsletter,everyone,true,US,,,,,,Mozilla/4.0 (compatible; ms-office; MSOffice 16)
171253765,2025-08-19T17:21:01.410Z,brianhudson5280@outlook.com,newsletter,everyone,true,US,,,,,,Mozilla/4.0 (compatible; ms-office; MSOffice 16)
171253765,2025-08-19T17:21:31.049Z,brianhudson5280@outlook.com,newsletter,everyone,true,US,,,,,,Mozilla/4.0 (compatible; ms-office; MSOffice 16)
171253765,2025-08-19T19:46:44.373Z,prahamama911@gmail.com,newsletter,everyone,true,US,,,,,,"Mozilla/5.0 (Macintosh; Intel Mac OS X 10_15_7) AppleWebKit/605.1.15 (KHTML, like Gecko)"
171253765,2025-08-19T20:36:36.647Z,mrkimnmobile@gmail.com,newsletter,everyone,true,US,,,,,,Mozilla/5.0 (Windows NT 5.1; rv:11.0) Gecko Firefox/11.0 (via ggpht.com GoogleImageProxy)
171253765,2025-08-19T21:40:21.744Z,lorky1@sbcglobal.net,newsletter,everyone,true,US,,,,,,Mozilla/5.0
171253765,2025-08-21T20:17:42.192Z,spotacus1@gmail.com,newsletter,everyone,true,NL,,,,,,Mozilla/5.0
171253765,2025-08-26T15:41:43.879Z,spotacus1@gmail.com,newsletter,everyone,true,US,,,,,,Mozilla/5.0
171253765,2025-08-27T18:19:09.287Z,mrkimnmobile@gmail.com,newsletter,everyone,true,US,,,,,,Mozilla/5.0 (Windows NT 5.1; rv:11.0) Gecko Firefox/11.0 (via ggpht.com GoogleImageProxy)
