post_id,timestamp,email,post_type,post_audience,active_subscription,country,city,region,device_type,client_os,client_type,user_agent
171356035,2025-08-19T09:56:03.122Z,joe.simari@softchoice.com,newsletter,everyone,true,US,,,,,,"Mozilla/5.0 (Windows NT 10.0; Win64; x64) AppleWebKit/537.36 (KHTML, like Gecko) Chrome/109.0.0.0 Safari/537.36"
171356035,2025-08-19T09:56:55.543Z,amys51576@gmail.com,newsletter,everyone,true,US,,,,,,Mozilla/5.0 (Windows NT 5.1; rv:11.0) Gecko Firefox/11.0 (via ggpht.com GoogleImageProxy)
171356035,2025-08-19T10:12:12.507Z,spotacus1@gmail.com,newsletter,everyone,true,NL,,,,,,Mozilla/5.0
171356035,2025-08-19T10:13:59.337Z,rencehog@icloud.com,newsletter,everyone,true,US,,,,,,Mozilla/5.0
171356035,2025-08-19T10:15:08.306Z,joannehilden@yahoo.com,newsletter,everyone,true,NL,,,,,,Mozilla/5.0
171356035,2025-08-19T10:17:41.937Z,tfcraig1946@gmail.com,newsletter,everyone,true,NL,,,,,,Mozilla/5.0
171356035,2025-08-19T10:22:21.826Z,erintherapy@gmail.com,newsletter,everyone,true,US,,,,,,Mozilla/5.0
171356035,2025-08-19T10:25:40.074Z,cosmo424242@yahoo.com,newsletter,everyone,true,US,,,,,,Mozilla/5.0
171356035,2025-08-19T10:25:54.344Z,paraffin44052@yahoo.com,newsletter,everyone,true,US,,,,,,Mozilla/5.0
171356035,2025-08-19T10:28:57.331Z,Blairsmith0505@gmail.com,newsletter,everyone,false,US,,,,,,Mozilla/5.0 (Windows NT 5.1; rv:11.0) Gecko Firefox/11.0 (via ggpht.com GoogleImageProxy)
171356035,2025-08-19T10:39:20.399Z,dagnaconstenla@yahoo.com,newsletter,everyone,true,US,,,,,,Mozilla/5.0
171356035,2025-08-19T11:18:56.633Z,erintherapy@gmail.com,newsletter,everyone,true,US,,,,,,Mozilla/5.0
171356035,2025-08-19T11:30:52.468Z,ep4evr1@yahoo.com,newsletter,everyone,true,US,,,,,,Mozilla/5.0
171356035,2025-08-19T12:34:24.820Z,dagnaconstenla@yahoo.com,newsletter,everyone,true,US,,,,,,Mozilla/5.0
171356035,2025-08-19T13:30:33.089Z,dagnaconstenla@yahoo.com,newsletter,everyone,true,US,,,,,,Mozilla/5.0
171356035,2025-08-19T17:05:10.635Z,brianhudson5280@outlook.com,newsletter,everyone,true,US,,,,,,Mozilla/4.0 (compatible; ms-office; MSOffice 16)
171356035,2025-08-19T17:05:10.678Z,brianhudson5280@outlook.com,newsletter,everyone,true,US,,,,,,Mozilla/4.0 (compatible; ms-office; MSOffice 16)
171356035,2025-08-19T17:20:49.080Z,brianhudson5280@outlook.com,newsletter,everyone,true,US,,,,,,Mozilla/4.0 (compatible; ms-office; MSOffice 16)
171356035,2025-08-19T19:47:50.116Z,prahamama911@gmail.com,newsletter,everyone,true,US,,,,,,"Mozilla/5.0 (Macintosh; Intel Mac OS X 10_15_7) AppleWebKit/605.1.15 (KHTML, like Gecko)"
171356035,2025-08-19T20:36:35.966Z,mrkimnmobile@gmail.com,newsletter,everyone,true,US,,,,,,Mozilla/5.0 (Windows NT 5.1; rv:11.0) Gecko Firefox/11.0 (via ggpht.com GoogleImageProxy)
171356035,2025-08-19T21:14:06.203Z,paraffin44052@yahoo.com,newsletter,everyone,true,US,,,,,,Mozilla/5.0
171356035,2025-08-20T11:34:31.946Z,tfcraig1946@gmail.com,newsletter,everyone,true,US,,,,,,Mozilla/5.0
171356035,2025-08-20T14:10:27.533Z,mrkimnmobile@gmail.com,newsletter,everyone,true,US,,,,,,Mozilla/5.0 (Windows NT 5.1; rv:11.0) Gecko Firefox/11.0 (via ggpht.com GoogleImageProxy)
171356035,2025-08-21T11:18:07.168Z,tfcraig1946@gmail.com,newsletter,everyone,true,US,,,,,,Mozilla/5.0
171356035,2025-08-21T20:38:04.639Z,spotacus1@gmail.com,newsletter,everyone,true,US,,,,,,Mozilla/5.0
171356035,2025-08-21T22:53:46.296Z,lorky1@sbcglobal.net,newsletter,everyone,true,US,,,,,,Mozilla/5.0
