post_id,timestamp,email,post_type,post_audience,active_subscription
171356035,2025-08-19T09:55:27.536Z,noche1alpha@gmail.com,newsletter,everyone,false
171356035,2025-08-19T09:55:27.800Z,Blairsmith0505@gmail.com,newsletter,everyone,false
171356035,2025-08-19T09:55:28.218Z,tfcraig1946@gmail.com,newsletter,everyone,true
171356035,2025-08-19T09:55:28.283Z,savage85719@gmail.com,newsletter,everyone,true
171356035,2025-08-19T09:55:28.379Z,erintherapy@gmail.com,newsletter,everyone,true
171356035,2025-08-19T09:55:28.415Z,Marykatri55@gmail.com,newsletter,everyone,true
171356035,2025-08-19T09:55:28.442Z,prahamama911@gmail.com,newsletter,everyone,true
171356035,2025-08-19T09:55:28.458Z,martinlarcan60@gmail.com,newsletter,everyone,true
171356035,2025-08-19T09:55:28.461Z,noratomlinson@gmail.com,newsletter,everyone,true
171356035,2025-08-19T09:55:28.487Z,profornery@gmail.com,newsletter,everyone,true
171356035,2025-08-19T09:55:28.692Z,dagnaconstenla@yahoo.com,newsletter,everyone,true
171356035,2025-08-19T09:55:28.861Z,lynnk2c@yahoo.com,newsletter,everyone,true
171356035,2025-08-19T09:55:29.345Z,loraross@hotmail.com,newsletter,everyone,true
171356035,2025-08-19T09:55:29.368Z,tsoch@me.com,newsletter,everyone,true
171356035,2025-08-19T09:55:29.461Z,spotacus1@gmail.com,newsletter,everyone,true
171356035,2025-08-19T09:55:29.917Z,joannehilden@yahoo.com,newsletter,everyone,true
171356035,2025-08-19T09:55:30.098Z,kmcaleer@msn.com,newsletter,everyone,true
171356035,2025-08-19T09:55:30.239Z,mhduffy@outlook.com,newsletter,everyone,true
171356035,2025-08-19T09:55:30.267Z,paraffin44052@yahoo.com,newsletter,everyone,true
171356035,2025-08-19T09:55:30.436Z,joe.simari@softchoice.com,newsletter,everyone,true
171356035,2025-08-19T09:55:30.604Z,murdocksw@gmail.com,newsletter,everyone,true
171356035,2025-08-19T09:55:30.628Z,lorky1@sbcglobal.net,newsletter,everyone,true
171356035,2025-08-19T09:55:30.855Z,mcfvpk@gmail.com,newsletter,everyone,true
171356035,2025-08-19T09:55:30.899Z,ashleympollock@gmail.com,newsletter,everyone,true
171356035,2025-08-19T09:55:30.916Z,sentac@msn.com,newsletter,everyone,true
171356035,2025-08-19T09:55:30.930Z,jekerr2@gmail.com,newsletter,everyone,true
171356035,2025-08-19T09:55:30.951Z,cosmo424242@yahoo.com,newsletter,everyone,true
171356035,2025-08-19T09:55:30.957Z,mrkimnmobile@gmail.com,newsletter,everyone,true
171356035,2025-08-19T09:55:30.974Z,geigenbrod@gmail.com,newsletter,everyone,true
171356035,2025-08-19T09:55:30.979Z,maichrye@hotmail.com,newsletter,everyone,true
171356035,2025-08-19T09:55:31.008Z,amys51576@gmail.com,newsletter,everyone,true
171356035,2025-08-19T09:55:31.101Z,foureverfitness@yahoo.com,newsletter,everyone,true
171356035,2025-08-19T09:55:31.274Z,kevinpbrake@yahoo.com,newsletter,everyone,true
171356035,2025-08-19T09:55:31.367Z,brianhudson5280@outlook.com,newsletter,everyone,true
171356035,2025-08-19T09:55:31.453Z,buster11860@yahoo.com,newsletter,everyone,true
171356035,2025-08-19T09:55:31.559Z,g_moore@live.com,newsletter,everyone,true
171356035,2025-08-19T09:55:31.821Z,ep4evr1@yahoo.com,newsletter,everyone,true
171356035,2025-08-19T09:55:32.176Z,bethtab55@yahoo.com,newsletter,everyone,true
171356035,2025-08-19T09:55:32.337Z,MABOYERCPA@aol.com,newsletter,everyone,true
171356035,2025-08-19T09:55:32.872Z,rencehog@icloud.com,newsletter,everyone,true
171356035,2025-08-19T09:55:33.694Z,gpurves@comcast.net,newsletter,everyone,true
171356035,2025-08-19T09:55:34.157Z,11_orrery_lime@icloud.com,newsletter,everyone,true
171356035,2025-08-19T09:55:34.753Z,weiser99@hotmail.com,newsletter,everyone,true
171356035,2025-08-19T09:55:37.748Z,schafer1@gondtc.com,newsletter,everyone,true
