post_id,timestamp,email,post_type,post_audience,active_subscription
171653902,2025-08-22T13:17:46.707Z,noche1alpha@gmail.com,newsletter,everyone,false
171653902,2025-08-22T13:17:47.103Z,savage85719@gmail.com,newsletter,everyone,true
171653902,2025-08-22T13:17:47.109Z,tfcraig1946@gmail.com,newsletter,everyone,true
171653902,2025-08-22T13:17:47.149Z,noratomlinson@gmail.com,newsletter,everyone,true
171653902,2025-08-22T13:17:47.215Z,Marykatri55@gmail.com,newsletter,everyone,true
171653902,2025-08-22T13:17:47.239Z,profornery@gmail.com,newsletter,everyone,true
171653902,2025-08-22T13:17:47.776Z,Blairsmith0505@gmail.com,newsletter,everyone,false
171653902,2025-08-22T13:17:47.799Z,prahamama911@gmail.com,newsletter,everyone,true
171653902,2025-08-22T13:17:47.801Z,dagnaconstenla@yahoo.com,newsletter,everyone,true
171653902,2025-08-22T13:17:47.809Z,martinlarcan60@gmail.com,newsletter,everyone,true
171653902,2025-08-22T13:17:47.972Z,loraross@hotmail.com,newsletter,everyone,true
171653902,2025-08-22T13:17:48.172Z,lynnk2c@yahoo.com,newsletter,everyone,true
171653902,2025-08-22T13:17:48.196Z,spotacus1@gmail.com,newsletter,everyone,true
171653902,2025-08-22T13:17:48.291Z,erintherapy@gmail.com,newsletter,everyone,true
171653902,2025-08-22T13:17:48.549Z,paraffin44052@yahoo.com,newsletter,everyone,true
171653902,2025-08-22T13:17:48.590Z,joannehilden@yahoo.com,newsletter,everyone,true
171653902,2025-08-22T13:17:49.281Z,murdocksw@gmail.com,newsletter,everyone,true
171653902,2025-08-22T13:17:49.550Z,lorky1@sbcglobal.net,newsletter,everyone,true
171653902,2025-08-22T13:17:49.612Z,mhduffy@outlook.com,newsletter,everyone,true
171653902,2025-08-22T13:17:49.689Z,kmcaleer@msn.com,newsletter,everyone,true
171653902,2025-08-22T13:17:50.824Z,rencehog@icloud.com,newsletter,everyone,true
171653902,2025-08-22T13:17:51.090Z,amys51576@gmail.com,newsletter,everyone,true
171653902,2025-08-22T13:17:51.125Z,ashleympollock@gmail.com,newsletter,everyone,true
171653902,2025-08-22T13:17:51.165Z,sentac@msn.com,newsletter,everyone,true
171653902,2025-08-22T13:17:51.166Z,jekerr2@gmail.com,newsletter,everyone,true
171653902,2025-08-22T13:17:51.166Z,maichrye@hotmail.com,newsletter,everyone,true
171653902,2025-08-22T13:17:51.290Z,ep4evr1@yahoo.com,newsletter,everyone,true
171653902,2025-08-22T13:17:51.458Z,cosmo424242@yahoo.com,newsletter,everyone,true
171653902,2025-08-22T13:17:51.517Z,foureverfitness@yahoo.com,newsletter,everyone,true
171653902,2025-08-22T13:17:51.741Z,buster11860@yahoo.com,newsletter,everyone,true
171653902,2025-08-22T13:17:51.776Z,geigenbrod@gmail.com,newsletter,everyone,true
171653902,2025-08-22T13:17:51.795Z,MABOYERCPA@aol.com,newsletter,everyone,true
171653902,2025-08-22T13:17:51.800Z,joe.simari@softchoice.com,newsletter,everyone,true
171653902,2025-08-22T13:17:51.939Z,mrkimnmobile@gmail.com,newsletter,everyone,true
171653902,2025-08-22T13:17:51.998Z,gpurves@comcast.net,newsletter,everyone,true
171653902,2025-08-22T13:17:52.070Z,weiser99@hotmail.com,newsletter,everyone,true
171653902,2025-08-22T13:17:52.191Z,brianhudson5280@outlook.com,newsletter,everyone,true
171653902,2025-08-22T13:17:52.257Z,tsoch@me.com,newsletter,everyone,true
171653902,2025-08-22T13:17:52.648Z,mcfvpk@gmail.com,newsletter,everyone,true
171653902,2025-08-22T13:17:53.079Z,bethtab55@yahoo.com,newsletter,everyone,true
171653902,2025-08-22T13:17:53.710Z,g_moore@live.com,newsletter,everyone,true
171653902,2025-08-22T13:17:55.531Z,11_orrery_lime@icloud.com,newsletter,everyone,true
171653902,2025-08-22T13:17:56.825Z,schafer1@gondtc.com,newsletter,everyone,true
