post_id,timestamp,email,post_type,post_audience,active_subscription,country,city,region,device_type,client_os,client_type,user_agent
171653902,2025-08-22T13:24:28.011Z,erintherapy@gmail.com,newsletter,everyone,true,US,,,,,,Mozilla/5.0
171653902,2025-08-22T13:28:51.558Z,erintherapy@gmail.com,newsletter,everyone,true,US,,,,,,Mozilla/5.0
171653902,2025-08-22T13:31:45.224Z,tfcraig1946@gmail.com,newsletter,everyone,true,NL,,,,,,Mozilla/5.0
171653902,2025-08-22T13:31:55.886Z,dagnaconstenla@yahoo.com,newsletter,everyone,true,US,,,,,,Mozilla/5.0
171653902,2025-08-22T13:33:57.854Z,spotacus1@gmail.com,newsletter,everyone,true,US,,,,,,Mozilla/5.0
171653902,2025-08-22T13:35:05.939Z,dagnaconstenla@yahoo.com,newsletter,everyone,true,US,,,,,,Mozilla/5.0
171653902,2025-08-22T13:47:28.091Z,dagnaconstenla@yahoo.com,newsletter,everyone,true,US,,,,,,Mozilla/5.0
171653902,2025-08-22T13:57:04.287Z,ep4evr1@yahoo.com,newsletter,everyone,true,NL,,,,,,Mozilla/5.0
171653902,2025-08-22T14:14:42.080Z,noche1alpha@gmail.com,newsletter,everyone,false,US,,,,,,Mozilla/5.0 (Windows NT 5.1; rv:11.0) Gecko Firefox/11.0 (via ggpht.com GoogleImageProxy)
171653902,2025-08-22T14:21:44.537Z,amys51576@gmail.com,newsletter,everyone,true,US,,,,,,Mozilla/5.0 (Windows NT 5.1; rv:11.0) Gecko Firefox/11.0 (via ggpht.com GoogleImageProxy)
171653902,2025-08-22T20:41:51.473Z,lorky1@sbcglobal.net,newsletter,everyone,true,US,,,,,,Mozilla/5.0
171653902,2025-08-22T21:37:19.987Z,brianhudson5280@outlook.com,newsletter,everyone,true,US,,,,,,Mozilla/5.0
171653902,2025-08-22T22:57:08.536Z,tfcraig1946@gmail.com,newsletter,everyone,true,US,,,,,,Mozilla/5.0
171653902,2025-08-22T23:27:07.964Z,prahamama911@gmail.com,newsletter,everyone,true,US,,,,,,"Mozilla/5.0 (Macintosh; Intel Mac OS X 10_15_7) AppleWebKit/605.1.15 (KHTML, like Gecko)"
171653902,2025-08-22T23:33:36.323Z,prahamama911@gmail.com,newsletter,everyone,true,US,,,,,,"Mozilla/5.0 (Macintosh; Intel Mac OS X 10_15_7) AppleWebKit/605.1.15 (KHTML, like Gecko)"
171653902,2025-08-23T03:04:51.909Z,ep4evr1@yahoo.com,newsletter,everyone,true,US,,,,,,Mozilla/5.0
171653902,2025-08-23T05:06:42.558Z,rencehog@icloud.com,newsletter,everyone,true,US,,,,,,Mozilla/5.0
171653902,2025-08-23T08:05:07.018Z,brianhudson5280@outlook.com,newsletter,everyone,true,US,,,,,,Mozilla/5.0
171653902,2025-08-23T20:25:05.949Z,mrkimnmobile@gmail.com,newsletter,everyone,true,US,,,,,,Mozilla/5.0 (Windows NT 5.1; rv:11.0) Gecko Firefox/11.0 (via ggpht.com GoogleImageProxy)
171653902,2025-08-24T19:35:24.332Z,mrkimnmobile@gmail.com,newsletter,everyone,true,US,,,,,,Mozilla/5.0 (Windows NT 5.1; rv:11.0) Gecko Firefox/11.0 (via ggpht.com GoogleImageProxy)
