post_id,timestamp,email,post_type,post_audience,active_subscription,country,city,region,device_type,client_os,client_type,user_agent
171817217,2025-08-24T23:21:42.378Z,Blairsmith0505@gmail.com,newsletter,everyone,false,US,,,,,,Mozilla/5.0 (Windows NT 5.1; rv:11.0) Gecko Firefox/11.0 (via ggpht.com GoogleImageProxy)
171817217,2025-08-24T23:26:30.123Z,dagnaconstenla@yahoo.com,newsletter,everyone,true,US,,,,,,Mozilla/5.0
171817217,2025-08-24T23:36:57.078Z,erintherapy@gmail.com,newsletter,everyone,true,US,,,,,,Mozilla/5.0
171817217,2025-08-25T00:00:33.943Z,savage85719@gmail.com,newsletter,everyone,true,US,,,,,,Mozilla/5.0 (Windows NT 5.1; rv:11.0) Gecko Firefox/11.0 (via ggpht.com GoogleImageProxy)
171817217,2025-08-25T00:12:36.002Z,brianhudson5280@outlook.com,newsletter,everyone,true,US,,,,,,Mozilla/5.0
171817217,2025-08-25T00:25:43.285Z,savage85719@gmail.com,newsletter,everyone,true,US,,,,,,Mozilla/5.0 (Windows NT 5.1; rv:11.0) Gecko Firefox/11.0 (via ggpht.com GoogleImageProxy)
171817217,2025-08-25T00:51:50.019Z,spotacus1@gmail.com,newsletter,everyone,true,US,,,,,,Mozilla/5.0
171817217,2025-08-25T01:05:25.867Z,dagnaconstenla@yahoo.com,newsletter,everyone,true,US,,,,,,Mozilla/5.0
171817217,2025-08-25T01:28:00.837Z,joannehilden@yahoo.com,newsletter,everyone,true,US,,,,,,YahooMailProxy; https://help.yahoo.com/kb/yahoo-mail-proxy-SLN28749.html
171817217,2025-08-25T01:28:54.085Z,joannehilden@yahoo.com,newsletter,everyone,true,US,,,,,,YahooMailProxy; https://help.yahoo.com/kb/yahoo-mail-proxy-SLN28749.html
171817217,2025-08-25T01:29:28.002Z,murdocksw@gmail.com,newsletter,everyone,true,US,,,,,,Mozilla/5.0 (Windows NT 5.1; rv:11.0) Gecko Firefox/11.0 (via ggpht.com GoogleImageProxy)
171817217,2025-08-25T01:46:29.116Z,erintherapy@gmail.com,newsletter,everyone,true,US,,,,,,Mozilla/5.0
171817217,2025-08-25T02:36:02.413Z,mhduffy@outlook.com,newsletter,everyone,true,NL,,,,,,Mozilla/5.0
171817217,2025-08-25T03:22:05.903Z,tfcraig1946@gmail.com,newsletter,everyone,true,US,,,,,,Mozilla/5.0
171817217,2025-08-25T07:35:07.730Z,rencehog@icloud.com,newsletter,everyone,true,NL,,,,,,Mozilla/5.0
171817217,2025-08-25T09:47:21.269Z,noche1alpha@gmail.com,newsletter,everyone,false,US,,,,,,Mozilla/5.0 (Windows NT 5.1; rv:11.0) Gecko Firefox/11.0 (via ggpht.com GoogleImageProxy)
171817217,2025-08-25T13:10:40.501Z,lorky1@sbcglobal.net,newsletter,everyone,true,US,,,,,,Mozilla/5.0
171817217,2025-08-25T13:13:05.260Z,brianhudson5280@outlook.com,newsletter,everyone,true,US,,,,,,Mozilla/5.0
171817217,2025-08-25T13:19:35.086Z,mrkimnmobile@gmail.com,newsletter,everyone,true,US,,,,,,Mozilla/5.0 (Windows NT 5.1; rv:11.0) Gecko Firefox/11.0 (via ggpht.com GoogleImageProxy)
171817217,2025-08-25T22:48:06.669Z,prahamama911@gmail.com,newsletter,everyone,true,US,,,,,,"Mozilla/5.0 (Macintosh; Intel Mac OS X 10_15_7) AppleWebKit/605.1.15 (KHTML, like Gecko)"
171817217,2025-08-26T01:47:11.858Z,tfcraig1946@gmail.com,newsletter,everyone,true,NL,,,,,,Mozilla/5.0
171817217,2025-08-26T23:29:29.180Z,spotacus1@gmail.com,newsletter,everyone,true,NL,,,,,,Mozilla/5.0
171817217,2025-08-27T12:35:06.543Z,mrkimnmobile@gmail.com,newsletter,everyone,true,US,,,,,,Mozilla/5.0 (Windows NT 5.1; rv:11.0) Gecko Firefox/11.0 (via ggpht.com GoogleImageProxy)
171817217,2025-08-28T15:07:11.664Z,mrkimnmobile@gmail.com,newsletter,everyone,true,US,,,,,,Mozilla/5.0 (Windows NT 5.1; rv:11.0) Gecko Firefox/11.0 (via ggpht.com GoogleImageProxy)
171817217,2025-08-31T12:33:20.664Z,mrkimnmobile@gmail.com,newsletter,everyone,true,US,,,,,,Mozilla/5.0 (Windows NT 5.1; rv:11.0) Gecko Firefox/11.0 (via ggpht.com GoogleImageProxy)
