post_id,timestamp,email,post_type,post_audience,active_subscription
171817217,2025-08-24T23:19:57.121Z,noratomlinson@gmail.com,newsletter,everyone,true
171817217,2025-08-24T23:19:57.206Z,tfcraig1946@gmail.com,newsletter,everyone,true
171817217,2025-08-24T23:19:57.252Z,erintherapy@gmail.com,newsletter,everyone,true
171817217,2025-08-24T23:19:57.315Z,martinlarcan60@gmail.com,newsletter,everyone,true
171817217,2025-08-24T23:19:57.478Z,profornery@gmail.com,newsletter,everyone,true
171817217,2025-08-24T23:19:57.479Z,dagnaconstenla@yahoo.com,newsletter,everyone,true
171817217,2025-08-24T23:19:57.685Z,Marykatri55@gmail.com,newsletter,everyone,true
171817217,2025-08-24T23:19:57.692Z,lynnk2c@yahoo.com,newsletter,everyone,true
171817217,2025-08-24T23:19:57.715Z,prahamama911@gmail.com,newsletter,everyone,true
171817217,2025-08-24T23:19:57.736Z,Blairsmith0505@gmail.com,newsletter,everyone,false
171817217,2025-08-24T23:19:57.750Z,paraffin44052@yahoo.com,newsletter,everyone,true
171817217,2025-08-24T23:19:58.126Z,joannehilden@yahoo.com,newsletter,everyone,true
171817217,2025-08-24T23:19:58.220Z,loraross@hotmail.com,newsletter,everyone,true
171817217,2025-08-24T23:19:58.296Z,lorky1@sbcglobal.net,newsletter,everyone,true
171817217,2025-08-24T23:19:58.317Z,spotacus1@gmail.com,newsletter,everyone,true
171817217,2025-08-24T23:19:58.319Z,savage85719@gmail.com,newsletter,everyone,true
171817217,2025-08-24T23:19:58.536Z,murdocksw@gmail.com,newsletter,everyone,true
171817217,2025-08-24T23:19:59.226Z,noche1alpha@gmail.com,newsletter,everyone,false
171817217,2025-08-24T23:19:59.307Z,cosmo424242@yahoo.com,newsletter,everyone,true
171817217,2025-08-24T23:19:59.450Z,weiser99@hotmail.com,newsletter,everyone,true
171817217,2025-08-24T23:19:59.614Z,MABOYERCPA@aol.com,newsletter,everyone,true
171817217,2025-08-24T23:19:59.685Z,ashleympollock@gmail.com,newsletter,everyone,true
171817217,2025-08-24T23:19:59.743Z,mcfvpk@gmail.com,newsletter,everyone,true
171817217,2025-08-24T23:19:59.900Z,gpurves@comcast.net,newsletter,everyone,true
171817217,2025-08-24T23:19:59.924Z,maichrye@hotmail.com,newsletter,everyone,true
171817217,2025-08-24T23:19:59.944Z,foureverfitness@yahoo.com,newsletter,everyone,true
171817217,2025-08-24T23:20:00.049Z,sentac@msn.com,newsletter,everyone,true
171817217,2025-08-24T23:20:00.209Z,amys51576@gmail.com,newsletter,everyone,true
171817217,2025-08-24T23:20:00.276Z,geigenbrod@gmail.com,newsletter,everyone,true
171817217,2025-08-24T23:20:00.409Z,joe.simari@softchoice.com,newsletter,everyone,true
171817217,2025-08-24T23:20:00.448Z,mhduffy@outlook.com,newsletter,everyone,true
171817217,2025-08-24T23:20:00.473Z,mrkimnmobile@gmail.com,newsletter,everyone,true
171817217,2025-08-24T23:20:00.507Z,jekerr2@gmail.com,newsletter,everyone,true
171817217,2025-08-24T23:20:00.508Z,ep4evr1@yahoo.com,newsletter,everyone,true
171817217,2025-08-24T23:20:00.712Z,buster11860@yahoo.com,newsletter,everyone,true
171817217,2025-08-24T23:20:00.872Z,brianhudson5280@outlook.com,newsletter,everyone,true
171817217,2025-08-24T23:20:00.911Z,kmcaleer@msn.com,newsletter,everyone,true
171817217,2025-08-24T23:20:01.185Z,g_moore@live.com,newsletter,everyone,true
171817217,2025-08-24T23:20:01.221Z,rencehog@icloud.com,newsletter,everyone,true
171817217,2025-08-24T23:20:01.389Z,tsoch@me.com,newsletter,everyone,true
171817217,2025-08-24T23:20:01.448Z,bethtab55@yahoo.com,newsletter,everyone,true
171817217,2025-08-24T23:20:05.343Z,11_orrery_lime@icloud.com,newsletter,everyone,true
171817217,2025-08-24T23:20:05.674Z,schafer1@gondtc.com,newsletter,everyone,true
