post_id,timestamp,email,post_type,post_audience,active_subscription
172394404,2025-08-31T11:56:16.374Z,Blairsmith0505@gmail.com,newsletter,everyone,false
172394404,2025-08-31T11:56:16.658Z,tfcraig1946@gmail.com,newsletter,everyone,true
172394404,2025-08-31T11:56:16.690Z,profornery@gmail.com,newsletter,everyone,true
172394404,2025-08-31T11:56:16.835Z,savage85719@gmail.com,newsletter,everyone,true
172394404,2025-08-31T11:56:16.952Z,dagnaconstenla@yahoo.com,newsletter,everyone,true
172394404,2025-08-31T11:56:16.955Z,martinlarcan60@gmail.com,newsletter,everyone,true
172394404,2025-08-31T11:56:17.018Z,erintherapy@gmail.com,newsletter,everyone,true
172394404,2025-08-31T11:56:17.380Z,noratomlinson@gmail.com,newsletter,everyone,true
172394404,2025-08-31T11:56:17.428Z,Marykatri55@gmail.com,newsletter,everyone,true
172394404,2025-08-31T11:56:17.828Z,noche1alpha@gmail.com,newsletter,everyone,false
172394404,2025-08-31T11:56:18.690Z,prahamama911@gmail.com,newsletter,everyone,true
172394404,2025-08-31T11:56:19.049Z,lynnk2c@yahoo.com,newsletter,everyone,true
172394404,2025-08-31T11:56:19.366Z,joannehilden@yahoo.com,newsletter,everyone,true
172394404,2025-08-31T11:56:19.514Z,spotacus1@gmail.com,newsletter,everyone,true
172394404,2025-08-31T11:56:19.691Z,loraross@hotmail.com,newsletter,everyone,true
172394404,2025-08-31T11:56:19.781Z,tsoch@me.com,newsletter,everyone,true
172394404,2025-08-31T11:56:19.837Z,joe.simari@softchoice.com,newsletter,everyone,true
172394404,2025-08-31T11:56:19.992Z,murdocksw@gmail.com,newsletter,everyone,true
172394404,2025-08-31T11:56:20.046Z,weiser99@hotmail.com,newsletter,everyone,true
172394404,2025-08-31T11:56:20.112Z,geigenbrod@gmail.com,newsletter,everyone,true
172394404,2025-08-31T11:56:20.118Z,jekerr2@gmail.com,newsletter,everyone,true
172394404,2025-08-31T11:56:20.146Z,mrkimnmobile@gmail.com,newsletter,everyone,true
172394404,2025-08-31T11:56:20.160Z,ashleympollock@gmail.com,newsletter,everyone,true
172394404,2025-08-31T11:56:20.213Z,maichrye@hotmail.com,newsletter,everyone,true
172394404,2025-08-31T11:56:20.281Z,mhduffy@outlook.com,newsletter,everyone,true
172394404,2025-08-31T11:56:20.282Z,kmcaleer@msn.com,newsletter,everyone,true
172394404,2025-08-31T11:56:20.288Z,paraffin44052@yahoo.com,newsletter,everyone,true
172394404,2025-08-31T11:56:20.304Z,lorky1@sbcglobal.net,newsletter,everyone,true
172394404,2025-08-31T11:56:20.399Z,ep4evr1@yahoo.com,newsletter,everyone,true
172394404,2025-08-31T11:56:20.465Z,buster11860@yahoo.com,newsletter,everyone,true
172394404,2025-08-31T11:56:20.535Z,sentac@msn.com,newsletter,everyone,true
172394404,2025-08-31T11:56:20.588Z,cosmo424242@yahoo.com,newsletter,everyone,true
172394404,2025-08-31T11:56:20.653Z,gpurves@comcast.net,newsletter,everyone,true
172394404,2025-08-31T11:56:20.817Z,brianhudson5280@outlook.com,newsletter,everyone,true
172394404,2025-08-31T11:56:20.829Z,rencehog@icloud.com,newsletter,everyone,true
172394404,2025-08-31T11:56:20.844Z,foureverfitness@yahoo.com,newsletter,everyone,true
172394404,2025-08-31T11:56:20.861Z,MABOYERCPA@aol.com,newsletter,everyone,true
172394404,2025-08-31T11:56:21.076Z,mcfvpk@gmail.com,newsletter,everyone,true
172394404,2025-08-31T11:56:21.076Z,bethtab55@yahoo.com,newsletter,everyone,true
172394404,2025-08-31T11:56:21.533Z,amys51576@gmail.com,newsletter,everyone,true
172394404,2025-08-31T11:56:21.971Z,g_moore@live.com,newsletter,everyone,true
172394404,2025-08-31T11:56:24.082Z,11_orrery_lime@icloud.com,newsletter,everyone,true
172394404,2025-08-31T11:56:26.088Z,schafer1@gondtc.com,newsletter,everyone,true
