post_id,timestamp,email,post_type,post_audience,active_subscription,country,city,region,device_type,client_os,client_type,user_agent
172394404,2025-08-31T12:21:00.123Z,erintherapy@gmail.com,newsletter,everyone,true,US,,,,,,Mozilla/5.0
172394404,2025-08-31T12:23:44.718Z,erintherapy@gmail.com,newsletter,everyone,true,US,,,,,,Mozilla/5.0
172394404,2025-08-31T12:24:00.909Z,brianhudson5280@outlook.com,newsletter,everyone,true,NL,,,,,,Mozilla/5.0
172394404,2025-08-31T12:33:20.066Z,mrkimnmobile@gmail.com,newsletter,everyone,true,US,,,,,,Mozilla/5.0 (Windows NT 5.1; rv:11.0) Gecko Firefox/11.0 (via ggpht.com GoogleImageProxy)
172394404,2025-08-31T12:35:50.750Z,ep4evr1@yahoo.com,newsletter,everyone,true,US,,,,,,Mozilla/5.0
172394404,2025-08-31T12:36:10.239Z,rencehog@icloud.com,newsletter,everyone,true,US,,,,,,Mozilla/5.0
172394404,2025-08-31T13:09:03.137Z,brianhudson5280@outlook.com,newsletter,everyone,true,US,,,,,,Mozilla/5.0
172394404,2025-08-31T14:47:54.889Z,spotacus1@gmail.com,newsletter,everyone,true,US,,,,,,Mozilla/5.0
172394404,2025-08-31T16:46:59.096Z,ep4evr1@yahoo.com,newsletter,everyone,true,US,,,,,,Mozilla/5.0
172394404,2025-08-31T18:05:38.477Z,spotacus1@gmail.com,newsletter,everyone,true,US,,,,,,Mozilla/5.0
172394404,2025-08-31T23:07:31.838Z,savage85719@gmail.com,newsletter,everyone,true,US,,,,,,Mozilla/5.0 (Windows NT 5.1; rv:11.0) Gecko Firefox/11.0 (via ggpht.com GoogleImageProxy)
172394404,2025-09-01T00:59:45.261Z,tfcraig1946@gmail.com,newsletter,everyone,true,US,,,,,,Mozilla/5.0
172394404,2025-09-01T10:49:23.948Z,noche1alpha@gmail.com,newsletter,everyone,false,US,,,,,,Mozilla/5.0 (Windows NT 5.1; rv:11.0) Gecko Firefox/11.0 (via ggpht.com GoogleImageProxy)
172394404,2025-09-01T17:45:35.558Z,spotacus1@gmail.com,newsletter,everyone,true,US,,,,,,Mozilla/5.0
172394404,2025-09-01T21:37:40.101Z,tfcraig1946@gmail.com,newsletter,everyone,true,US,,,,,,Mozilla/5.0
172394404,2025-09-02T00:02:45.368Z,lorky1@sbcglobal.net,newsletter,everyone,true,NL,,,,,,Mozilla/5.0
172394404,2025-09-02T15:41:33.242Z,prahamama911@gmail.com,newsletter,everyone,true,US,,,,,,"Mozilla/5.0 (Macintosh; Intel Mac OS X 10_15_7) AppleWebKit/605.1.15 (KHTML, like Gecko)"
172394404,2025-09-04T02:21:50.992Z,mrkimnmobile@gmail.com,newsletter,everyone,true,US,,,,,,Mozilla/5.0 (Windows NT 5.1; rv:11.0) Gecko Firefox/11.0 (via ggpht.com GoogleImageProxy)
