post_id,timestamp,email,post_type,post_audience,active_subscription
172566500,2025-09-02T12:43:53.103Z,noche1alpha@gmail.com,newsletter,everyone,false
172566500,2025-09-02T12:43:55.090Z,noratomlinson@gmail.com,newsletter,everyone,true
172566500,2025-09-02T12:43:55.430Z,profornery@gmail.com,newsletter,everyone,true
172566500,2025-09-02T12:43:55.489Z,savage85719@gmail.com,newsletter,everyone,true
172566500,2025-09-02T12:43:55.565Z,tfcraig1946@gmail.com,newsletter,everyone,true
172566500,2025-09-02T12:43:55.840Z,prahamama911@gmail.com,newsletter,everyone,true
172566500,2025-09-02T12:43:56.249Z,loraross@hotmail.com,newsletter,everyone,true
172566500,2025-09-02T12:43:56.369Z,joannehilden@yahoo.com,newsletter,everyone,true
172566500,2025-09-02T12:43:56.494Z,martinlarcan60@gmail.com,newsletter,everyone,true
172566500,2025-09-02T12:43:56.537Z,Marykatri55@gmail.com,newsletter,everyone,true
172566500,2025-09-02T12:43:56.591Z,lorky1@sbcglobal.net,newsletter,everyone,true
172566500,2025-09-02T12:43:56.781Z,spotacus1@gmail.com,newsletter,everyone,true
172566500,2025-09-02T12:43:56.794Z,amys51576@gmail.com,newsletter,everyone,true
172566500,2025-09-02T12:43:56.889Z,jekerr2@gmail.com,newsletter,everyone,true
172566500,2025-09-02T12:43:57.100Z,murdocksw@gmail.com,newsletter,everyone,true
172566500,2025-09-02T12:43:57.233Z,geigenbrod@gmail.com,newsletter,everyone,true
172566500,2025-09-02T12:43:57.262Z,paraffin44052@yahoo.com,newsletter,everyone,true
172566500,2025-09-02T12:43:57.278Z,mcfvpk@gmail.com,newsletter,everyone,true
172566500,2025-09-02T12:43:57.283Z,sentac@msn.com,newsletter,everyone,true
172566500,2025-09-02T12:43:57.509Z,ashleympollock@gmail.com,newsletter,everyone,true
172566500,2025-09-02T12:43:57.616Z,lynnk2c@yahoo.com,newsletter,everyone,true
172566500,2025-09-02T12:43:58.024Z,foureverfitness@yahoo.com,newsletter,everyone,true
172566500,2025-09-02T12:43:58.079Z,mhduffy@outlook.com,newsletter,everyone,true
172566500,2025-09-02T12:43:58.196Z,weiser99@hotmail.com,newsletter,everyone,true
172566500,2025-09-02T12:43:58.603Z,cosmo424242@yahoo.com,newsletter,everyone,true
172566500,2025-09-02T12:43:58.690Z,ep4evr1@yahoo.com,newsletter,everyone,true
172566500,2025-09-02T12:43:59.094Z,mrkimnmobile@gmail.com,newsletter,everyone,true
172566500,2025-09-02T12:43:59.122Z,bethtab55@yahoo.com,newsletter,everyone,true
172566500,2025-09-02T12:43:59.155Z,brianhudson5280@outlook.com,newsletter,everyone,true
172566500,2025-09-02T12:43:59.221Z,tsoch@me.com,newsletter,everyone,true
172566500,2025-09-02T12:43:59.801Z,g_moore@live.com,newsletter,everyone,true
172566500,2025-09-02T12:44:00.538Z,buster11860@yahoo.com,newsletter,everyone,true
172566500,2025-09-02T12:44:00.887Z,MABOYERCPA@aol.com,newsletter,everyone,true
172566500,2025-09-02T12:44:01.004Z,Blairsmith0505@gmail.com,newsletter,everyone,false
172566500,2025-09-02T12:44:01.488Z,rencehog@icloud.com,newsletter,everyone,true
172566500,2025-09-02T12:44:01.780Z,11_orrery_lime@icloud.com,newsletter,everyone,true
172566500,2025-09-02T12:44:02.762Z,gpurves@comcast.net,newsletter,everyone,true
172566500,2025-09-02T12:44:03.183Z,schafer1@gondtc.com,newsletter,everyone,true
172566500,2025-09-02T12:44:03.610Z,dagnaconstenla@yahoo.com,newsletter,everyone,true
172566500,2025-09-02T12:44:03.724Z,kmcaleer@msn.com,newsletter,everyone,true
172566500,2025-09-02T12:44:04.425Z,maichrye@hotmail.com,newsletter,everyone,true
172566500,2025-09-02T12:44:07.712Z,joe.simari@softchoice.com,newsletter,everyone,true
