post_id,timestamp,email,post_type,post_audience,active_subscription
172866301,2025-09-05T12:04:12.628Z,Blairsmith0505@gmail.com,newsletter,everyone,false
172866301,2025-09-05T12:04:12.654Z,martinlarcan60@gmail.com,newsletter,everyone,true
172866301,2025-09-05T12:04:12.748Z,prahamama911@gmail.com,newsletter,everyone,true
172866301,2025-09-05T12:04:12.881Z,noche1alpha@gmail.com,newsletter,everyone,false
172866301,2025-09-05T12:04:12.939Z,tfcraig1946@gmail.com,newsletter,everyone,true
172866301,2025-09-05T12:04:12.958Z,dagnaconstenla@yahoo.com,newsletter,everyone,true
172866301,2025-09-05T12:04:13.041Z,lynnk2c@yahoo.com,newsletter,everyone,true
172866301,2025-09-05T12:04:13.562Z,noratomlinson@gmail.com,newsletter,everyone,true
172866301,2025-09-05T12:04:13.879Z,spotacus1@gmail.com,newsletter,everyone,true
172866301,2025-09-05T12:04:13.955Z,kmcaleer@msn.com,newsletter,everyone,true
172866301,2025-09-05T12:04:13.955Z,savage85719@gmail.com,newsletter,everyone,true
172866301,2025-09-05T12:04:14.002Z,profornery@gmail.com,newsletter,everyone,true
172866301,2025-09-05T12:04:14.006Z,joe.simari@softchoice.com,newsletter,everyone,true
172866301,2025-09-05T12:04:14.009Z,murdocksw@gmail.com,newsletter,everyone,true
172866301,2025-09-05T12:04:14.059Z,brianhudson5280@outlook.com,newsletter,everyone,true
172866301,2025-09-05T12:04:14.114Z,Marykatri55@gmail.com,newsletter,everyone,true
172866301,2025-09-05T12:04:14.184Z,geigenbrod@gmail.com,newsletter,everyone,true
172866301,2025-09-05T12:04:14.281Z,loraross@hotmail.com,newsletter,everyone,true
172866301,2025-09-05T12:04:14.345Z,mcfvpk@gmail.com,newsletter,everyone,true
172866301,2025-09-05T12:04:14.516Z,jekerr2@gmail.com,newsletter,everyone,true
172866301,2025-09-05T12:04:14.539Z,g_moore@live.com,newsletter,everyone,true
172866301,2025-09-05T12:04:14.595Z,joannehilden@yahoo.com,newsletter,everyone,true
172866301,2025-09-05T12:04:14.595Z,paraffin44052@yahoo.com,newsletter,everyone,true
172866301,2025-09-05T12:04:14.652Z,amys51576@gmail.com,newsletter,everyone,true
172866301,2025-09-05T12:04:14.673Z,maichrye@hotmail.com,newsletter,everyone,true
172866301,2025-09-05T12:04:14.728Z,ep4evr1@yahoo.com,newsletter,everyone,true
172866301,2025-09-05T12:04:14.744Z,cosmo424242@yahoo.com,newsletter,everyone,true
172866301,2025-09-05T12:04:14.864Z,MABOYERCPA@aol.com,newsletter,everyone,true
172866301,2025-09-05T12:04:14.922Z,mrkimnmobile@gmail.com,newsletter,everyone,true
172866301,2025-09-05T12:04:14.928Z,buster11860@yahoo.com,newsletter,everyone,true
172866301,2025-09-05T12:04:14.991Z,bethtab55@yahoo.com,newsletter,everyone,true
172866301,2025-09-05T12:04:15.116Z,ashleympollock@gmail.com,newsletter,everyone,true
172866301,2025-09-05T12:04:15.134Z,mhduffy@outlook.com,newsletter,everyone,true
172866301,2025-09-05T12:04:15.135Z,foureverfitness@yahoo.com,newsletter,everyone,true
172866301,2025-09-05T12:04:15.420Z,gpurves@comcast.net,newsletter,everyone,true
172866301,2025-09-05T12:04:15.493Z,sentac@msn.com,newsletter,everyone,true
172866301,2025-09-05T12:04:15.709Z,weiser99@hotmail.com,newsletter,everyone,true
172866301,2025-09-05T12:04:16.759Z,tsoch@me.com,newsletter,everyone,true
172866301,2025-09-05T12:04:19.860Z,rencehog@icloud.com,newsletter,everyone,true
172866301,2025-09-05T12:04:20.466Z,schafer1@gondtc.com,newsletter,everyone,true
172866301,2025-09-05T12:04:20.584Z,11_orrery_lime@icloud.com,newsletter,everyone,true
172866301,2025-09-05T12:04:21.257Z,lorky1@sbcglobal.net,newsletter,everyone,true
