post_id,timestamp,email,post_type,post_audience,active_subscription,country,city,region,device_type,client_os,client_type,user_agent
172866301,2025-09-05T12:04:34.238Z,prahamama911@gmail.com,newsletter,everyone,true,US,,,,,,"Mozilla/5.0 (Macintosh; Intel Mac OS X 10_15_7) AppleWebKit/605.1.15 (KHTML, like Gecko)"
172866301,2025-09-05T12:05:25.986Z,spotacus1@gmail.com,newsletter,everyone,true,US,,,,,,Mozilla/5.0
172866301,2025-09-05T12:06:12.719Z,Blairsmith0505@gmail.com,newsletter,everyone,false,US,,,,,,Mozilla/5.0 (Windows NT 5.1; rv:11.0) Gecko Firefox/11.0 (via ggpht.com GoogleImageProxy)
172866301,2025-09-05T12:07:02.305Z,amys51576@gmail.com,newsletter,everyone,true,US,,,,,,Mozilla/5.0 (Windows NT 5.1; rv:11.0) Gecko Firefox/11.0 (via ggpht.com GoogleImageProxy)
172866301,2025-09-05T12:18:21.863Z,mrkimnmobile@gmail.com,newsletter,everyone,true,US,,,,,,Mozilla/5.0 (Windows NT 5.1; rv:11.0) Gecko Firefox/11.0 (via ggpht.com GoogleImageProxy)
172866301,2025-09-05T12:25:58.132Z,rencehog@icloud.com,newsletter,everyone,true,US,,,,,,Mozilla/5.0
172866301,2025-09-05T12:34:54.205Z,dagnaconstenla@yahoo.com,newsletter,everyone,true,CH,,,,,,Mozilla/5.0
172866301,2025-09-05T13:14:51.229Z,prahamama911@gmail.com,newsletter,everyone,true,US,,,,,,"Mozilla/5.0 (Macintosh; Intel Mac OS X 10_15_7) AppleWebKit/605.1.15 (KHTML, like Gecko)"
172866301,2025-09-05T13:25:25.150Z,brianhudson5280@outlook.com,newsletter,everyone,true,US,,,,,,Mozilla/5.0
172866301,2025-09-05T13:50:05.483Z,brianhudson5280@outlook.com,newsletter,everyone,true,US,,,,,,Mozilla/4.0 (compatible; ms-office; MSOffice 16)
172866301,2025-09-05T14:21:23.585Z,tfcraig1946@gmail.com,newsletter,everyone,true,US,,,,,,Mozilla/5.0
172866301,2025-09-05T16:15:48.413Z,brianhudson5280@outlook.com,newsletter,everyone,true,US,,,,,,Mozilla/5.0
172866301,2025-09-05T18:30:33.490Z,Blairsmith0505@gmail.com,newsletter,everyone,false,US,,,,,,Mozilla/5.0 (Windows NT 5.1; rv:11.0) Gecko Firefox/11.0 (via ggpht.com GoogleImageProxy)
172866301,2025-09-05T19:01:36.841Z,lorky1@sbcglobal.net,newsletter,everyone,true,US,,,,,,Mozilla/5.0
172866301,2025-09-08T11:49:58.559Z,mrkimnmobile@gmail.com,newsletter,everyone,true,US,,,,,,Mozilla/5.0 (Windows NT 5.1; rv:11.0) Gecko Firefox/11.0 (via ggpht.com GoogleImageProxy)
