post_id,timestamp,email,post_type,post_audience,active_subscription,country,city,region,device_type,client_os,client_type,user_agent
173082779,2025-09-08T11:01:51.022Z,tfcraig1946@gmail.com,newsletter,everyone,true,US,,,,,,Mozilla/5.0
173082779,2025-09-08T11:01:59.226Z,amys51576@gmail.com,newsletter,everyone,true,US,,,,,,Mozilla/5.0 (Windows NT 5.1; rv:11.0) Gecko Firefox/11.0 (via ggpht.com GoogleImageProxy)
173082779,2025-09-08T11:19:09.812Z,dagnaconstenla@yahoo.com,newsletter,everyone,true,US,,,,,,Mozilla/5.0
173082779,2025-09-08T11:31:04.226Z,rencehog@icloud.com,newsletter,everyone,true,NL,,,,,,Mozilla/5.0
173082779,2025-09-08T11:33:39.102Z,brianhudson5280@outlook.com,newsletter,everyone,true,US,,,,,,Mozilla/5.0
173082779,2025-09-08T11:42:34.178Z,brianhudson5280@outlook.com,newsletter,everyone,true,NL,,,,,,Mozilla/5.0
173082779,2025-09-08T11:46:50.530Z,geigenbrod@gmail.com,newsletter,everyone,true,US,,,,,,Mozilla/5.0 (Windows NT 5.1; rv:11.0) Gecko Firefox/11.0 (via ggpht.com GoogleImageProxy)
173082779,2025-09-08T11:47:21.350Z,geigenbrod@gmail.com,newsletter,everyone,true,US,,,,,,Mozilla/5.0 (Windows NT 5.1; rv:11.0) Gecko Firefox/11.0 (via ggpht.com GoogleImageProxy)
173082779,2025-09-08T11:49:57.796Z,mrkimnmobile@gmail.com,newsletter,everyone,true,US,,,,,,Mozilla/5.0 (Windows NT 5.1; rv:11.0) Gecko Firefox/11.0 (via ggpht.com GoogleImageProxy)
173082779,2025-09-08T12:02:52.925Z,tfcraig1946@gmail.com,newsletter,everyone,true,US,,,,,,Mozilla/5.0
173082779,2025-09-08T12:08:44.592Z,dagnaconstenla@yahoo.com,newsletter,everyone,true,US,,,,,,YahooMailProxy; https://help.yahoo.com/kb/yahoo-mail-proxy-SLN28749.html
173082779,2025-09-08T12:10:45.410Z,dagnaconstenla@yahoo.com,newsletter,everyone,true,US,,,,,,YahooMailProxy; https://help.yahoo.com/kb/yahoo-mail-proxy-SLN28749.html
173082779,2025-09-08T13:43:27.875Z,dagnaconstenla@yahoo.com,newsletter,everyone,true,US,,,,,,Mozilla/5.0
173082779,2025-09-08T15:29:38.508Z,spotacus1@gmail.com,newsletter,everyone,true,US,,,,,,Mozilla/5.0
173082779,2025-09-08T15:54:56.088Z,paraffin44052@yahoo.com,newsletter,everyone,true,US,,,,,,Mozilla/5.0
173082779,2025-09-08T18:24:24.974Z,lorky1@sbcglobal.net,newsletter,everyone,true,US,,,,,,Mozilla/5.0
173082779,2025-09-09T03:06:46.627Z,mrkimnmobile@gmail.com,newsletter,everyone,true,US,,,,,,Mozilla/5.0 (Windows NT 5.1; rv:11.0) Gecko Firefox/11.0 (via ggpht.com GoogleImageProxy)
173082779,2025-09-09T10:24:40.332Z,rencehog@icloud.com,newsletter,everyone,true,US,,,,,,Mozilla/5.0
173082779,2025-09-09T22:22:08.764Z,tfcraig1946@gmail.com,newsletter,everyone,true,NL,,,,,,Mozilla/5.0
173082779,2025-09-10T00:18:29.684Z,tfcraig1946@gmail.com,newsletter,everyone,true,US,,,,,,Mozilla/5.0
173082779,2025-09-11T08:45:14.953Z,prahamama911@gmail.com,newsletter,everyone,true,US,,,,,,"Mozilla/5.0 (Macintosh; Intel Mac OS X 10_15_7) AppleWebKit/605.1.15 (KHTML, like Gecko)"
