post_id,timestamp,email,post_type,post_audience,active_subscription
173082779,2025-09-08T11:00:03.344Z,Blairsmith0505@gmail.com,newsletter,everyone,false
173082779,2025-09-08T11:00:03.706Z,noche1alpha@gmail.com,newsletter,everyone,false
173082779,2025-09-08T11:00:04.122Z,tfcraig1946@gmail.com,newsletter,everyone,true
173082779,2025-09-08T11:00:04.143Z,noratomlinson@gmail.com,newsletter,everyone,true
173082779,2025-09-08T11:00:04.290Z,martinlarcan60@gmail.com,newsletter,everyone,true
173082779,2025-09-08T11:00:04.461Z,savage85719@gmail.com,newsletter,everyone,true
173082779,2025-09-08T11:00:04.472Z,Marykatri55@gmail.com,newsletter,everyone,true
173082779,2025-09-08T11:00:04.610Z,lynnk2c@yahoo.com,newsletter,everyone,true
173082779,2025-09-08T11:00:04.672Z,dagnaconstenla@yahoo.com,newsletter,everyone,true
173082779,2025-09-08T11:00:04.856Z,prahamama911@gmail.com,newsletter,everyone,true
173082779,2025-09-08T11:00:05.268Z,profornery@gmail.com,newsletter,everyone,true
173082779,2025-09-08T11:00:07.289Z,joannehilden@yahoo.com,newsletter,everyone,true
173082779,2025-09-08T11:00:07.351Z,joe.simari@softchoice.com,newsletter,everyone,true
173082779,2025-09-08T11:00:07.459Z,murdocksw@gmail.com,newsletter,everyone,true
173082779,2025-09-08T11:00:07.640Z,jekerr2@gmail.com,newsletter,everyone,true
173082779,2025-09-08T11:00:07.660Z,paraffin44052@yahoo.com,newsletter,everyone,true
173082779,2025-09-08T11:00:07.709Z,brianhudson5280@outlook.com,newsletter,everyone,true
173082779,2025-09-08T11:00:07.835Z,cosmo424242@yahoo.com,newsletter,everyone,true
173082779,2025-09-08T11:00:07.944Z,maichrye@hotmail.com,newsletter,everyone,true
173082779,2025-09-08T11:00:08.055Z,foureverfitness@yahoo.com,newsletter,everyone,true
173082779,2025-09-08T11:00:08.115Z,mcfvpk@gmail.com,newsletter,everyone,true
173082779,2025-09-08T11:00:08.120Z,ashleympollock@gmail.com,newsletter,everyone,true
173082779,2025-09-08T11:00:08.243Z,g_moore@live.com,newsletter,everyone,true
173082779,2025-09-08T11:00:08.292Z,buster11860@yahoo.com,newsletter,everyone,true
173082779,2025-09-08T11:00:08.319Z,tsoch@me.com,newsletter,everyone,true
173082779,2025-09-08T11:00:08.371Z,spotacus1@gmail.com,newsletter,everyone,true
173082779,2025-09-08T11:00:08.437Z,mhduffy@outlook.com,newsletter,everyone,true
173082779,2025-09-08T11:00:08.451Z,weiser99@hotmail.com,newsletter,everyone,true
173082779,2025-09-08T11:00:08.485Z,lorky1@sbcglobal.net,newsletter,everyone,true
173082779,2025-09-08T11:00:08.563Z,MABOYERCPA@aol.com,newsletter,everyone,true
173082779,2025-09-08T11:00:08.568Z,mrkimnmobile@gmail.com,newsletter,everyone,true
173082779,2025-09-08T11:00:08.586Z,bethtab55@yahoo.com,newsletter,everyone,true
173082779,2025-09-08T11:00:08.761Z,ep4evr1@yahoo.com,newsletter,everyone,true
173082779,2025-09-08T11:00:08.924Z,amys51576@gmail.com,newsletter,everyone,true
173082779,2025-09-08T11:00:09.324Z,geigenbrod@gmail.com,newsletter,everyone,true
173082779,2025-09-08T11:00:09.344Z,loraross@hotmail.com,newsletter,everyone,true
173082779,2025-09-08T11:00:09.423Z,11_orrery_lime@icloud.com,newsletter,everyone,true
173082779,2025-09-08T11:00:09.460Z,sentac@msn.com,newsletter,everyone,true
173082779,2025-09-08T11:00:09.817Z,gpurves@comcast.net,newsletter,everyone,true
173082779,2025-09-08T11:00:13.154Z,schafer1@gondtc.com,newsletter,everyone,true
173082779,2025-09-08T11:00:13.356Z,rencehog@icloud.com,newsletter,everyone,true
