post_id,timestamp,email,post_type,post_audience,active_subscription
173426289,2025-09-12T10:25:21.864Z,noche1alpha@gmail.com,newsletter,everyone,false
173426289,2025-09-12T10:25:23.151Z,Blairsmith0505@gmail.com,newsletter,everyone,false
173426289,2025-09-12T10:25:23.467Z,tfcraig1946@gmail.com,newsletter,everyone,true
173426289,2025-09-12T10:25:23.737Z,martinlarcan60@gmail.com,newsletter,everyone,true
173426289,2025-09-12T10:25:23.979Z,savage85719@gmail.com,newsletter,everyone,true
173426289,2025-09-12T10:25:24.007Z,Marykatri55@gmail.com,newsletter,everyone,true
173426289,2025-09-12T10:25:24.016Z,profornery@gmail.com,newsletter,everyone,true
173426289,2025-09-12T10:25:24.228Z,noratomlinson@gmail.com,newsletter,everyone,true
173426289,2025-09-12T10:25:24.359Z,lynnk2c@yahoo.com,newsletter,everyone,true
173426289,2025-09-12T10:25:24.452Z,prahamama911@gmail.com,newsletter,everyone,true
173426289,2025-09-12T10:25:24.757Z,loraross@hotmail.com,newsletter,everyone,true
173426289,2025-09-12T10:25:24.820Z,dagnaconstenla@yahoo.com,newsletter,everyone,true
173426289,2025-09-12T10:25:25.192Z,spotacus1@gmail.com,newsletter,everyone,true
173426289,2025-09-12T10:25:25.193Z,murdocksw@gmail.com,newsletter,everyone,true
173426289,2025-09-12T10:25:25.333Z,paraffin44052@yahoo.com,newsletter,everyone,true
173426289,2025-09-12T10:25:25.396Z,mhduffy@outlook.com,newsletter,everyone,true
173426289,2025-09-12T10:25:25.678Z,mrkimnmobile@gmail.com,newsletter,everyone,true
173426289,2025-09-12T10:25:25.710Z,amys51576@gmail.com,newsletter,everyone,true
173426289,2025-09-12T10:25:25.721Z,brianhudson5280@outlook.com,newsletter,everyone,true
173426289,2025-09-12T10:25:25.755Z,ashleympollock@gmail.com,newsletter,everyone,true
173426289,2025-09-12T10:25:25.764Z,joe.simari@softchoice.com,newsletter,everyone,true
173426289,2025-09-12T10:25:25.777Z,weiser99@hotmail.com,newsletter,everyone,true
173426289,2025-09-12T10:25:25.777Z,geigenbrod@gmail.com,newsletter,everyone,true
173426289,2025-09-12T10:25:25.783Z,jekerr2@gmail.com,newsletter,everyone,true
173426289,2025-09-12T10:25:25.793Z,tsoch@me.com,newsletter,everyone,true
173426289,2025-09-12T10:25:25.818Z,maichrye@hotmail.com,newsletter,everyone,true
173426289,2025-09-12T10:25:25.966Z,cosmo424242@yahoo.com,newsletter,everyone,true
173426289,2025-09-12T10:25:26.050Z,buster11860@yahoo.com,newsletter,everyone,true
173426289,2025-09-12T10:25:26.073Z,sentac@msn.com,newsletter,everyone,true
173426289,2025-09-12T10:25:26.137Z,mcfvpk@gmail.com,newsletter,everyone,true
173426289,2025-09-12T10:25:26.458Z,lorky1@sbcglobal.net,newsletter,everyone,true
173426289,2025-09-12T10:25:26.567Z,MABOYERCPA@aol.com,newsletter,everyone,true
173426289,2025-09-12T10:25:26.628Z,ep4evr1@yahoo.com,newsletter,everyone,true
173426289,2025-09-12T10:25:26.705Z,g_moore@live.com,newsletter,everyone,true
173426289,2025-09-12T10:25:26.768Z,joannehilden@yahoo.com,newsletter,everyone,true
173426289,2025-09-12T10:25:26.905Z,gpurves@comcast.net,newsletter,everyone,true
173426289,2025-09-12T10:25:27.219Z,foureverfitness@yahoo.com,newsletter,everyone,true
173426289,2025-09-12T10:25:27.847Z,11_orrery_lime@icloud.com,newsletter,everyone,true
173426289,2025-09-12T10:25:28.208Z,bethtab55@yahoo.com,newsletter,everyone,true
173426289,2025-09-12T10:25:29.283Z,rencehog@icloud.com,newsletter,everyone,true
173426289,2025-09-12T10:25:31.650Z,schafer1@gondtc.com,newsletter,everyone,true
