post_id,timestamp,email,post_type,post_audience,active_subscription
173923004,2025-09-18T09:49:05.928Z,noche1alpha@gmail.com,newsletter,everyone,false
173923004,2025-09-18T09:49:06.809Z,martinlarcan60@gmail.com,newsletter,everyone,true
173923004,2025-09-18T09:49:06.865Z,noratomlinson@gmail.com,newsletter,everyone,true
173923004,2025-09-18T09:49:06.888Z,tfcraig1946@gmail.com,newsletter,everyone,true
173923004,2025-09-18T09:49:07.132Z,Marykatri55@gmail.com,newsletter,everyone,true
173923004,2025-09-18T09:49:07.140Z,dagnaconstenla@yahoo.com,newsletter,everyone,true
173923004,2025-09-18T09:49:07.374Z,savage85719@gmail.com,newsletter,everyone,true
173923004,2025-09-18T09:49:07.399Z,prahamama911@gmail.com,newsletter,everyone,true
173923004,2025-09-18T09:49:07.474Z,Blairsmith0505@gmail.com,newsletter,everyone,false
173923004,2025-09-18T09:49:07.580Z,profornery@gmail.com,newsletter,everyone,true
173923004,2025-09-18T09:49:07.719Z,lynnk2c@yahoo.com,newsletter,everyone,true
173923004,2025-09-18T09:49:08.112Z,mhduffy@outlook.com,newsletter,everyone,true
173923004,2025-09-18T09:49:08.275Z,loraross@hotmail.com,newsletter,everyone,true
173923004,2025-09-18T09:49:08.277Z,spotacus1@gmail.com,newsletter,everyone,true
173923004,2025-09-18T09:49:08.462Z,joannehilden@yahoo.com,newsletter,everyone,true
173923004,2025-09-18T09:49:09.871Z,paraffin44052@yahoo.com,newsletter,everyone,true
173923004,2025-09-18T09:49:10.160Z,lorky1@sbcglobal.net,newsletter,everyone,true
173923004,2025-09-18T09:49:10.267Z,joe.simari@softchoice.com,newsletter,everyone,true
173923004,2025-09-18T09:49:10.282Z,amys51576@gmail.com,newsletter,everyone,true
173923004,2025-09-18T09:49:10.317Z,murdocksw@gmail.com,newsletter,everyone,true
173923004,2025-09-18T09:49:10.559Z,mrkimnmobile@gmail.com,newsletter,everyone,true
173923004,2025-09-18T09:49:10.573Z,cosmo424242@yahoo.com,newsletter,everyone,true
173923004,2025-09-18T09:49:10.577Z,geigenbrod@gmail.com,newsletter,everyone,true
173923004,2025-09-18T09:49:10.582Z,ashleympollock@gmail.com,newsletter,everyone,true
173923004,2025-09-18T09:49:10.590Z,gpurves@comcast.net,newsletter,everyone,true
173923004,2025-09-18T09:49:10.678Z,mcfvpk@gmail.com,newsletter,everyone,true
173923004,2025-09-18T09:49:10.697Z,maichrye@hotmail.com,newsletter,everyone,true
173923004,2025-09-18T09:49:10.720Z,sentac@msn.com,newsletter,everyone,true
173923004,2025-09-18T09:49:10.764Z,MABOYERCPA@aol.com,newsletter,everyone,true
173923004,2025-09-18T09:49:10.780Z,buster11860@yahoo.com,newsletter,everyone,true
173923004,2025-09-18T09:49:10.891Z,foureverfitness@yahoo.com,newsletter,everyone,true
173923004,2025-09-18T09:49:10.991Z,ep4evr1@yahoo.com,newsletter,everyone,true
173923004,2025-09-18T09:49:11.141Z,brianhudson5280@outlook.com,newsletter,everyone,true
173923004,2025-09-18T09:49:11.589Z,bethtab55@yahoo.com,newsletter,everyone,true
173923004,2025-09-18T09:49:11.739Z,weiser99@hotmail.com,newsletter,everyone,true
173923004,2025-09-18T09:49:11.782Z,g_moore@live.com,newsletter,everyone,true
173923004,2025-09-18T09:49:11.829Z,rencehog@icloud.com,newsletter,everyone,true
173923004,2025-09-18T09:49:12.007Z,tsoch@me.com,newsletter,everyone,true
173923004,2025-09-18T09:49:12.075Z,jekerr2@gmail.com,newsletter,everyone,true
173923004,2025-09-18T09:49:14.571Z,11_orrery_lime@icloud.com,newsletter,everyone,true
173923004,2025-09-18T09:49:16.788Z,schafer1@gondtc.com,newsletter,everyone,true
