post_id,timestamp,email,post_type,post_audience,active_subscription,country,city,region,device_type,client_os,client_type,user_agent
173923004,2025-09-18T09:50:06.354Z,amys51576@gmail.com,newsletter,everyone,true,US,,,,,,Mozilla/5.0 (Windows NT 5.1; rv:11.0) Gecko Firefox/11.0 (via ggpht.com GoogleImageProxy)
173923004,2025-09-18T09:52:37.158Z,tfcraig1946@gmail.com,newsletter,everyone,true,US,,,,,,Mozilla/5.0
173923004,2025-09-18T09:58:59.484Z,ep4evr1@yahoo.com,newsletter,everyone,true,NL,,,,,,Mozilla/5.0
173923004,2025-09-18T10:00:12.727Z,Blairsmith0505@gmail.com,newsletter,everyone,false,US,,,,,,Mozilla/5.0 (Windows NT 5.1; rv:11.0) Gecko Firefox/11.0 (via ggpht.com GoogleImageProxy)
173923004,2025-09-18T10:00:21.757Z,joannehilden@yahoo.com,newsletter,everyone,true,US,,,,,,Mozilla/5.0
173923004,2025-09-18T10:02:59.363Z,dagnaconstenla@yahoo.com,newsletter,everyone,true,US,,,,,,Mozilla/5.0
173923004,2025-09-18T10:06:48.306Z,spotacus1@gmail.com,newsletter,everyone,true,US,,,,,,Mozilla/5.0
173923004,2025-09-18T10:08:52.166Z,cosmo424242@yahoo.com,newsletter,everyone,true,NL,,,,,,Mozilla/5.0
173923004,2025-09-18T10:11:29.952Z,rencehog@icloud.com,newsletter,everyone,true,US,,,,,,Mozilla/5.0
173923004,2025-09-18T10:13:09.124Z,ep4evr1@yahoo.com,newsletter,everyone,true,US,,,,,,Mozilla/5.0
173923004,2025-09-18T10:17:17.831Z,brianhudson5280@outlook.com,newsletter,everyone,true,US,,,,,,Mozilla/5.0
173923004,2025-09-18T10:36:02.518Z,brianhudson5280@outlook.com,newsletter,everyone,true,US,,,,,,Mozilla/5.0
173923004,2025-09-18T10:45:47.074Z,dagnaconstenla@yahoo.com,newsletter,everyone,true,US,,,,,,Mozilla/5.0
173923004,2025-09-18T11:04:14.019Z,joannehilden@yahoo.com,newsletter,everyone,true,US,,,,,,YahooMailProxy; https://help.yahoo.com/kb/yahoo-mail-proxy-SLN28749.html
173923004,2025-09-18T11:26:04.188Z,paraffin44052@yahoo.com,newsletter,everyone,true,NL,,,,,,Mozilla/5.0
173923004,2025-09-18T12:26:02.426Z,tfcraig1946@gmail.com,newsletter,everyone,true,US,,,,,,Mozilla/5.0
173923004,2025-09-18T12:27:29.684Z,ashleympollock@gmail.com,newsletter,everyone,true,US,,,,,,Mozilla/5.0 (Windows NT 5.1; rv:11.0) Gecko Firefox/11.0 (via ggpht.com GoogleImageProxy)
173923004,2025-09-18T12:53:09.696Z,mrkimnmobile@gmail.com,newsletter,everyone,true,US,,,,,,Mozilla/5.0 (Windows NT 5.1; rv:11.0) Gecko Firefox/11.0 (via ggpht.com GoogleImageProxy)
173923004,2025-09-18T12:57:49.484Z,mrkimnmobile@gmail.com,newsletter,everyone,true,US,,,,,,Mozilla/5.0 (Windows NT 5.1; rv:11.0) Gecko Firefox/11.0 (via ggpht.com GoogleImageProxy)
173923004,2025-09-18T13:09:59.436Z,murdocksw@gmail.com,newsletter,everyone,true,US,,,,,,Mozilla/5.0 (Windows NT 5.1; rv:11.0) Gecko Firefox/11.0 (via ggpht.com GoogleImageProxy)
173923004,2025-09-18T13:46:07.289Z,spotacus1@gmail.com,newsletter,everyone,true,US,,,,,,Mozilla/5.0
173923004,2025-09-18T14:21:01.285Z,Blairsmith0505@gmail.com,newsletter,everyone,false,US,,,,,,Mozilla/5.0 (Windows NT 5.1; rv:11.0) Gecko Firefox/11.0 (via ggpht.com GoogleImageProxy)
173923004,2025-09-18T16:01:20.097Z,prahamama911@gmail.com,newsletter,everyone,true,US,,,,,,"Mozilla/5.0 (Macintosh; Intel Mac OS X 10_15_7) AppleWebKit/605.1.15 (KHTML, like Gecko)"
173923004,2025-09-18T18:47:38.910Z,lorky1@sbcglobal.net,newsletter,everyone,true,US,,,,,,Mozilla/5.0
173923004,2025-09-18T20:57:49.009Z,noche1alpha@gmail.com,newsletter,everyone,false,US,,,,,,Mozilla/5.0 (Windows NT 5.1; rv:11.0) Gecko Firefox/11.0 (via ggpht.com GoogleImageProxy)
173923004,2025-09-18T23:12:35.200Z,tfcraig1946@gmail.com,newsletter,everyone,true,US,,,,,,Mozilla/5.0
173923004,2025-09-19T02:19:18.110Z,jekerr2@gmail.com,newsletter,everyone,true,US,,,,,,Mozilla/5.0 (Windows NT 5.1; rv:11.0) Gecko Firefox/11.0 (via ggpht.com GoogleImageProxy)
173923004,2025-09-19T04:02:42.502Z,spotacus1@gmail.com,newsletter,everyone,true,US,,,,,,Mozilla/5.0
173923004,2025-09-19T13:46:44.035Z,mrkimnmobile@gmail.com,newsletter,everyone,true,US,,,,,,Mozilla/5.0 (Windows NT 5.1; rv:11.0) Gecko Firefox/11.0 (via ggpht.com GoogleImageProxy)
