post_id,timestamp,email,post_type,post_audience,active_subscription,country,city,region,device_type,client_os,client_type,user_agent
174234476,2025-09-22T10:49:08.476Z,flickable@gmail.com,newsletter,everyone,true,DE,,,,,,Mozilla/5.0
174234476,2025-09-22T10:50:48.754Z,dagnaconstenla@yahoo.com,newsletter,everyone,true,US,,,,,,Mozilla/5.0
174234476,2025-09-22T10:54:28.255Z,joannehilden@yahoo.com,newsletter,everyone,true,US,,,,,,YahooMailProxy; https://help.yahoo.com/kb/yahoo-mail-proxy-SLN28749.html
174234476,2025-09-22T10:55:04.581Z,joannehilden@yahoo.com,newsletter,everyone,true,US,,,,,,YahooMailProxy; https://help.yahoo.com/kb/yahoo-mail-proxy-SLN28749.html
174234476,2025-09-22T11:00:40.683Z,Blairsmith0505@gmail.com,newsletter,everyone,false,US,,,,,,Mozilla/5.0 (Windows NT 5.1; rv:11.0) Gecko Firefox/11.0 (via ggpht.com GoogleImageProxy)
174234476,2025-09-22T11:07:27.238Z,brianhudson5280@outlook.com,newsletter,everyone,true,US,,,,,,Mozilla/5.0
174234476,2025-09-22T11:09:03.984Z,spotacus1@gmail.com,newsletter,everyone,true,US,,,,,,Mozilla/5.0
174234476,2025-09-22T11:09:51.116Z,tfcraig1946@gmail.com,newsletter,everyone,true,US,,,,,,Mozilla/5.0
174234476,2025-09-22T11:23:25.318Z,brianhudson5280@outlook.com,newsletter,everyone,true,US,,,,,,Mozilla/5.0
174234476,2025-09-22T11:39:52.267Z,ep4evr1@yahoo.com,newsletter,everyone,true,US,,,,,,Mozilla/5.0
174234476,2025-09-22T12:09:43.857Z,paraffin44052@yahoo.com,newsletter,everyone,true,US,,,,,,Mozilla/5.0
174234476,2025-09-22T12:12:40.223Z,dagnaconstenla@yahoo.com,newsletter,everyone,true,US,,,,,,Mozilla/5.0
174234476,2025-09-22T12:19:22.801Z,rencehog@icloud.com,newsletter,everyone,true,US,,,,,,Mozilla/5.0
174234476,2025-09-22T12:27:50.259Z,dagnaconstenla@yahoo.com,newsletter,everyone,true,US,,,,,,Mozilla/5.0
174234476,2025-09-22T12:57:23.294Z,dagnaconstenla@yahoo.com,newsletter,everyone,true,US,,,,,,YahooMailProxy; https://help.yahoo.com/kb/yahoo-mail-proxy-SLN28749.html
174234476,2025-09-22T12:59:53.048Z,dagnaconstenla@yahoo.com,newsletter,everyone,true,US,,,,,,YahooMailProxy; https://help.yahoo.com/kb/yahoo-mail-proxy-SLN28749.html
174234476,2025-09-22T13:21:01.852Z,mikeburt51@aol.com,newsletter,everyone,true,NL,,,,,,Mozilla/5.0
174234476,2025-09-22T13:26:53.316Z,brianhudson5280@outlook.com,newsletter,everyone,true,US,,,,,,Mozilla/4.0 (compatible; ms-office; MSOffice 16)
174234476,2025-09-22T13:27:20.136Z,jimbucci31@gmail.com,newsletter,everyone,true,US,,,,,,Mozilla/5.0
174234476,2025-09-22T13:38:05.726Z,acktrisha@gmail.com,newsletter,everyone,true,US,,,,,,Mozilla/5.0 (Windows NT 5.1; rv:11.0) Gecko Firefox/11.0 (via ggpht.com GoogleImageProxy)
174234476,2025-09-22T14:00:37.170Z,ep4evr1@yahoo.com,newsletter,everyone,true,NL,,,,,,Mozilla/5.0
174234476,2025-09-22T14:37:51.819Z,mrkimnmobile@gmail.com,newsletter,everyone,true,US,,,,,,Mozilla/5.0 (Windows NT 5.1; rv:11.0) Gecko Firefox/11.0 (via ggpht.com GoogleImageProxy)
174234476,2025-09-22T17:41:37.705Z,lorky1@sbcglobal.net,newsletter,everyone,true,NL,,,,,,Mozilla/5.0
174234476,2025-09-22T23:37:44.755Z,cosmo424242@yahoo.com,newsletter,everyone,true,NL,,,,,,Mozilla/5.0
174234476,2025-09-23T01:51:49.969Z,tfcraig1946@gmail.com,newsletter,everyone,true,US,,,,,,Mozilla/5.0
174234476,2025-09-23T10:07:49.365Z,flickable@gmail.com,newsletter,everyone,true,US,,,,,,Mozilla/5.0
174234476,2025-09-24T04:58:15.564Z,prahamama911@gmail.com,newsletter,everyone,true,US,,,,,,"Mozilla/5.0 (Macintosh; Intel Mac OS X 10_15_7) AppleWebKit/605.1.15 (KHTML, like Gecko)"
174234476,2025-09-24T12:57:28.569Z,spotacus1@gmail.com,newsletter,everyone,true,NL,,,,,,Mozilla/5.0
174234476,2025-09-24T16:53:46.292Z,mrkimnmobile@gmail.com,newsletter,everyone,true,US,,,,,,Mozilla/5.0 (Windows NT 5.1; rv:11.0) Gecko Firefox/11.0 (via ggpht.com GoogleImageProxy)
174234476,2025-09-25T13:28:53.321Z,mrkimnmobile@gmail.com,newsletter,everyone,true,US,,,,,,Mozilla/5.0 (Windows NT 5.1; rv:11.0) Gecko Firefox/11.0 (via ggpht.com GoogleImageProxy)
174234476,2025-09-29T03:09:12.239Z,rencehog@icloud.com,newsletter,everyone,true,US,,,,,,Mozilla/5.0
174234476,2025-10-12T06:39:39.213Z,flickable@gmail.com,newsletter,everyone,true,DE,,,,,,Mozilla/5.0
174234476,2025-10-12T16:27:59.491Z,martinlarcan60@gmail.com,newsletter,everyone,true,US,,,,,,Mozilla/5.0 (Windows NT 5.1; rv:11.0) Gecko Firefox/11.0 (via ggpht.com GoogleImageProxy)
