post_id,timestamp,email,post_type,post_audience,active_subscription
174234476,2025-09-22T10:48:19.133Z,noche1alpha@gmail.com,newsletter,everyone,false
174234476,2025-09-22T10:48:19.353Z,martinlarcan60@gmail.com,newsletter,everyone,true
174234476,2025-09-22T10:48:19.539Z,tfcraig1946@gmail.com,newsletter,everyone,true
174234476,2025-09-22T10:48:19.552Z,noratomlinson@gmail.com,newsletter,everyone,true
174234476,2025-09-22T10:48:19.677Z,Blairsmith0505@gmail.com,newsletter,everyone,false
174234476,2025-09-22T10:48:19.805Z,savage85719@gmail.com,newsletter,everyone,true
174234476,2025-09-22T10:48:19.960Z,Marykatri55@gmail.com,newsletter,everyone,true
174234476,2025-09-22T10:48:19.991Z,richardapanzer82@gmail.com,newsletter,everyone,true
174234476,2025-09-22T10:48:20.015Z,profornery@gmail.com,newsletter,everyone,true
174234476,2025-09-22T10:48:20.078Z,dagnaconstenla@yahoo.com,newsletter,everyone,true
174234476,2025-09-22T10:48:20.502Z,prahamama911@gmail.com,newsletter,everyone,true
174234476,2025-09-22T10:48:20.610Z,loraross@hotmail.com,newsletter,everyone,true
174234476,2025-09-22T10:48:20.998Z,spotacus1@gmail.com,newsletter,everyone,true
174234476,2025-09-22T10:48:21.066Z,paraffin44052@yahoo.com,newsletter,everyone,true
174234476,2025-09-22T10:48:21.146Z,flickable@gmail.com,newsletter,everyone,true
174234476,2025-09-22T10:48:21.170Z,joe.simari@softchoice.com,newsletter,everyone,true
174234476,2025-09-22T10:48:21.277Z,lynnk2c@yahoo.com,newsletter,everyone,true
174234476,2025-09-22T10:48:21.279Z,amys51576@gmail.com,newsletter,everyone,true
174234476,2025-09-22T10:48:21.396Z,lorky1@sbcglobal.net,newsletter,everyone,true
174234476,2025-09-22T10:48:21.414Z,jimbucci31@gmail.com,newsletter,everyone,true
174234476,2025-09-22T10:48:21.446Z,joannehilden@yahoo.com,newsletter,everyone,true
174234476,2025-09-22T10:48:21.463Z,mcfvpk@gmail.com,newsletter,everyone,true
174234476,2025-09-22T10:48:21.496Z,mikeburt51@aol.com,newsletter,everyone,true
174234476,2025-09-22T10:48:21.508Z,acktrisha@gmail.com,newsletter,everyone,true
174234476,2025-09-22T10:48:21.516Z,geigenbrod@gmail.com,newsletter,everyone,true
174234476,2025-09-22T10:48:21.547Z,jekerr2@gmail.com,newsletter,everyone,true
174234476,2025-09-22T10:48:21.651Z,mrkimnmobile@gmail.com,newsletter,everyone,true
174234476,2025-09-22T10:48:21.711Z,ashleympollock@gmail.com,newsletter,everyone,true
174234476,2025-09-22T10:48:21.719Z,sentac@msn.com,newsletter,everyone,true
174234476,2025-09-22T10:48:21.752Z,maichrye@hotmail.com,newsletter,everyone,true
174234476,2025-09-22T10:48:21.767Z,tsoch@me.com,newsletter,everyone,true
174234476,2025-09-22T10:48:21.797Z,buster11860@yahoo.com,newsletter,everyone,true
174234476,2025-09-22T10:48:21.812Z,MABOYERCPA@aol.com,newsletter,everyone,true
174234476,2025-09-22T10:48:21.855Z,foureverfitness@yahoo.com,newsletter,everyone,true
174234476,2025-09-22T10:48:21.878Z,bethtab55@yahoo.com,newsletter,everyone,true
174234476,2025-09-22T10:48:21.975Z,g_moore@live.com,newsletter,everyone,true
174234476,2025-09-22T10:48:22.454Z,cosmo424242@yahoo.com,newsletter,everyone,true
174234476,2025-09-22T10:48:22.455Z,ep4evr1@yahoo.com,newsletter,everyone,true
174234476,2025-09-22T10:48:22.470Z,gpurves@comcast.net,newsletter,everyone,true
174234476,2025-09-22T10:48:22.513Z,mhduffy@outlook.com,newsletter,everyone,true
174234476,2025-09-22T10:48:23.042Z,murdocksw@gmail.com,newsletter,everyone,true
174234476,2025-09-22T10:48:23.344Z,brianhudson5280@outlook.com,newsletter,everyone,true
174234476,2025-09-22T10:48:23.401Z,rencehog@icloud.com,newsletter,everyone,true
174234476,2025-09-22T10:48:25.826Z,11_orrery_lime@icloud.com,newsletter,everyone,true
174234476,2025-09-22T10:48:27.570Z,weiser99@hotmail.com,newsletter,everyone,true
174234476,2025-09-22T10:48:27.604Z,schafer1@gondtc.com,newsletter,everyone,true
