post_id,timestamp,email,post_type,post_audience,active_subscription,country,city,region,device_type,client_os,client_type,user_agent
174521886,2025-09-25T11:34:58.791Z,Blairsmith0505@gmail.com,newsletter,everyone,false,US,,,,,,Mozilla/5.0 (Windows NT 5.1; rv:11.0) Gecko Firefox/11.0 (via ggpht.com GoogleImageProxy)
174521886,2025-09-25T11:36:04.540Z,acktrisha@gmail.com,newsletter,everyone,true,US,,,,,,Mozilla/5.0 (Windows NT 5.1; rv:11.0) Gecko Firefox/11.0 (via ggpht.com GoogleImageProxy)
174521886,2025-09-25T11:48:13.031Z,dagnaconstenla@yahoo.com,newsletter,everyone,true,US,,,,,,Mozilla/5.0
174521886,2025-09-25T11:48:30.757Z,dagnaconstenla@yahoo.com,newsletter,everyone,true,US,,,,,,YahooMailProxy; https://help.yahoo.com/kb/yahoo-mail-proxy-SLN28749.html
174521886,2025-09-25T11:48:31.495Z,spotacus1@gmail.com,newsletter,everyone,true,US,,,,,,Mozilla/5.0
174521886,2025-09-25T11:50:05.033Z,ep4evr1@yahoo.com,newsletter,everyone,true,US,,,,,,Mozilla/5.0
174521886,2025-09-25T11:55:29.629Z,rencehog@icloud.com,newsletter,everyone,true,US,,,,,,Mozilla/5.0
174521886,2025-09-25T11:57:45.293Z,brianhudson5280@outlook.com,newsletter,everyone,true,US,,,,,,Mozilla/5.0
174521886,2025-09-25T12:20:17.242Z,flickable@gmail.com,newsletter,everyone,true,US,,,,,,Mozilla/5.0
174521886,2025-09-25T12:21:19.462Z,ep4evr1@yahoo.com,newsletter,everyone,true,NL,,,,,,Mozilla/5.0
174521886,2025-09-25T12:23:45.043Z,brianhudson5280@outlook.com,newsletter,everyone,true,US,,,,,,Mozilla/5.0
174521886,2025-09-25T12:28:43.585Z,tfcraig1946@gmail.com,newsletter,everyone,true,US,,,,,,Mozilla/5.0
174521886,2025-09-25T12:29:14.187Z,brianhudson5280@outlook.com,newsletter,everyone,true,US,,,,,,Mozilla/4.0 (compatible; ms-office; MSOffice 16)
174521886,2025-09-25T12:30:36.908Z,brianhudson5280@outlook.com,newsletter,everyone,true,US,,,,,,Mozilla/4.0 (compatible; ms-office; MSOffice 16)
174521886,2025-09-25T12:46:28.357Z,dagnaconstenla@yahoo.com,newsletter,everyone,true,US,,,,,,Mozilla/5.0
174521886,2025-09-25T13:07:13.840Z,dagnaconstenla@yahoo.com,newsletter,everyone,true,US,,,,,,Mozilla/5.0
174521886,2025-09-25T13:12:08.799Z,jimbucci31@gmail.com,newsletter,everyone,true,US,,,,,,Mozilla/5.0
174521886,2025-09-25T13:28:52.377Z,mrkimnmobile@gmail.com,newsletter,everyone,true,US,,,,,,Mozilla/5.0 (Windows NT 5.1; rv:11.0) Gecko Firefox/11.0 (via ggpht.com GoogleImageProxy)
174521886,2025-09-25T13:57:35.243Z,flickable@gmail.com,newsletter,everyone,true,NL,,,,,,Mozilla/5.0
174521886,2025-09-25T14:04:49.046Z,prahamama911@gmail.com,newsletter,everyone,true,US,,,,,,"Mozilla/5.0 (Macintosh; Intel Mac OS X 10_15_7) AppleWebKit/605.1.15 (KHTML, like Gecko)"
174521886,2025-09-25T17:22:30.588Z,lorky1@sbcglobal.net,newsletter,everyone,true,US,,,,,,Mozilla/5.0
174521886,2025-09-25T17:47:28.322Z,savage85719@gmail.com,newsletter,everyone,true,US,,,,,,Mozilla/5.0 (Windows NT 5.1; rv:11.0) Gecko Firefox/11.0 (via ggpht.com GoogleImageProxy)
174521886,2025-09-25T18:57:55.224Z,murdocksw@gmail.com,newsletter,everyone,true,US,,,,,,Mozilla/5.0 (Windows NT 5.1; rv:11.0) Gecko Firefox/11.0 (via ggpht.com GoogleImageProxy)
174521886,2025-09-25T20:38:31.915Z,rencehog@icloud.com,newsletter,everyone,true,US,,,,,,"Mozilla/5.0 AppleWebKit/WebKit_version (KHTML, like Gecko)"
174521886,2025-09-25T21:27:13.660Z,rencehog@icloud.com,newsletter,everyone,true,US,,,,,,"Mozilla/5.0 AppleWebKit/WebKit_version (KHTML, like Gecko)"
174521886,2025-09-25T21:48:34.737Z,dagnaconstenla@yahoo.com,newsletter,everyone,true,US,,,,,,Mozilla/5.0
174521886,2025-09-26T00:06:41.544Z,cosmo424242@yahoo.com,newsletter,everyone,true,NL,,,,,,Mozilla/5.0
174521886,2025-09-26T02:46:26.580Z,mikeburt51@aol.com,newsletter,everyone,true,US,,,,,,Mozilla/5.0
174521886,2025-09-26T16:56:54.480Z,spotacus1@gmail.com,newsletter,everyone,true,US,,,,,,Mozilla/5.0
174521886,2025-09-26T22:06:42.161Z,ashleympollock@gmail.com,newsletter,everyone,true,US,,,,,,Mozilla/5.0 (Windows NT 5.1; rv:11.0) Gecko Firefox/11.0 (via ggpht.com GoogleImageProxy)
174521886,2025-09-29T12:56:20.229Z,mrkimnmobile@gmail.com,newsletter,everyone,true,US,,,,,,Mozilla/5.0 (Windows NT 5.1; rv:11.0) Gecko Firefox/11.0 (via ggpht.com GoogleImageProxy)
174521886,2025-09-29T15:14:08.856Z,acktrisha@gmail.com,newsletter,everyone,true,US,,,,,,Mozilla/5.0 (Windows NT 5.1; rv:11.0) Gecko Firefox/11.0 (via ggpht.com GoogleImageProxy)
174521886,2025-10-07T20:24:10.611Z,lorky1@sbcglobal.net,newsletter,everyone,true,US,,,,,,Mozilla/5.0
174521886,2025-10-12T19:14:41.136Z,flickable@gmail.com,newsletter,everyone,true,US,,,,,,Mozilla/5.0
