post_id,timestamp,email,post_type,post_audience,active_subscription
174521886,2025-09-25T11:34:15.924Z,noche1alpha@gmail.com,newsletter,everyone,false
174521886,2025-09-25T11:34:16.745Z,savage85719@gmail.com,newsletter,everyone,true
174521886,2025-09-25T11:34:16.871Z,noratomlinson@gmail.com,newsletter,everyone,true
174521886,2025-09-25T11:34:16.917Z,richardapanzer82@gmail.com,newsletter,everyone,true
174521886,2025-09-25T11:34:16.922Z,profornery@gmail.com,newsletter,everyone,true
174521886,2025-09-25T11:34:17.003Z,Marykatri55@gmail.com,newsletter,everyone,true
174521886,2025-09-25T11:34:17.061Z,martinlarcan60@gmail.com,newsletter,everyone,true
174521886,2025-09-25T11:34:17.267Z,tfcraig1946@gmail.com,newsletter,everyone,true
174521886,2025-09-25T11:34:17.288Z,dagnaconstenla@yahoo.com,newsletter,everyone,true
174521886,2025-09-25T11:34:17.326Z,kksearer.6162@gmail.com,newsletter,everyone,true
174521886,2025-09-25T11:34:17.386Z,Blairsmith0505@gmail.com,newsletter,everyone,false
174521886,2025-09-25T11:34:17.880Z,loraross@hotmail.com,newsletter,everyone,true
174521886,2025-09-25T11:34:17.949Z,spotacus1@gmail.com,newsletter,everyone,true
174521886,2025-09-25T11:34:18.323Z,joannehilden@yahoo.com,newsletter,everyone,true
174521886,2025-09-25T11:34:18.421Z,amys51576@gmail.com,newsletter,everyone,true
174521886,2025-09-25T11:34:18.564Z,mhduffy@outlook.com,newsletter,everyone,true
174521886,2025-09-25T11:34:18.712Z,tsoch@me.com,newsletter,everyone,true
174521886,2025-09-25T11:34:18.714Z,jimbucci31@gmail.com,newsletter,everyone,true
174521886,2025-09-25T11:34:18.816Z,joe.simari@softchoice.com,newsletter,everyone,true
174521886,2025-09-25T11:34:18.821Z,ashleympollock@gmail.com,newsletter,everyone,true
174521886,2025-09-25T11:34:18.860Z,jekerr2@gmail.com,newsletter,everyone,true
174521886,2025-09-25T11:34:18.883Z,bethtab55@yahoo.com,newsletter,everyone,true
174521886,2025-09-25T11:34:18.944Z,paraffin44052@yahoo.com,newsletter,everyone,true
174521886,2025-09-25T11:34:19.023Z,prahamama911@gmail.com,newsletter,everyone,true
174521886,2025-09-25T11:34:19.059Z,sentac@msn.com,newsletter,everyone,true
174521886,2025-09-25T11:34:19.068Z,brianhudson5280@outlook.com,newsletter,everyone,true
174521886,2025-09-25T11:34:19.127Z,mrkimnmobile@gmail.com,newsletter,everyone,true
174521886,2025-09-25T11:34:19.144Z,cosmo424242@yahoo.com,newsletter,everyone,true
174521886,2025-09-25T11:34:19.311Z,MABOYERCPA@aol.com,newsletter,everyone,true
174521886,2025-09-25T11:34:19.375Z,buster11860@yahoo.com,newsletter,everyone,true
174521886,2025-09-25T11:34:19.377Z,mcfvpk@gmail.com,newsletter,everyone,true
174521886,2025-09-25T11:34:19.397Z,geigenbrod@gmail.com,newsletter,everyone,true
174521886,2025-09-25T11:34:19.626Z,g_moore@live.com,newsletter,everyone,true
174521886,2025-09-25T11:34:19.734Z,gpurves@comcast.net,newsletter,everyone,true
174521886,2025-09-25T11:34:19.863Z,foureverfitness@yahoo.com,newsletter,everyone,true
174521886,2025-09-25T11:34:19.968Z,murdocksw@gmail.com,newsletter,everyone,true
174521886,2025-09-25T11:34:19.981Z,lynnk2c@yahoo.com,newsletter,everyone,true
174521886,2025-09-25T11:34:20.059Z,flickable@gmail.com,newsletter,everyone,true
174521886,2025-09-25T11:34:20.280Z,ep4evr1@yahoo.com,newsletter,everyone,true
174521886,2025-09-25T11:34:20.283Z,acktrisha@gmail.com,newsletter,everyone,true
174521886,2025-09-25T11:34:20.350Z,lorky1@sbcglobal.net,newsletter,everyone,true
174521886,2025-09-25T11:34:20.568Z,weiser99@hotmail.com,newsletter,everyone,true
174521886,2025-09-25T11:34:21.027Z,mikeburt51@aol.com,newsletter,everyone,true
174521886,2025-09-25T11:34:21.272Z,rencehog@icloud.com,newsletter,everyone,true
174521886,2025-09-25T11:34:21.546Z,maichrye@hotmail.com,newsletter,everyone,true
174521886,2025-09-25T11:34:21.612Z,11_orrery_lime@icloud.com,newsletter,everyone,true
174521886,2025-09-25T11:34:24.737Z,schafer1@gondtc.com,newsletter,everyone,true
