post_id,timestamp,email,post_type,post_audience,active_subscription,country,city,region,device_type,client_os,client_type,user_agent
174821034,2025-09-29T10:00:39.132Z,acktrisha@gmail.com,newsletter,everyone,true,US,,,,,,Mozilla/5.0 (Windows NT 5.1; rv:11.0) Gecko Firefox/11.0 (via ggpht.com GoogleImageProxy)
174821034,2025-09-29T10:00:47.427Z,spotacus1@gmail.com,newsletter,everyone,true,US,,,,,,Mozilla/5.0
174821034,2025-09-29T10:03:37.248Z,joannehilden@yahoo.com,newsletter,everyone,true,US,,,,,,Mozilla/5.0
174821034,2025-09-29T10:07:45.044Z,Blairsmith0505@gmail.com,newsletter,everyone,false,US,,,,,,Mozilla/5.0 (Windows NT 5.1; rv:11.0) Gecko Firefox/11.0 (via ggpht.com GoogleImageProxy)
174821034,2025-09-29T10:07:59.459Z,tfcraig1946@gmail.com,newsletter,everyone,true,NL,,,,,,Mozilla/5.0
174821034,2025-09-29T10:12:05.659Z,amys51576@gmail.com,newsletter,everyone,true,US,,,,,,Mozilla/5.0 (Windows NT 5.1; rv:11.0) Gecko Firefox/11.0 (via ggpht.com GoogleImageProxy)
174821034,2025-09-29T10:12:35.393Z,dagnaconstenla@yahoo.com,newsletter,everyone,true,US,,,,,,Mozilla/5.0
174821034,2025-09-29T10:15:22.419Z,brianhudson5280@outlook.com,newsletter,everyone,true,NL,,,,,,Mozilla/5.0
174821034,2025-09-29T10:17:40.200Z,dagnaconstenla@yahoo.com,newsletter,everyone,true,US,,,,,,Mozilla/5.0
174821034,2025-09-29T12:56:19.538Z,mrkimnmobile@gmail.com,newsletter,everyone,true,US,,,,,,Mozilla/5.0 (Windows NT 5.1; rv:11.0) Gecko Firefox/11.0 (via ggpht.com GoogleImageProxy)
174821034,2025-09-29T13:03:44.437Z,brianhudson5280@outlook.com,newsletter,everyone,true,US,,,,,,Mozilla/5.0
174821034,2025-09-29T13:19:37.074Z,dagnaconstenla@yahoo.com,newsletter,everyone,true,US,,,,,,Mozilla/5.0
174821034,2025-09-29T13:50:04.572Z,mikeburt51@aol.com,newsletter,everyone,true,NL,,,,,,Mozilla/5.0
174821034,2025-09-29T14:33:35.874Z,flickable@gmail.com,newsletter,everyone,true,GB,,,,,,Mozilla/5.0
174821034,2025-09-29T15:12:36.328Z,acktrisha@gmail.com,newsletter,everyone,true,US,,,,,,Mozilla/5.0 (Windows NT 5.1; rv:11.0) Gecko Firefox/11.0 (via ggpht.com GoogleImageProxy)
174821034,2025-09-29T16:55:03.951Z,lorky1@sbcglobal.net,newsletter,everyone,true,US,,,,,,Mozilla/5.0
174821034,2025-09-29T17:53:54.350Z,jimbucci31@gmail.com,newsletter,everyone,true,US,,,,,,Mozilla/5.0
174821034,2025-09-30T04:44:13.284Z,tsoch@me.com,newsletter,everyone,true,US,,,,,,Mozilla/5.0
174821034,2025-09-30T13:19:10.499Z,mrkimnmobile@gmail.com,newsletter,everyone,true,US,,,,,,Mozilla/5.0 (Windows NT 5.1; rv:11.0) Gecko Firefox/11.0 (via ggpht.com GoogleImageProxy)
174821034,2025-09-30T17:28:24.682Z,spotacus1@gmail.com,newsletter,everyone,true,US,,,,,,Mozilla/5.0
174821034,2025-09-30T22:51:43.135Z,prahamama911@gmail.com,newsletter,everyone,true,US,,,,,,"Mozilla/5.0 (Macintosh; Intel Mac OS X 10_15_7) AppleWebKit/605.1.15 (KHTML, like Gecko)"
174821034,2025-09-30T22:52:02.681Z,prahamama911@gmail.com,newsletter,everyone,true,US,,,,,,"Mozilla/5.0 (Macintosh; Intel Mac OS X 10_15_7) AppleWebKit/605.1.15 (KHTML, like Gecko)"
174821034,2025-09-30T22:52:02.681Z,prahamama911@gmail.com,newsletter,everyone,true,US,,,,,,"Mozilla/5.0 (Macintosh; Intel Mac OS X 10_15_7) AppleWebKit/605.1.15 (KHTML, like Gecko)"
174821034,2025-09-30T22:52:13.781Z,prahamama911@gmail.com,newsletter,everyone,true,US,,,,,,"Mozilla/5.0 (Macintosh; Intel Mac OS X 10_15_7) AppleWebKit/605.1.15 (KHTML, like Gecko)"
174821034,2025-09-30T22:53:15.700Z,prahamama911@gmail.com,newsletter,everyone,true,US,,,,,,"Mozilla/5.0 (Macintosh; Intel Mac OS X 10_15_7) AppleWebKit/605.1.15 (KHTML, like Gecko)"
174821034,2025-09-30T22:53:16.025Z,prahamama911@gmail.com,newsletter,everyone,true,US,,,,,,"Mozilla/5.0 (Macintosh; Intel Mac OS X 10_15_7) AppleWebKit/605.1.15 (KHTML, like Gecko)"
174821034,2025-10-01T04:47:23.150Z,flickable@gmail.com,newsletter,everyone,true,US,,,,,,Mozilla/5.0
174821034,2025-10-03T01:54:50.294Z,mikeburt51@aol.com,newsletter,everyone,true,US,,,,,,Mozilla/5.0
174821034,2025-10-12T19:14:41.134Z,flickable@gmail.com,newsletter,everyone,true,US,,,,,,Mozilla/5.0
