post_id,timestamp,email,post_type,post_audience,active_subscription
174821034,2025-09-29T09:59:45.902Z,noche1alpha@gmail.com,newsletter,everyone,false
174821034,2025-09-29T09:59:46.406Z,Blairsmith0505@gmail.com,newsletter,everyone,false
174821034,2025-09-29T09:59:47.271Z,martinlarcan60@gmail.com,newsletter,everyone,true
174821034,2025-09-29T09:59:47.281Z,savage85719@gmail.com,newsletter,everyone,true
174821034,2025-09-29T09:59:47.287Z,richardapanzer82@gmail.com,newsletter,everyone,true
174821034,2025-09-29T09:59:47.417Z,tfcraig1946@gmail.com,newsletter,everyone,true
174821034,2025-09-29T09:59:47.441Z,kksearer.6162@gmail.com,newsletter,everyone,true
174821034,2025-09-29T09:59:47.484Z,noratomlinson@gmail.com,newsletter,everyone,true
174821034,2025-09-29T09:59:47.489Z,profornery@gmail.com,newsletter,everyone,true
174821034,2025-09-29T09:59:47.840Z,Marykatri55@gmail.com,newsletter,everyone,true
174821034,2025-09-29T09:59:47.918Z,dagnaconstenla@yahoo.com,newsletter,everyone,true
174821034,2025-09-29T09:59:48.034Z,rizzatas@yahoo.com,newsletter,everyone,true
174821034,2025-09-29T09:59:48.117Z,prahamama911@gmail.com,newsletter,everyone,true
174821034,2025-09-29T09:59:48.176Z,lynnk2c@yahoo.com,newsletter,everyone,true
174821034,2025-09-29T09:59:49.032Z,spotacus1@gmail.com,newsletter,everyone,true
174821034,2025-09-29T09:59:49.195Z,mhduffy@outlook.com,newsletter,everyone,true
174821034,2025-09-29T09:59:49.208Z,joannehilden@yahoo.com,newsletter,everyone,true
174821034,2025-09-29T09:59:49.778Z,murdocksw@gmail.com,newsletter,everyone,true
174821034,2025-09-29T09:59:49.783Z,flickable@gmail.com,newsletter,everyone,true
174821034,2025-09-29T09:59:49.798Z,paraffin44052@yahoo.com,newsletter,everyone,true
174821034,2025-09-29T09:59:49.981Z,mikeburt51@aol.com,newsletter,everyone,true
174821034,2025-09-29T09:59:50.218Z,loraross@hotmail.com,newsletter,everyone,true
174821034,2025-09-29T09:59:50.503Z,acktrisha@gmail.com,newsletter,everyone,true
174821034,2025-09-29T09:59:50.674Z,tsoch@me.com,newsletter,everyone,true
174821034,2025-09-29T09:59:51.062Z,weiser99@hotmail.com,newsletter,everyone,true
174821034,2025-09-29T09:59:51.112Z,jekerr2@gmail.com,newsletter,everyone,true
174821034,2025-09-29T09:59:51.140Z,joe.simari@softchoice.com,newsletter,everyone,true
174821034,2025-09-29T09:59:51.217Z,mrkimnmobile@gmail.com,newsletter,everyone,true
174821034,2025-09-29T09:59:51.331Z,amys51576@gmail.com,newsletter,everyone,true
174821034,2025-09-29T09:59:51.355Z,geigenbrod@gmail.com,newsletter,everyone,true
174821034,2025-09-29T09:59:51.376Z,jjuarezz714@gmail.com,newsletter,everyone,true
174821034,2025-09-29T09:59:51.404Z,mcfvpk@gmail.com,newsletter,everyone,true
174821034,2025-09-29T09:59:51.409Z,bethtab55@yahoo.com,newsletter,everyone,true
174821034,2025-09-29T09:59:51.508Z,jimbucci31@gmail.com,newsletter,everyone,true
174821034,2025-09-29T09:59:51.548Z,buster11860@yahoo.com,newsletter,everyone,true
174821034,2025-09-29T09:59:51.722Z,cosmo424242@yahoo.com,newsletter,everyone,true
174821034,2025-09-29T09:59:51.740Z,foureverfitness@yahoo.com,newsletter,everyone,true
174821034,2025-09-29T09:59:51.800Z,ashleympollock@gmail.com,newsletter,everyone,true
174821034,2025-09-29T09:59:51.890Z,sentac@msn.com,newsletter,everyone,true
174821034,2025-09-29T09:59:51.940Z,brianhudson5280@outlook.com,newsletter,everyone,true
174821034,2025-09-29T09:59:52.031Z,maichrye@hotmail.com,newsletter,everyone,true
174821034,2025-09-29T09:59:52.063Z,MABOYERCPA@aol.com,newsletter,everyone,true
174821034,2025-09-29T09:59:52.624Z,gpurves@comcast.net,newsletter,everyone,true
174821034,2025-09-29T09:59:52.875Z,ep4evr1@yahoo.com,newsletter,everyone,true
174821034,2025-09-29T09:59:53.443Z,g_moore@live.com,newsletter,everyone,true
174821034,2025-09-29T09:59:54.461Z,11_orrery_lime@icloud.com,newsletter,everyone,true
174821034,2025-09-29T09:59:55.709Z,lorky1@sbcglobal.net,newsletter,everyone,true
174821034,2025-09-29T09:59:57.623Z,schafer1@gondtc.com,newsletter,everyone,true
