post_id,timestamp,email,post_type,post_audience,active_subscription
175007361,2025-10-01T11:21:49.255Z,Blairsmith0505@gmail.com,newsletter,everyone,false
175007361,2025-10-01T11:21:49.506Z,noche1alpha@gmail.com,newsletter,everyone,false
175007361,2025-10-01T11:21:49.661Z,tfcraig1946@gmail.com,newsletter,everyone,true
175007361,2025-10-01T11:21:49.742Z,martinlarcan60@gmail.com,newsletter,everyone,true
175007361,2025-10-01T11:21:49.817Z,richardapanzer82@gmail.com,newsletter,everyone,true
175007361,2025-10-01T11:21:49.852Z,Marykatri55@gmail.com,newsletter,everyone,true
175007361,2025-10-01T11:21:49.891Z,prahamama911@gmail.com,newsletter,everyone,true
175007361,2025-10-01T11:21:49.940Z,dagnaconstenla@yahoo.com,newsletter,everyone,true
175007361,2025-10-01T11:21:50.306Z,kksearer.6162@gmail.com,newsletter,everyone,true
175007361,2025-10-01T11:21:50.315Z,noratomlinson@gmail.com,newsletter,everyone,true
175007361,2025-10-01T11:21:50.438Z,paraffin44052@yahoo.com,newsletter,everyone,true
175007361,2025-10-01T11:21:50.459Z,savage85719@gmail.com,newsletter,everyone,true
175007361,2025-10-01T11:21:50.555Z,profornery@gmail.com,newsletter,everyone,true
175007361,2025-10-01T11:21:50.777Z,spotacus1@gmail.com,newsletter,everyone,true
175007361,2025-10-01T11:21:50.832Z,Rick.calicura@gmail.com,newsletter,everyone,true
175007361,2025-10-01T11:21:50.877Z,flickable@gmail.com,newsletter,everyone,true
175007361,2025-10-01T11:21:50.902Z,lorky1@sbcglobal.net,newsletter,everyone,true
175007361,2025-10-01T11:21:51.055Z,sentac@msn.com,newsletter,everyone,true
175007361,2025-10-01T11:21:51.066Z,cosmo424242@yahoo.com,newsletter,everyone,true
175007361,2025-10-01T11:21:51.067Z,amys51576@gmail.com,newsletter,everyone,true
175007361,2025-10-01T11:21:51.092Z,joannehilden@yahoo.com,newsletter,everyone,true
175007361,2025-10-01T11:21:51.093Z,rizzatas@yahoo.com,newsletter,everyone,true
175007361,2025-10-01T11:21:51.161Z,jimbucci31@gmail.com,newsletter,everyone,true
175007361,2025-10-01T11:21:51.194Z,murdocksw@gmail.com,newsletter,everyone,true
175007361,2025-10-01T11:21:51.206Z,jekerr2@gmail.com,newsletter,everyone,true
175007361,2025-10-01T11:21:51.242Z,joe.simari@softchoice.com,newsletter,everyone,true
175007361,2025-10-01T11:21:51.288Z,acktrisha@gmail.com,newsletter,everyone,true
175007361,2025-10-01T11:21:51.305Z,g_moore@live.com,newsletter,everyone,true
175007361,2025-10-01T11:21:51.349Z,bethtab55@yahoo.com,newsletter,everyone,true
175007361,2025-10-01T11:21:51.359Z,mcfvpk@gmail.com,newsletter,everyone,true
175007361,2025-10-01T11:21:51.475Z,weiser99@hotmail.com,newsletter,everyone,true
175007361,2025-10-01T11:21:51.592Z,jjuarezz714@gmail.com,newsletter,everyone,true
175007361,2025-10-01T11:21:51.847Z,mrkimnmobile@gmail.com,newsletter,everyone,true
175007361,2025-10-01T11:21:51.868Z,lynnk2c@yahoo.com,newsletter,everyone,true
175007361,2025-10-01T11:21:51.875Z,brianhudson5280@outlook.com,newsletter,everyone,true
175007361,2025-10-01T11:21:51.891Z,mikeburt51@aol.com,newsletter,everyone,true
175007361,2025-10-01T11:21:52.028Z,gpurves@comcast.net,newsletter,everyone,true
175007361,2025-10-01T11:21:52.044Z,buster11860@yahoo.com,newsletter,everyone,true
175007361,2025-10-01T11:21:52.069Z,geigenbrod@gmail.com,newsletter,everyone,true
175007361,2025-10-01T11:21:52.080Z,ashleympollock@gmail.com,newsletter,everyone,true
175007361,2025-10-01T11:21:52.090Z,mhduffy@outlook.com,newsletter,everyone,true
175007361,2025-10-01T11:21:52.112Z,foureverfitness@yahoo.com,newsletter,everyone,true
175007361,2025-10-01T11:21:52.480Z,loraross@hotmail.com,newsletter,everyone,true
175007361,2025-10-01T11:21:52.975Z,maichrye@hotmail.com,newsletter,everyone,true
175007361,2025-10-01T11:21:53.030Z,ep4evr1@yahoo.com,newsletter,everyone,true
175007361,2025-10-01T11:21:53.735Z,MABOYERCPA@aol.com,newsletter,everyone,true
175007361,2025-10-01T11:21:56.212Z,tsoch@me.com,newsletter,everyone,true
175007361,2025-10-01T11:21:57.580Z,schafer1@gondtc.com,newsletter,everyone,true
175007361,2025-10-01T11:21:57.604Z,11_orrery_lime@icloud.com,newsletter,everyone,true
