post_id,timestamp,email,post_type,post_audience,active_subscription,country,city,region,device_type,client_os,client_type,user_agent
175007361,2025-10-01T11:22:32.228Z,spotacus1@gmail.com,newsletter,everyone,true,US,,,,,,Mozilla/5.0
175007361,2025-10-01T11:23:45.505Z,amys51576@gmail.com,newsletter,everyone,true,US,,,,,,Mozilla/5.0 (Windows NT 5.1; rv:11.0) Gecko Firefox/11.0 (via ggpht.com GoogleImageProxy)
175007361,2025-10-01T11:26:15.633Z,acktrisha@gmail.com,newsletter,everyone,true,US,,,,,,Mozilla/5.0 (Windows NT 5.1; rv:11.0) Gecko Firefox/11.0 (via ggpht.com GoogleImageProxy)
175007361,2025-10-01T11:28:06.632Z,flickable@gmail.com,newsletter,everyone,true,US,,,,,,Mozilla/5.0
175007361,2025-10-01T11:28:22.608Z,jimbucci31@gmail.com,newsletter,everyone,true,US,,,,,,Mozilla/5.0
175007361,2025-10-01T11:29:26.804Z,dagnaconstenla@yahoo.com,newsletter,everyone,true,US,,,,,,Mozilla/5.0
175007361,2025-10-01T11:31:06.557Z,Rick.calicura@gmail.com,newsletter,everyone,true,NL,,,,,,Mozilla/5.0
175007361,2025-10-01T11:35:16.362Z,flickable@gmail.com,newsletter,everyone,true,NL,,,,,,Mozilla/5.0
175007361,2025-10-01T11:36:21.079Z,Rick.calicura@gmail.com,newsletter,everyone,true,NL,,,,,,Mozilla/5.0
175007361,2025-10-01T11:38:06.476Z,brianhudson5280@outlook.com,newsletter,everyone,true,US,,,,,,Mozilla/4.0 (compatible; ms-office; MSOffice 16)
175007361,2025-10-01T11:40:12.981Z,brianhudson5280@outlook.com,newsletter,everyone,true,US,,,,,,Mozilla/5.0
175007361,2025-10-01T11:42:39.092Z,dagnaconstenla@yahoo.com,newsletter,everyone,true,US,,,,,,Mozilla/5.0
175007361,2025-10-01T12:12:47.172Z,tfcraig1946@gmail.com,newsletter,everyone,true,NL,,,,,,Mozilla/5.0
175007361,2025-10-01T12:14:35.669Z,mhduffy@outlook.com,newsletter,everyone,true,US,,,,,,Mozilla/5.0
175007361,2025-10-01T12:56:17.387Z,joannehilden@yahoo.com,newsletter,everyone,true,US,,,,,,Mozilla/5.0
175007361,2025-10-01T12:58:57.322Z,spotacus1@gmail.com,newsletter,everyone,true,US,,,,,,Mozilla/5.0
175007361,2025-10-01T13:30:32.541Z,mikeburt51@aol.com,newsletter,everyone,true,US,,,,,,Mozilla/5.0
175007361,2025-10-01T14:00:33.786Z,savage85719@gmail.com,newsletter,everyone,true,US,,,,,,Mozilla/5.0 (Windows NT 5.1; rv:11.0) Gecko Firefox/11.0 (via ggpht.com GoogleImageProxy)
175007361,2025-10-01T14:01:11.848Z,mikeburt51@aol.com,newsletter,everyone,true,US,,,,,,Mozilla/5.0
175007361,2025-10-01T14:24:31.728Z,brianhudson5280@outlook.com,newsletter,everyone,true,US,,,,,,Mozilla/5.0
175007361,2025-10-01T14:54:48.003Z,paraffin44052@yahoo.com,newsletter,everyone,true,NL,,,,,,Mozilla/5.0
175007361,2025-10-01T14:56:30.463Z,dagnaconstenla@yahoo.com,newsletter,everyone,true,US,,,,,,Mozilla/5.0
175007361,2025-10-01T15:55:39.388Z,jjuarezz714@gmail.com,newsletter,everyone,true,US,,,,,,Mozilla/5.0 (Windows NT 5.1; rv:11.0) Gecko Firefox/11.0 (via ggpht.com GoogleImageProxy)
175007361,2025-10-01T22:26:39.123Z,prahamama911@gmail.com,newsletter,everyone,true,US,,,,,,"Mozilla/5.0 (Macintosh; Intel Mac OS X 10_15_7) AppleWebKit/605.1.15 (KHTML, like Gecko)"
175007361,2025-10-02T02:57:02.829Z,mrkimnmobile@gmail.com,newsletter,everyone,true,US,,,,,,Mozilla/5.0 (Windows NT 5.1; rv:11.0) Gecko Firefox/11.0 (via ggpht.com GoogleImageProxy)
175007361,2025-10-02T06:23:28.752Z,kksearer.6162@gmail.com,newsletter,everyone,true,US,,,,,,Mozilla/5.0 (Windows NT 5.1; rv:11.0) Gecko Firefox/11.0 (via ggpht.com GoogleImageProxy)
175007361,2025-10-02T17:45:32.952Z,lorky1@sbcglobal.net,newsletter,everyone,true,US,,,,,,Mozilla/5.0
175007361,2025-10-02T22:40:23.850Z,Rick.calicura@gmail.com,newsletter,everyone,true,US,,,,,,Mozilla/5.0
175007361,2025-10-04T11:37:53.485Z,mrkimnmobile@gmail.com,newsletter,everyone,true,US,,,,,,Mozilla/5.0 (Windows NT 5.1; rv:11.0) Gecko Firefox/11.0 (via ggpht.com GoogleImageProxy)
175007361,2025-10-07T11:21:01.102Z,mrkimnmobile@gmail.com,newsletter,everyone,true,US,,,,,,Mozilla/5.0 (Windows NT 5.1; rv:11.0) Gecko Firefox/11.0 (via ggpht.com GoogleImageProxy)
175007361,2025-10-12T06:00:12.900Z,flickable@gmail.com,newsletter,everyone,true,AT,,,,,,Mozilla/5.0
