post_id,timestamp,email,post_type,post_audience,active_subscription
175703767,2025-10-09T11:47:13.895Z,Blairsmith0505@gmail.com,newsletter,everyone,false
175703767,2025-10-09T11:47:14.045Z,noche1alpha@gmail.com,newsletter,everyone,false
175703767,2025-10-09T11:47:16.163Z,tfcraig1946@gmail.com,newsletter,everyone,true
175703767,2025-10-09T11:47:16.293Z,savage85719@gmail.com,newsletter,everyone,true
175703767,2025-10-09T11:47:16.371Z,profornery@gmail.com,newsletter,everyone,true
175703767,2025-10-09T11:47:16.477Z,martinlarcan60@gmail.com,newsletter,everyone,true
175703767,2025-10-09T11:47:16.533Z,dagnaconstenla@yahoo.com,newsletter,everyone,true
175703767,2025-10-09T11:47:16.575Z,rizzatas@yahoo.com,newsletter,everyone,true
175703767,2025-10-09T11:47:17.006Z,noratomlinson@gmail.com,newsletter,everyone,true
175703767,2025-10-09T11:47:17.097Z,Marykatri55@gmail.com,newsletter,everyone,true
175703767,2025-10-09T11:47:17.110Z,kksearer.6162@gmail.com,newsletter,everyone,true
175703767,2025-10-09T11:47:17.174Z,richardapanzer82@gmail.com,newsletter,everyone,true
175703767,2025-10-09T11:47:17.813Z,prahamama911@gmail.com,newsletter,everyone,true
175703767,2025-10-09T11:47:18.142Z,lynnk2c@yahoo.com,newsletter,everyone,true
175703767,2025-10-09T11:47:18.512Z,mhduffy@outlook.com,newsletter,everyone,true
175703767,2025-10-09T11:47:18.867Z,mikeburt51@aol.com,newsletter,everyone,true
175703767,2025-10-09T11:47:18.946Z,tsoch@me.com,newsletter,everyone,true
175703767,2025-10-09T11:47:19.288Z,paraffin44052@yahoo.com,newsletter,everyone,true
175703767,2025-10-09T11:47:19.391Z,joannehilden@yahoo.com,newsletter,everyone,true
175703767,2025-10-09T11:47:19.481Z,spotacus1@gmail.com,newsletter,everyone,true
175703767,2025-10-09T11:47:19.952Z,loraross@hotmail.com,newsletter,everyone,true
175703767,2025-10-09T11:47:20.344Z,joe.simari@softchoice.com,newsletter,everyone,true
175703767,2025-10-09T11:47:20.401Z,jekerr2@gmail.com,newsletter,everyone,true
175703767,2025-10-09T11:47:20.412Z,jjuarezz714@gmail.com,newsletter,everyone,true
175703767,2025-10-09T11:47:20.473Z,ep4evr1@yahoo.com,newsletter,everyone,true
175703767,2025-10-09T11:47:20.485Z,geigenbrod@gmail.com,newsletter,everyone,true
175703767,2025-10-09T11:47:20.625Z,MABOYERCPA@aol.com,newsletter,everyone,true
175703767,2025-10-09T11:47:20.756Z,amys51576@gmail.com,newsletter,everyone,true
175703767,2025-10-09T11:47:20.845Z,Rick.calicura@gmail.com,newsletter,everyone,true
175703767,2025-10-09T11:47:20.882Z,kmcaleer@msn.com,newsletter,everyone,true
175703767,2025-10-09T11:47:20.931Z,jimbucci31@gmail.com,newsletter,everyone,true
175703767,2025-10-09T11:47:21.068Z,flickable@gmail.com,newsletter,everyone,true
175703767,2025-10-09T11:47:21.075Z,bethtab55@yahoo.com,newsletter,everyone,true
175703767,2025-10-09T11:47:21.096Z,ashleympollock@gmail.com,newsletter,everyone,true
175703767,2025-10-09T11:47:21.137Z,mcfvpk@gmail.com,newsletter,everyone,true
175703767,2025-10-09T11:47:21.164Z,cosmo424242@yahoo.com,newsletter,everyone,true
175703767,2025-10-09T11:47:21.176Z,foureverfitness@yahoo.com,newsletter,everyone,true
175703767,2025-10-09T11:47:21.213Z,weiser99@hotmail.com,newsletter,everyone,true
175703767,2025-10-09T11:47:21.219Z,mrkimnmobile@gmail.com,newsletter,everyone,true
175703767,2025-10-09T11:47:21.334Z,murdocksw@gmail.com,newsletter,everyone,true
175703767,2025-10-09T11:47:21.442Z,acktrisha@gmail.com,newsletter,everyone,true
175703767,2025-10-09T11:47:21.454Z,buster11860@yahoo.com,newsletter,everyone,true
175703767,2025-10-09T11:47:22.111Z,lorky1@sbcglobal.net,newsletter,everyone,true
175703767,2025-10-09T11:47:22.466Z,brianhudson5280@outlook.com,newsletter,everyone,true
175703767,2025-10-09T11:47:22.843Z,g_moore@live.com,newsletter,everyone,true
175703767,2025-10-09T11:47:22.879Z,maichrye@hotmail.com,newsletter,everyone,true
175703767,2025-10-09T11:47:23.354Z,sentac@msn.com,newsletter,everyone,true
175703767,2025-10-09T11:47:24.928Z,11_orrery_lime@icloud.com,newsletter,everyone,true
175703767,2025-10-09T11:47:26.800Z,schafer1@gondtc.com,newsletter,everyone,true
175703767,2025-10-09T11:47:34.937Z,gpurves@comcast.net,newsletter,everyone,true
