post_id,timestamp,email,post_type,post_audience,active_subscription,country,city,region,device_type,client_os,client_type,user_agent
175703767,2025-10-09T11:48:07.806Z,flickable@gmail.com,newsletter,everyone,true,NL,,,,,,Mozilla/5.0
175703767,2025-10-09T11:52:50.901Z,brianhudson5280@outlook.com,newsletter,everyone,true,US,,,,,,Mozilla/5.0
175703767,2025-10-09T11:56:21.849Z,spotacus1@gmail.com,newsletter,everyone,true,US,,,,,,Mozilla/5.0
175703767,2025-10-09T11:56:57.139Z,Rick.calicura@gmail.com,newsletter,everyone,true,NL,,,,,,Mozilla/5.0
175703767,2025-10-09T11:58:00.946Z,geigenbrod@gmail.com,newsletter,everyone,true,US,,,,,,Mozilla/5.0 (Windows NT 5.1; rv:11.0) Gecko Firefox/11.0 (via ggpht.com GoogleImageProxy)
175703767,2025-10-09T12:00:40.569Z,brianhudson5280@outlook.com,newsletter,everyone,true,NL,,,,,,Mozilla/5.0
175703767,2025-10-09T12:05:40.846Z,Rick.calicura@gmail.com,newsletter,everyone,true,US,,,,,,Mozilla/5.0
175703767,2025-10-09T12:12:26.910Z,jimbucci31@gmail.com,newsletter,everyone,true,US,,,,,,Mozilla/5.0
175703767,2025-10-09T12:23:47.860Z,spotacus1@gmail.com,newsletter,everyone,true,NL,,,,,,Mozilla/5.0
175703767,2025-10-09T12:40:30.027Z,tfcraig1946@gmail.com,newsletter,everyone,true,US,,,,,,Mozilla/5.0
175703767,2025-10-09T12:46:32.830Z,ep4evr1@yahoo.com,newsletter,everyone,true,US,,,,,,Mozilla/5.0
175703767,2025-10-09T12:51:36.271Z,ashleympollock@gmail.com,newsletter,everyone,true,US,,,,,,Mozilla/5.0 (Windows NT 5.1; rv:11.0) Gecko Firefox/11.0 (via ggpht.com GoogleImageProxy)
175703767,2025-10-09T12:56:47.537Z,paraffin44052@yahoo.com,newsletter,everyone,true,US,,,,,,Mozilla/5.0
175703767,2025-10-09T13:04:06.133Z,mrkimnmobile@gmail.com,newsletter,everyone,true,US,,,,,,Mozilla/5.0 (Windows NT 5.1; rv:11.0) Gecko Firefox/11.0 (via ggpht.com GoogleImageProxy)
175703767,2025-10-09T13:15:50.019Z,brianhudson5280@outlook.com,newsletter,everyone,true,US,,,,,,Mozilla/4.0 (compatible; ms-office; MSOffice 16)
175703767,2025-10-09T13:16:37.448Z,mikeburt51@aol.com,newsletter,everyone,true,NL,,,,,,Mozilla/5.0
175703767,2025-10-09T13:33:50.533Z,amys51576@gmail.com,newsletter,everyone,true,US,,,,,,Mozilla/5.0 (Windows NT 5.1; rv:11.0) Gecko Firefox/11.0 (via ggpht.com GoogleImageProxy)
175703767,2025-10-09T13:57:15.955Z,Blairsmith0505@gmail.com,newsletter,everyone,false,US,,,,,,Mozilla/5.0 (Windows NT 5.1; rv:11.0) Gecko Firefox/11.0 (via ggpht.com GoogleImageProxy)
175703767,2025-10-09T19:17:47.594Z,lorky1@sbcglobal.net,newsletter,everyone,true,US,,,,,,Mozilla/5.0
175703767,2025-10-09T20:45:43.808Z,mrkimnmobile@gmail.com,newsletter,everyone,true,US,,,,,,Mozilla/5.0 (Windows NT 5.1; rv:11.0) Gecko Firefox/11.0 (via ggpht.com GoogleImageProxy)
175703767,2025-10-10T00:40:24.534Z,flickable@gmail.com,newsletter,everyone,true,US,,,,,,Mozilla/5.0
175703767,2025-10-10T01:41:11.386Z,tfcraig1946@gmail.com,newsletter,everyone,true,NL,,,,,,Mozilla/5.0
175703767,2025-10-10T07:13:40.500Z,tfcraig1946@gmail.com,newsletter,everyone,true,US,,,,,,Mozilla/5.0
175703767,2025-10-10T12:42:00.683Z,spotacus1@gmail.com,newsletter,everyone,true,NL,,,,,,Mozilla/5.0
175703767,2025-10-10T18:24:34.848Z,prahamama911@gmail.com,newsletter,everyone,true,US,,,,,,"Mozilla/5.0 (Macintosh; Intel Mac OS X 10_15_7) AppleWebKit/605.1.15 (KHTML, like Gecko)"
175703767,2025-10-12T04:48:33.091Z,flickable@gmail.com,newsletter,everyone,true,DE,,,,,,Mozilla/5.0
175703767,2025-10-19T00:29:18.660Z,Rick.calicura@gmail.com,newsletter,everyone,true,US,,,,,,Mozilla/5.0
175703767,2025-11-02T20:28:49.643Z,Rick.calicura@gmail.com,newsletter,everyone,true,US,,,,,,Mozilla/5.0
