post_id,timestamp,email,post_type,post_audience,active_subscription,country,city,region,device_type,client_os,client_type,user_agent
176214603,2025-10-15T09:00:56.741Z,spotacus1@gmail.com,newsletter,everyone,true,NL,,,,,,Mozilla/5.0
176214603,2025-10-15T09:21:48.978Z,flickable@gmail.com,newsletter,everyone,true,NL,,,,,,Mozilla/5.0
176214603,2025-10-15T09:23:40.063Z,tfcraig1946@gmail.com,newsletter,everyone,true,US,,,,,,Mozilla/5.0
176214603,2025-10-15T09:24:25.435Z,flickable@gmail.com,newsletter,everyone,true,NL,,,,,,Mozilla/5.0
176214603,2025-10-15T09:24:31.780Z,Rick.calicura@gmail.com,newsletter,everyone,true,US,,,,,,Mozilla/5.0
176214603,2025-10-15T09:24:55.244Z,paraffin44052@yahoo.com,newsletter,everyone,true,US,,,,,,Mozilla/5.0
176214603,2025-10-15T09:37:31.562Z,joannehilden@yahoo.com,newsletter,everyone,true,NL,,,,,,Mozilla/5.0
176214603,2025-10-15T09:37:52.598Z,Rick.calicura@gmail.com,newsletter,everyone,true,US,,,,,,Mozilla/5.0
176214603,2025-10-15T09:39:21.751Z,mikeburt51@aol.com,newsletter,everyone,true,US,,,,,,Mozilla/5.0
176214603,2025-10-15T10:51:03.728Z,joannehilden@yahoo.com,newsletter,everyone,true,US,,,,,,YahooMailProxy; https://help.yahoo.com/kb/yahoo-mail-proxy-SLN28749.html
176214603,2025-10-15T10:51:04.390Z,joannehilden@yahoo.com,newsletter,everyone,true,US,,,,,,YahooMailProxy; https://help.yahoo.com/kb/yahoo-mail-proxy-SLN28749.html
176214603,2025-10-15T10:51:32.961Z,joannehilden@yahoo.com,newsletter,everyone,true,US,,,,,,YahooMailProxy; https://help.yahoo.com/kb/yahoo-mail-proxy-SLN28749.html
176214603,2025-10-15T11:48:02.666Z,brianhudson5280@outlook.com,newsletter,everyone,true,US,,,,,,Mozilla/5.0
176214603,2025-10-15T12:04:32.556Z,mrkimnmobile@gmail.com,newsletter,everyone,true,US,,,,,,Mozilla/5.0 (Windows NT 5.1; rv:11.0) Gecko Firefox/11.0 (via ggpht.com GoogleImageProxy)
176214603,2025-10-15T13:12:23.002Z,ashleympollock@gmail.com,newsletter,everyone,true,US,,,,,,Mozilla/5.0 (Windows NT 5.1; rv:11.0) Gecko Firefox/11.0 (via ggpht.com GoogleImageProxy)
176214603,2025-10-15T13:53:00.058Z,mikeburt51@aol.com,newsletter,everyone,true,NL,,,,,,Mozilla/5.0
176214603,2025-10-15T14:51:26.201Z,jimbucci31@gmail.com,newsletter,everyone,true,US,,,,,,Mozilla/5.0
176214603,2025-10-15T15:16:05.857Z,savage85719@gmail.com,newsletter,everyone,true,US,,,,,,Mozilla/5.0 (Windows NT 5.1; rv:11.0) Gecko Firefox/11.0 (via ggpht.com GoogleImageProxy)
176214603,2025-10-15T16:35:39.885Z,brianhudson5280@outlook.com,newsletter,everyone,true,US,,,,,,Mozilla/5.0
176214603,2025-10-15T18:13:48.281Z,lorky1@sbcglobal.net,newsletter,everyone,true,US,,,,,,Mozilla/5.0
176214603,2025-10-15T19:06:38.333Z,Blairsmith0505@gmail.com,newsletter,everyone,false,US,,,,,,Mozilla/5.0 (Windows NT 5.1; rv:11.0) Gecko Firefox/11.0 (via ggpht.com GoogleImageProxy)
176214603,2025-10-15T19:21:56.644Z,Blairsmith0505@gmail.com,newsletter,everyone,false,US,,,,,,Mozilla/5.0 (Windows NT 5.1; rv:11.0) Gecko Firefox/11.0 (via ggpht.com GoogleImageProxy)
176214603,2025-10-15T22:32:12.839Z,tfcraig1946@gmail.com,newsletter,everyone,true,US,,,,,,Mozilla/5.0
176214603,2025-10-16T21:00:49.959Z,spotacus1@gmail.com,newsletter,everyone,true,US,,,,,,Mozilla/5.0
176214603,2025-10-19T00:45:03.996Z,Rick.calicura@gmail.com,newsletter,everyone,true,US,,,,,,Mozilla/5.0
176214603,2025-10-19T21:25:53.908Z,acktrisha@gmail.com,newsletter,everyone,true,US,,,,,,Mozilla/5.0 (Windows NT 5.1; rv:11.0) Gecko Firefox/11.0 (via ggpht.com GoogleImageProxy)
176214603,2025-10-24T00:55:18.766Z,Rick.calicura@gmail.com,newsletter,everyone,true,NL,,,,,,Mozilla/5.0
176214603,2025-11-13T22:48:53.172Z,Rick.calicura@gmail.com,newsletter,everyone,true,US,,,,,,Mozilla/5.0
