post_id,timestamp,email,post_type,post_audience,active_subscription
176214603,2025-10-15T08:58:37.512Z,noratomlinson@gmail.com,newsletter,everyone,true
176214603,2025-10-15T08:58:37.523Z,martinlarcan60@gmail.com,newsletter,everyone,true
176214603,2025-10-15T08:58:37.600Z,tfcraig1946@gmail.com,newsletter,everyone,true
176214603,2025-10-15T08:58:37.635Z,noche1alpha@gmail.com,newsletter,everyone,false
176214603,2025-10-15T08:58:37.867Z,savage85719@gmail.com,newsletter,everyone,true
176214603,2025-10-15T08:58:37.888Z,Blairsmith0505@gmail.com,newsletter,everyone,false
176214603,2025-10-15T08:58:37.890Z,richardapanzer82@gmail.com,newsletter,everyone,true
176214603,2025-10-15T08:58:37.993Z,Marykatri55@gmail.com,newsletter,everyone,true
176214603,2025-10-15T08:58:38.002Z,kksearer.6162@gmail.com,newsletter,everyone,true
176214603,2025-10-15T08:58:38.017Z,rizzatas@yahoo.com,newsletter,everyone,true
176214603,2025-10-15T08:58:38.280Z,dagnaconstenla@yahoo.com,newsletter,everyone,true
176214603,2025-10-15T08:58:38.454Z,paraffin44052@yahoo.com,newsletter,everyone,true
176214603,2025-10-15T08:58:38.510Z,prahamama911@gmail.com,newsletter,everyone,true
176214603,2025-10-15T08:58:38.734Z,loraross@hotmail.com,newsletter,everyone,true
176214603,2025-10-15T08:58:38.751Z,Rick.calicura@gmail.com,newsletter,everyone,true
176214603,2025-10-15T08:58:38.777Z,amys51576@gmail.com,newsletter,everyone,true
176214603,2025-10-15T08:58:38.806Z,flickable@gmail.com,newsletter,everyone,true
176214603,2025-10-15T08:58:38.873Z,ashleympollock@gmail.com,newsletter,everyone,true
176214603,2025-10-15T08:58:38.951Z,geigenbrod@gmail.com,newsletter,everyone,true
176214603,2025-10-15T08:58:39.048Z,jjuarezz714@gmail.com,newsletter,everyone,true
176214603,2025-10-15T08:58:39.119Z,ep4evr1@yahoo.com,newsletter,everyone,true
176214603,2025-10-15T08:58:39.176Z,acktrisha@gmail.com,newsletter,everyone,true
176214603,2025-10-15T08:58:39.199Z,MABOYERCPA@aol.com,newsletter,everyone,true
176214603,2025-10-15T08:58:39.260Z,jimbucci31@gmail.com,newsletter,everyone,true
176214603,2025-10-15T08:58:39.298Z,joannehilden@yahoo.com,newsletter,everyone,true
176214603,2025-10-15T08:58:39.332Z,cosmo424242@yahoo.com,newsletter,everyone,true
176214603,2025-10-15T08:58:39.599Z,profornery@gmail.com,newsletter,everyone,true
176214603,2025-10-15T08:58:39.670Z,sentac@msn.com,newsletter,everyone,true
176214603,2025-10-15T08:58:39.709Z,tsoch@me.com,newsletter,everyone,true
176214603,2025-10-15T08:58:39.726Z,mikeburt51@aol.com,newsletter,everyone,true
176214603,2025-10-15T08:58:39.762Z,mcfvpk@gmail.com,newsletter,everyone,true
176214603,2025-10-15T08:58:39.816Z,mrkimnmobile@gmail.com,newsletter,everyone,true
176214603,2025-10-15T08:58:39.833Z,brianhudson5280@outlook.com,newsletter,everyone,true
176214603,2025-10-15T08:58:39.887Z,joe.simari@softchoice.com,newsletter,everyone,true
176214603,2025-10-15T08:58:39.935Z,murdocksw@gmail.com,newsletter,everyone,true
176214603,2025-10-15T08:58:40.105Z,bethtab55@yahoo.com,newsletter,everyone,true
176214603,2025-10-15T08:58:40.216Z,spotacus1@gmail.com,newsletter,everyone,true
176214603,2025-10-15T08:58:40.366Z,kmcaleer@msn.com,newsletter,everyone,true
176214603,2025-10-15T08:58:40.522Z,lorky1@sbcglobal.net,newsletter,everyone,true
176214603,2025-10-15T08:58:40.556Z,jekerr2@gmail.com,newsletter,everyone,true
176214603,2025-10-15T08:58:40.987Z,gpurves@comcast.net,newsletter,everyone,true
176214603,2025-10-15T08:58:41.048Z,foureverfitness@yahoo.com,newsletter,everyone,true
176214603,2025-10-15T08:58:41.136Z,buster11860@yahoo.com,newsletter,everyone,true
176214603,2025-10-15T08:58:41.513Z,weiser99@hotmail.com,newsletter,everyone,true
176214603,2025-10-15T08:58:41.807Z,maichrye@hotmail.com,newsletter,everyone,true
176214603,2025-10-15T08:58:42.340Z,mhduffy@outlook.com,newsletter,everyone,true
176214603,2025-10-15T08:58:42.624Z,11_orrery_lime@icloud.com,newsletter,everyone,true
176214603,2025-10-15T08:58:42.695Z,lynnk2c@yahoo.com,newsletter,everyone,true
176214603,2025-10-15T08:58:43.583Z,g_moore@live.com,newsletter,everyone,true
176214603,2025-10-15T08:58:45.380Z,schafer1@gondtc.com,newsletter,everyone,true
