post_id,timestamp,email,post_type,post_audience,active_subscription,country,city,region,device_type,client_os,client_type,user_agent
176628268,2025-10-20T11:15:47.797Z,amys51576@gmail.com,newsletter,everyone,true,US,,,,,,Mozilla/5.0 (Windows NT 5.1; rv:11.0) Gecko Firefox/11.0 (via ggpht.com GoogleImageProxy)
176628268,2025-10-20T11:19:30.197Z,tfcraig1946@gmail.com,newsletter,everyone,true,NL,,,,,,Mozilla/5.0
176628268,2025-10-20T11:20:50.630Z,acktrisha@gmail.com,newsletter,everyone,true,US,,,,,,Mozilla/5.0 (Windows NT 5.1; rv:11.0) Gecko Firefox/11.0 (via ggpht.com GoogleImageProxy)
176628268,2025-10-20T11:25:42.368Z,spotacus1@gmail.com,newsletter,everyone,true,US,,,,,,Mozilla/5.0
176628268,2025-10-20T11:28:44.494Z,Rick.calicura@gmail.com,newsletter,everyone,true,US,,,,,,Mozilla/5.0
176628268,2025-10-20T11:44:24.545Z,geigenbrod@gmail.com,newsletter,everyone,true,US,,,,,,Mozilla/5.0 (Windows NT 5.1; rv:11.0) Gecko Firefox/11.0 (via ggpht.com GoogleImageProxy)
176628268,2025-10-20T11:52:38.677Z,Rick.calicura@gmail.com,newsletter,everyone,true,US,,,,,,Mozilla/5.0
176628268,2025-10-20T11:53:40.749Z,Rick.calicura@gmail.com,newsletter,everyone,true,NL,,,,,,Mozilla/5.0
176628268,2025-10-20T11:54:58.569Z,dagnaconstenla@yahoo.com,newsletter,everyone,true,US,,,,,,Mozilla/5.0
176628268,2025-10-20T12:21:00.660Z,brianhudson5280@outlook.com,newsletter,everyone,true,US,,,,,,Mozilla/5.0
176628268,2025-10-20T12:49:54.563Z,jimbucci31@gmail.com,newsletter,everyone,true,US,,,,,,Mozilla/5.0
176628268,2025-10-20T13:32:05.928Z,mrkimnmobile@gmail.com,newsletter,everyone,true,US,,,,,,Mozilla/5.0 (Windows NT 5.1; rv:11.0) Gecko Firefox/11.0 (via ggpht.com GoogleImageProxy)
176628268,2025-10-20T13:34:15.936Z,noche1alpha@gmail.com,newsletter,everyone,false,US,,,,,,Mozilla/5.0 (Windows NT 5.1; rv:11.0) Gecko Firefox/11.0 (via ggpht.com GoogleImageProxy)
176628268,2025-10-20T13:39:29.443Z,dagnaconstenla@yahoo.com,newsletter,everyone,true,US,,,,,,Mozilla/5.0
176628268,2025-10-20T14:03:22.086Z,bethtab55@yahoo.com,newsletter,everyone,true,US,,,,,,YahooMailProxy; https://help.yahoo.com/kb/yahoo-mail-proxy-SLN28749.html
176628268,2025-10-20T14:50:50.927Z,spotacus1@gmail.com,newsletter,everyone,true,NL,,,,,,Mozilla/5.0
176628268,2025-10-20T15:04:15.490Z,brianhudson5280@outlook.com,newsletter,everyone,true,US,,,,,,Mozilla/5.0
176628268,2025-10-20T17:20:23.899Z,mikeburt51@aol.com,newsletter,everyone,true,US,,,,,,Mozilla/5.0
176628268,2025-10-20T17:23:17.141Z,dagnaconstenla@yahoo.com,newsletter,everyone,true,US,,,,,,Mozilla/5.0
176628268,2025-10-20T19:16:03.073Z,prahamama911@gmail.com,newsletter,everyone,true,US,,,,,,"Mozilla/5.0 (Macintosh; Intel Mac OS X 10_15_7) AppleWebKit/605.1.15 (KHTML, like Gecko)"
176628268,2025-10-20T22:11:44.387Z,Lenzinancy@yahoo.com,newsletter,everyone,true,US,,,,,,YahooMailProxy; https://help.yahoo.com/kb/yahoo-mail-proxy-SLN28749.html
176628268,2025-10-21T01:28:44.162Z,tfcraig1946@gmail.com,newsletter,everyone,true,NL,,,,,,Mozilla/5.0
176628268,2025-10-21T16:32:03.603Z,lorky1@sbcglobal.net,newsletter,everyone,true,US,,,,,,Mozilla/5.0
176628268,2025-10-22T00:40:15.006Z,tfcraig1946@gmail.com,newsletter,everyone,true,NL,,,,,,Mozilla/5.0
176628268,2025-10-22T22:56:30.607Z,spotacus1@gmail.com,newsletter,everyone,true,US,,,,,,Mozilla/5.0
176628268,2025-10-24T00:53:34.253Z,Rick.calicura@gmail.com,newsletter,everyone,true,NL,,,,,,Mozilla/5.0
