post_id,timestamp,email,post_type,post_audience,active_subscription
176628268,2025-10-20T11:11:07.216Z,Blairsmith0505@gmail.com,newsletter,everyone,false
176628268,2025-10-20T11:11:07.464Z,noche1alpha@gmail.com,newsletter,everyone,false
176628268,2025-10-20T11:11:08.331Z,martinlarcan60@gmail.com,newsletter,everyone,true
176628268,2025-10-20T11:11:08.426Z,tfcraig1946@gmail.com,newsletter,everyone,true
176628268,2025-10-20T11:11:08.467Z,noratomlinson@gmail.com,newsletter,everyone,true
176628268,2025-10-20T11:11:08.647Z,dagnaconstenla@yahoo.com,newsletter,everyone,true
176628268,2025-10-20T11:11:08.827Z,savage85719@gmail.com,newsletter,everyone,true
176628268,2025-10-20T11:11:08.952Z,Marykatri55@gmail.com,newsletter,everyone,true
176628268,2025-10-20T11:11:08.970Z,kksearer.6162@gmail.com,newsletter,everyone,true
176628268,2025-10-20T11:11:08.987Z,richardapanzer82@gmail.com,newsletter,everyone,true
176628268,2025-10-20T11:11:09.080Z,profornery@gmail.com,newsletter,everyone,true
176628268,2025-10-20T11:11:09.169Z,rizzatas@yahoo.com,newsletter,everyone,true
176628268,2025-10-20T11:11:09.692Z,lynnk2c@yahoo.com,newsletter,everyone,true
176628268,2025-10-20T11:11:09.716Z,prahamama911@gmail.com,newsletter,everyone,true
176628268,2025-10-20T11:11:09.951Z,tsoch@me.com,newsletter,everyone,true
176628268,2025-10-20T11:11:10.299Z,loraross@hotmail.com,newsletter,everyone,true
176628268,2025-10-20T11:11:10.436Z,spotacus1@gmail.com,newsletter,everyone,true
176628268,2025-10-20T11:11:10.455Z,mikeburt51@aol.com,newsletter,everyone,true
176628268,2025-10-20T11:11:10.914Z,murdocksw@gmail.com,newsletter,everyone,true
176628268,2025-10-20T11:11:10.925Z,Eighteenwheels4581@gmail.com,newsletter,everyone,true
176628268,2025-10-20T11:11:10.931Z,paraffin44052@yahoo.com,newsletter,everyone,true
176628268,2025-10-20T11:11:11.182Z,lorky1@sbcglobal.net,newsletter,everyone,true
176628268,2025-10-20T11:11:11.308Z,mhduffy@outlook.com,newsletter,everyone,true
176628268,2025-10-20T11:11:11.407Z,Rick.calicura@gmail.com,newsletter,everyone,true
176628268,2025-10-20T11:11:11.423Z,joannehilden@yahoo.com,newsletter,everyone,true
176628268,2025-10-20T11:11:11.423Z,amys51576@gmail.com,newsletter,everyone,true
176628268,2025-10-20T11:11:11.481Z,jjuarezz714@gmail.com,newsletter,everyone,true
176628268,2025-10-20T11:11:11.499Z,acktrisha@gmail.com,newsletter,everyone,true
176628268,2025-10-20T11:11:11.573Z,kmcaleer@msn.com,newsletter,everyone,true
176628268,2025-10-20T11:11:11.589Z,jimbucci31@gmail.com,newsletter,everyone,true
176628268,2025-10-20T11:11:11.661Z,cosmo424242@yahoo.com,newsletter,everyone,true
176628268,2025-10-20T11:11:11.819Z,joe.simari@softchoice.com,newsletter,everyone,true
176628268,2025-10-20T11:11:11.871Z,ashleympollock@gmail.com,newsletter,everyone,true
176628268,2025-10-20T11:11:11.902Z,mrkimnmobile@gmail.com,newsletter,everyone,true
176628268,2025-10-20T11:11:11.908Z,mcfvpk@gmail.com,newsletter,everyone,true
176628268,2025-10-20T11:11:11.921Z,jekerr2@gmail.com,newsletter,everyone,true
176628268,2025-10-20T11:11:11.955Z,geigenbrod@gmail.com,newsletter,everyone,true
176628268,2025-10-20T11:11:12.086Z,brianhudson5280@outlook.com,newsletter,everyone,true
176628268,2025-10-20T11:11:12.142Z,weiser99@hotmail.com,newsletter,everyone,true
176628268,2025-10-20T11:11:12.154Z,maichrye@hotmail.com,newsletter,everyone,true
176628268,2025-10-20T11:11:12.356Z,gpurves@comcast.net,newsletter,everyone,true
176628268,2025-10-20T11:11:12.560Z,MABOYERCPA@aol.com,newsletter,everyone,true
176628268,2025-10-20T11:11:12.693Z,sentac@msn.com,newsletter,everyone,true
176628268,2025-10-20T11:11:12.769Z,foureverfitness@yahoo.com,newsletter,everyone,true
176628268,2025-10-20T11:11:12.841Z,ep4evr1@yahoo.com,newsletter,everyone,true
176628268,2025-10-20T11:11:12.980Z,buster11860@yahoo.com,newsletter,everyone,true
176628268,2025-10-20T11:11:13.478Z,bethtab55@yahoo.com,newsletter,everyone,true
176628268,2025-10-20T11:11:13.528Z,g_moore@live.com,newsletter,everyone,true
176628268,2025-10-20T11:11:13.831Z,Lenzinancy@yahoo.com,newsletter,everyone,true
176628268,2025-10-20T11:11:15.138Z,11_orrery_lime@icloud.com,newsletter,everyone,true
176628268,2025-10-20T11:11:17.947Z,schafer1@gondtc.com,newsletter,everyone,true
