post_id,timestamp,email,post_type,post_audience,active_subscription,country,city,region,device_type,client_os,client_type,user_agent
176729354,2025-10-21T11:40:33.959Z,amys51576@gmail.com,newsletter,everyone,true,US,,,,,,Mozilla/5.0 (Windows NT 5.1; rv:11.0) Gecko Firefox/11.0 (via ggpht.com GoogleImageProxy)
176729354,2025-10-21T11:40:58.893Z,dagnaconstenla@yahoo.com,newsletter,everyone,true,US,,,,,,Mozilla/5.0
176729354,2025-10-21T11:41:32.616Z,Blairsmith0505@gmail.com,newsletter,everyone,false,US,,,,,,Mozilla/5.0 (Windows NT 5.1; rv:11.0) Gecko Firefox/11.0 (via ggpht.com GoogleImageProxy)
176729354,2025-10-21T11:46:52.782Z,acktrisha@gmail.com,newsletter,everyone,true,US,,,,,,Mozilla/5.0 (Windows NT 5.1; rv:11.0) Gecko Firefox/11.0 (via ggpht.com GoogleImageProxy)
176729354,2025-10-21T11:49:13.796Z,geigenbrod@gmail.com,newsletter,everyone,true,US,,,,,,Mozilla/5.0 (Windows NT 5.1; rv:11.0) Gecko Firefox/11.0 (via ggpht.com GoogleImageProxy)
176729354,2025-10-21T12:05:30.865Z,Rick.calicura@gmail.com,newsletter,everyone,true,US,,,,,,Mozilla/5.0
176729354,2025-10-21T12:06:04.754Z,Rick.calicura@gmail.com,newsletter,everyone,true,US,,,,,,Mozilla/5.0
176729354,2025-10-21T12:12:58.437Z,brianhudson5280@outlook.com,newsletter,everyone,true,US,,,,,,Mozilla/5.0
176729354,2025-10-21T12:14:43.145Z,spotacus1@gmail.com,newsletter,everyone,true,US,,,,,,Mozilla/5.0
176729354,2025-10-21T12:18:12.131Z,Lenzinancy@yahoo.com,newsletter,everyone,true,US,,,,,,YahooMailProxy; https://help.yahoo.com/kb/yahoo-mail-proxy-SLN28749.html
176729354,2025-10-21T12:26:20.675Z,tfcraig1946@gmail.com,newsletter,everyone,true,US,,,,,,Mozilla/5.0
176729354,2025-10-21T12:28:12.398Z,dagnaconstenla@yahoo.com,newsletter,everyone,true,US,,,,,,YahooMailProxy; https://help.yahoo.com/kb/yahoo-mail-proxy-SLN28749.html
176729354,2025-10-21T12:53:58.968Z,paraffin44052@yahoo.com,newsletter,everyone,true,NL,,,,,,Mozilla/5.0
176729354,2025-10-21T13:04:51.240Z,savage85719@gmail.com,newsletter,everyone,true,US,,,,,,Mozilla/5.0 (Windows NT 5.1; rv:11.0) Gecko Firefox/11.0 (via ggpht.com GoogleImageProxy)
176729354,2025-10-21T13:26:04.667Z,brianhudson5280@outlook.com,newsletter,everyone,true,US,,,,,,Mozilla/4.0 (compatible; ms-office; MSOffice 16)
176729354,2025-10-21T13:45:42.312Z,spotacus1@gmail.com,newsletter,everyone,true,US,,,,,,Mozilla/5.0
176729354,2025-10-21T14:11:41.639Z,mikeburt51@aol.com,newsletter,everyone,true,US,,,,,,Mozilla/5.0
176729354,2025-10-21T14:18:56.594Z,Eighteenwheels4581@gmail.com,newsletter,everyone,true,US,,,,,,Mozilla/5.0 (Windows NT 5.1; rv:11.0) Gecko Firefox/11.0 (via ggpht.com GoogleImageProxy)
176729354,2025-10-21T20:35:46.470Z,lorky1@sbcglobal.net,newsletter,everyone,true,US,,,,,,Mozilla/5.0
176729354,2025-10-21T20:58:57.100Z,brianhudson5280@outlook.com,newsletter,everyone,true,US,,,,,,Mozilla/5.0
176729354,2025-10-21T21:52:04.154Z,kksearer.6162@gmail.com,newsletter,everyone,true,US,,,,,,Mozilla/5.0 (Windows NT 5.1; rv:11.0) Gecko Firefox/11.0 (via ggpht.com GoogleImageProxy)
176729354,2025-10-21T22:06:50.011Z,Rick.calicura@gmail.com,newsletter,everyone,true,US,,,,,,Mozilla/5.0
176729354,2025-10-21T22:25:47.603Z,prahamama911@gmail.com,newsletter,everyone,true,US,,,,,,"Mozilla/5.0 (Macintosh; Intel Mac OS X 10_15_7) AppleWebKit/605.1.15 (KHTML, like Gecko)"
176729354,2025-10-21T23:21:53.589Z,cosmo424242@yahoo.com,newsletter,everyone,true,NL,,,,,,Mozilla/5.0
176729354,2025-10-22T02:36:39.082Z,dagnaconstenla@yahoo.com,newsletter,everyone,true,US,,,,,,Mozilla/5.0
176729354,2025-10-22T03:14:17.753Z,jimbucci31@gmail.com,newsletter,everyone,true,US,,,,,,Mozilla/5.0
176729354,2025-10-22T23:26:21.724Z,spotacus1@gmail.com,newsletter,everyone,true,US,,,,,,Mozilla/5.0
176729354,2025-10-23T10:07:54.077Z,Eighteenwheels4581@gmail.com,newsletter,everyone,true,US,,,,,,Mozilla/5.0 (Windows NT 5.1; rv:11.0) Gecko Firefox/11.0 (via ggpht.com GoogleImageProxy)
176729354,2025-10-23T12:17:27.882Z,mrkimnmobile@gmail.com,newsletter,everyone,true,US,,,,,,Mozilla/5.0 (Windows NT 5.1; rv:11.0) Gecko Firefox/11.0 (via ggpht.com GoogleImageProxy)
176729354,2025-10-23T12:18:31.281Z,mrkimnmobile@gmail.com,newsletter,everyone,true,US,,,,,,Mozilla/5.0 (Windows NT 5.1; rv:11.0) Gecko Firefox/11.0 (via ggpht.com GoogleImageProxy)
176729354,2025-10-23T18:15:47.273Z,dagnaconstenla@yahoo.com,newsletter,everyone,true,US,,,,,,Mozilla/5.0
176729354,2025-10-27T12:56:38.975Z,mrkimnmobile@gmail.com,newsletter,everyone,true,US,,,,,,Mozilla/5.0 (Windows NT 5.1; rv:11.0) Gecko Firefox/11.0 (via ggpht.com GoogleImageProxy)
176729354,2025-10-28T14:18:17.695Z,amys51576@gmail.com,newsletter,everyone,true,US,,,,,,Mozilla/5.0 (Windows NT 5.1; rv:11.0) Gecko Firefox/11.0 (via ggpht.com GoogleImageProxy)
