post_id,timestamp,email,post_type,post_audience,active_subscription
176729354,2025-10-21T11:40:14.109Z,Blairsmith0505@gmail.com,newsletter,everyone,false
176729354,2025-10-21T11:40:14.186Z,noche1alpha@gmail.com,newsletter,everyone,false
176729354,2025-10-21T11:40:14.233Z,noratomlinson@gmail.com,newsletter,everyone,true
176729354,2025-10-21T11:40:14.292Z,savage85719@gmail.com,newsletter,everyone,true
176729354,2025-10-21T11:40:14.370Z,kksearer.6162@gmail.com,newsletter,everyone,true
176729354,2025-10-21T11:40:14.404Z,Marykatri55@gmail.com,newsletter,everyone,true
176729354,2025-10-21T11:40:14.520Z,martinlarcan60@gmail.com,newsletter,everyone,true
176729354,2025-10-21T11:40:14.529Z,profornery@gmail.com,newsletter,everyone,true
176729354,2025-10-21T11:40:14.847Z,prahamama911@gmail.com,newsletter,everyone,true
176729354,2025-10-21T11:40:14.917Z,richardapanzer82@gmail.com,newsletter,everyone,true
176729354,2025-10-21T11:40:14.956Z,tfcraig1946@gmail.com,newsletter,everyone,true
176729354,2025-10-21T11:40:14.971Z,dagnaconstenla@yahoo.com,newsletter,everyone,true
176729354,2025-10-21T11:40:15.627Z,spotacus1@gmail.com,newsletter,everyone,true
176729354,2025-10-21T11:40:15.977Z,joannehilden@yahoo.com,newsletter,everyone,true
176729354,2025-10-21T11:40:16.148Z,tsoch@me.com,newsletter,everyone,true
176729354,2025-10-21T11:40:16.240Z,amys51576@gmail.com,newsletter,everyone,true
176729354,2025-10-21T11:40:16.262Z,loraross@hotmail.com,newsletter,everyone,true
176729354,2025-10-21T11:40:16.402Z,lorky1@sbcglobal.net,newsletter,everyone,true
176729354,2025-10-21T11:40:16.467Z,joe.simari@softchoice.com,newsletter,everyone,true
176729354,2025-10-21T11:40:16.474Z,geigenbrod@gmail.com,newsletter,everyone,true
176729354,2025-10-21T11:40:16.531Z,jjuarezz714@gmail.com,newsletter,everyone,true
176729354,2025-10-21T11:40:16.538Z,mcfvpk@gmail.com,newsletter,everyone,true
176729354,2025-10-21T11:40:16.595Z,lynnk2c@yahoo.com,newsletter,everyone,true
176729354,2025-10-21T11:40:16.604Z,gpurves@comcast.net,newsletter,everyone,true
176729354,2025-10-21T11:40:16.642Z,acktrisha@gmail.com,newsletter,everyone,true
176729354,2025-10-21T11:40:16.691Z,ashleympollock@gmail.com,newsletter,everyone,true
176729354,2025-10-21T11:40:16.732Z,kmcaleer@msn.com,newsletter,everyone,true
176729354,2025-10-21T11:40:16.788Z,mrkimnmobile@gmail.com,newsletter,everyone,true
176729354,2025-10-21T11:40:16.792Z,weiser99@hotmail.com,newsletter,everyone,true
176729354,2025-10-21T11:40:16.794Z,mikeburt51@aol.com,newsletter,everyone,true
176729354,2025-10-21T11:40:16.812Z,murdocksw@gmail.com,newsletter,everyone,true
176729354,2025-10-21T11:40:16.845Z,paraffin44052@yahoo.com,newsletter,everyone,true
176729354,2025-10-21T11:40:16.919Z,jekerr2@gmail.com,newsletter,everyone,true
176729354,2025-10-21T11:40:17.034Z,Rick.calicura@gmail.com,newsletter,everyone,true
176729354,2025-10-21T11:40:17.081Z,rizzatas@yahoo.com,newsletter,everyone,true
176729354,2025-10-21T11:40:17.082Z,jimbucci31@gmail.com,newsletter,everyone,true
176729354,2025-10-21T11:40:17.099Z,brianhudson5280@outlook.com,newsletter,everyone,true
176729354,2025-10-21T11:40:17.182Z,Eighteenwheels4581@gmail.com,newsletter,everyone,true
176729354,2025-10-21T11:40:17.206Z,bethtab55@yahoo.com,newsletter,everyone,true
176729354,2025-10-21T11:40:17.348Z,buster11860@yahoo.com,newsletter,everyone,true
176729354,2025-10-21T11:40:17.542Z,MABOYERCPA@aol.com,newsletter,everyone,true
176729354,2025-10-21T11:40:17.817Z,Lenzinancy@yahoo.com,newsletter,everyone,true
176729354,2025-10-21T11:40:17.885Z,maichrye@hotmail.com,newsletter,everyone,true
176729354,2025-10-21T11:40:18.161Z,foureverfitness@yahoo.com,newsletter,everyone,true
176729354,2025-10-21T11:40:18.180Z,mhduffy@outlook.com,newsletter,everyone,true
176729354,2025-10-21T11:40:18.235Z,ep4evr1@yahoo.com,newsletter,everyone,true
176729354,2025-10-21T11:40:18.640Z,g_moore@live.com,newsletter,everyone,true
176729354,2025-10-21T11:40:18.829Z,cosmo424242@yahoo.com,newsletter,everyone,true
176729354,2025-10-21T11:40:19.226Z,sentac@msn.com,newsletter,everyone,true
176729354,2025-10-21T11:40:19.543Z,11_orrery_lime@icloud.com,newsletter,everyone,true
176729354,2025-10-21T11:40:22.701Z,schafer1@gondtc.com,newsletter,everyone,true
