post_id,timestamp,email,post_type,post_audience,active_subscription
177252470,2025-10-27T09:56:20.369Z,noche1alpha@gmail.com,newsletter,everyone,false
177252470,2025-10-27T09:56:20.765Z,Blairsmith0505@gmail.com,newsletter,everyone,false
177252470,2025-10-27T09:56:24.493Z,kksearer.6162@gmail.com,newsletter,everyone,true
177252470,2025-10-27T09:56:24.495Z,tfcraig1946@gmail.com,newsletter,everyone,true
177252470,2025-10-27T09:56:24.732Z,Marykatri55@gmail.com,newsletter,everyone,true
177252470,2025-10-27T09:56:24.790Z,richardapanzer82@gmail.com,newsletter,everyone,true
177252470,2025-10-27T09:56:24.804Z,martinlarcan60@gmail.com,newsletter,everyone,true
177252470,2025-10-27T09:56:24.809Z,prahamama911@gmail.com,newsletter,everyone,true
177252470,2025-10-27T09:56:24.919Z,savage85719@gmail.com,newsletter,everyone,true
177252470,2025-10-27T09:56:24.929Z,noratomlinson@gmail.com,newsletter,everyone,true
177252470,2025-10-27T09:56:25.059Z,lynnk2c@yahoo.com,newsletter,everyone,true
177252470,2025-10-27T09:56:25.309Z,profornery@gmail.com,newsletter,everyone,true
177252470,2025-10-27T09:56:25.864Z,loraross@hotmail.com,newsletter,everyone,true
177252470,2025-10-27T09:56:25.885Z,rizzatas@yahoo.com,newsletter,everyone,true
177252470,2025-10-27T09:56:26.142Z,mhduffy@outlook.com,newsletter,everyone,true
177252470,2025-10-27T09:56:26.153Z,spotacus1@gmail.com,newsletter,everyone,true
177252470,2025-10-27T09:56:26.186Z,joannehilden@yahoo.com,newsletter,everyone,true
177252470,2025-10-27T09:56:26.542Z,tsoch@me.com,newsletter,everyone,true
177252470,2025-10-27T09:56:26.926Z,paraffin44052@yahoo.com,newsletter,everyone,true
177252470,2025-10-27T09:56:27.189Z,dagnaconstenla@yahoo.com,newsletter,everyone,true
177252470,2025-10-27T09:56:28.126Z,mikeburt51@aol.com,newsletter,everyone,true
177252470,2025-10-27T09:56:28.139Z,Eighteenwheels4581@gmail.com,newsletter,everyone,true
177252470,2025-10-27T09:56:28.143Z,joe.simari@softchoice.com,newsletter,everyone,true
177252470,2025-10-27T09:56:28.176Z,amys51576@gmail.com,newsletter,everyone,true
177252470,2025-10-27T09:56:28.244Z,murdocksw@gmail.com,newsletter,everyone,true
177252470,2025-10-27T09:56:28.265Z,jjuarezz714@gmail.com,newsletter,everyone,true
177252470,2025-10-27T09:56:28.294Z,jimbucci31@gmail.com,newsletter,everyone,true
177252470,2025-10-27T09:56:28.372Z,kmcaleer@msn.com,newsletter,everyone,true
177252470,2025-10-27T09:56:28.386Z,ashleympollock@gmail.com,newsletter,everyone,true
177252470,2025-10-27T09:56:28.463Z,buster11860@yahoo.com,newsletter,everyone,true
177252470,2025-10-27T09:56:28.538Z,jekerr2@gmail.com,newsletter,everyone,true
177252470,2025-10-27T09:56:28.567Z,mgallas32@gmail.com,newsletter,everyone,true
177252470,2025-10-27T09:56:28.575Z,geigenbrod@gmail.com,newsletter,everyone,true
177252470,2025-10-27T09:56:28.617Z,mcfvpk@gmail.com,newsletter,everyone,true
177252470,2025-10-27T09:56:28.618Z,MABOYERCPA@aol.com,newsletter,everyone,true
177252470,2025-10-27T09:56:28.626Z,mrkimnmobile@gmail.com,newsletter,everyone,true
177252470,2025-10-27T09:56:28.640Z,bethtab55@yahoo.com,newsletter,everyone,true
177252470,2025-10-27T09:56:28.693Z,cosmo424242@yahoo.com,newsletter,everyone,true
177252470,2025-10-27T09:56:28.813Z,ep4evr1@yahoo.com,newsletter,everyone,true
177252470,2025-10-27T09:56:28.813Z,acktrisha@gmail.com,newsletter,everyone,true
177252470,2025-10-27T09:56:28.998Z,Lenzinancy@yahoo.com,newsletter,everyone,true
177252470,2025-10-27T09:56:29.002Z,brianhudson5280@outlook.com,newsletter,everyone,true
177252470,2025-10-27T09:56:29.113Z,foureverfitness@yahoo.com,newsletter,everyone,true
177252470,2025-10-27T09:56:29.395Z,g_moore@live.com,newsletter,everyone,true
177252470,2025-10-27T09:56:29.476Z,lorky1@sbcglobal.net,newsletter,everyone,true
177252470,2025-10-27T09:56:29.753Z,weiser99@hotmail.com,newsletter,everyone,true
177252470,2025-10-27T09:56:30.142Z,gpurves@comcast.net,newsletter,everyone,true
177252470,2025-10-27T09:56:30.242Z,sentac@msn.com,newsletter,everyone,true
177252470,2025-10-27T09:56:30.413Z,maichrye@hotmail.com,newsletter,everyone,true
177252470,2025-10-27T09:56:31.679Z,11_orrery_lime@icloud.com,newsletter,everyone,true
177252470,2025-10-27T09:56:34.605Z,schafer1@gondtc.com,newsletter,everyone,true
