post_id,timestamp,email,post_type,post_audience,active_subscription,country,city,region,device_type,client_os,client_type,user_agent
177639014,2025-10-31T09:36:53.104Z,lynnk2c@yahoo.com,newsletter,everyone,true,US,,,,,,YahooMailProxy; https://help.yahoo.com/kb/yahoo-mail-proxy-SLN28749.html
177639014,2025-10-31T09:38:45.486Z,tfcraig1946@gmail.com,newsletter,everyone,true,NL,,,,,,Mozilla/5.0
177639014,2025-10-31T09:42:15.996Z,joannehilden@yahoo.com,newsletter,everyone,true,NL,,,,,,Mozilla/5.0
177639014,2025-10-31T09:46:42.024Z,spotacus1@gmail.com,newsletter,everyone,true,US,,,,,,Mozilla/5.0
177639014,2025-10-31T10:28:24.757Z,dagnaconstenla@yahoo.com,newsletter,everyone,true,US,,,,,,YahooMailProxy; https://help.yahoo.com/kb/yahoo-mail-proxy-SLN28749.html
177639014,2025-10-31T10:53:48.907Z,dagnaconstenla@yahoo.com,newsletter,everyone,true,US,,,,,,YahooMailProxy; https://help.yahoo.com/kb/yahoo-mail-proxy-SLN28749.html
177639014,2025-10-31T11:07:53.347Z,brianhudson5280@outlook.com,newsletter,everyone,true,US,,,,,,Mozilla/5.0
177639014,2025-10-31T11:30:03.247Z,jimbucci31@gmail.com,newsletter,everyone,true,US,,,,,,Mozilla/5.0
177639014,2025-10-31T12:13:31.766Z,ashleympollock@gmail.com,newsletter,everyone,true,US,,,,,,Mozilla/5.0 (Windows NT 5.1; rv:11.0) Gecko Firefox/11.0 (via ggpht.com GoogleImageProxy)
177639014,2025-10-31T12:13:44.977Z,ashleympollock@gmail.com,newsletter,everyone,true,US,,,,,,Mozilla/5.0 (Windows NT 5.1; rv:11.0) Gecko Firefox/11.0 (via ggpht.com GoogleImageProxy)
177639014,2025-10-31T12:13:54.860Z,ashleympollock@gmail.com,newsletter,everyone,true,US,,,,,,Mozilla/5.0 (Windows NT 5.1; rv:11.0) Gecko Firefox/11.0 (via ggpht.com GoogleImageProxy)
177639014,2025-10-31T12:36:27.526Z,kksearer.6162@gmail.com,newsletter,everyone,true,US,,,,,,Mozilla/5.0 (Windows NT 5.1; rv:11.0) Gecko Firefox/11.0 (via ggpht.com GoogleImageProxy)
177639014,2025-10-31T14:15:56.314Z,savage85719@gmail.com,newsletter,everyone,true,US,,,,,,Mozilla/5.0 (Windows NT 5.1; rv:11.0) Gecko Firefox/11.0 (via ggpht.com GoogleImageProxy)
177639014,2025-10-31T14:16:33.636Z,savage85719@gmail.com,newsletter,everyone,true,US,,,,,,Mozilla/5.0 (Windows NT 5.1; rv:11.0) Gecko Firefox/11.0 (via ggpht.com GoogleImageProxy)
177639014,2025-10-31T15:29:53.165Z,mrkimnmobile@gmail.com,newsletter,everyone,true,US,,,,,,Mozilla/5.0 (Windows NT 5.1; rv:11.0) Gecko Firefox/11.0 (via ggpht.com GoogleImageProxy)
177639014,2025-10-31T15:52:14.078Z,spotacus1@gmail.com,newsletter,everyone,true,NL,,,,,,Mozilla/5.0
177639014,2025-10-31T15:55:08.163Z,savage85719@gmail.com,newsletter,everyone,true,US,,,,,,Mozilla/5.0 (Windows NT 5.1; rv:11.0) Gecko Firefox/11.0 (via ggpht.com GoogleImageProxy)
177639014,2025-10-31T16:36:07.751Z,brianhudson5280@outlook.com,newsletter,everyone,true,US,,,,,,Mozilla/5.0
177639014,2025-10-31T22:04:53.304Z,lorky1@sbcglobal.net,newsletter,everyone,true,NL,,,,,,Mozilla/5.0
177639014,2025-10-31T22:20:42.285Z,Eighteenwheels4581@gmail.com,newsletter,everyone,true,US,,,,,,Mozilla/5.0 (Windows NT 5.1; rv:11.0) Gecko Firefox/11.0 (via ggpht.com GoogleImageProxy)
177639014,2025-11-01T20:23:45.892Z,prahamama911@gmail.com,newsletter,everyone,true,US,,,,,,"Mozilla/5.0 (Macintosh; Intel Mac OS X 10_15_7) AppleWebKit/605.1.15 (KHTML, like Gecko)"
177639014,2025-11-02T04:19:42.805Z,tfcraig1946@gmail.com,newsletter,everyone,true,NL,,,,,,Mozilla/5.0
177639014,2025-11-03T11:58:31.057Z,spotacus1@gmail.com,newsletter,everyone,true,US,,,,,,Mozilla/5.0
