post_id,timestamp,email,post_type,post_audience,active_subscription
177639014,2025-10-31T09:25:27.216Z,noche1alpha@gmail.com,newsletter,everyone,false
177639014,2025-10-31T09:25:29.238Z,Blairsmith0505@gmail.com,newsletter,everyone,false
177639014,2025-10-31T09:25:29.789Z,noratomlinson@gmail.com,newsletter,everyone,true
177639014,2025-10-31T09:25:29.999Z,savage85719@gmail.com,newsletter,everyone,true
177639014,2025-10-31T09:25:30.024Z,Marykatri55@gmail.com,newsletter,everyone,true
177639014,2025-10-31T09:25:30.048Z,dagnaconstenla@yahoo.com,newsletter,everyone,true
177639014,2025-10-31T09:25:30.065Z,kksearer.6162@gmail.com,newsletter,everyone,true
177639014,2025-10-31T09:25:30.386Z,martinlarcan60@gmail.com,newsletter,everyone,true
177639014,2025-10-31T09:25:30.465Z,tfcraig1946@gmail.com,newsletter,everyone,true
177639014,2025-10-31T09:25:30.514Z,richardapanzer82@gmail.com,newsletter,everyone,true
177639014,2025-10-31T09:25:30.565Z,profornery@gmail.com,newsletter,everyone,true
177639014,2025-10-31T09:25:30.982Z,rizzatas@yahoo.com,newsletter,everyone,true
177639014,2025-10-31T09:25:31.231Z,prahamama911@gmail.com,newsletter,everyone,true
177639014,2025-10-31T09:25:31.437Z,lynnk2c@yahoo.com,newsletter,everyone,true
177639014,2025-10-31T09:25:32.275Z,joannehilden@yahoo.com,newsletter,everyone,true
177639014,2025-10-31T09:25:32.610Z,loraross@hotmail.com,newsletter,everyone,true
177639014,2025-10-31T09:25:32.627Z,spotacus1@gmail.com,newsletter,everyone,true
177639014,2025-10-31T09:25:32.851Z,gpurves@comcast.net,newsletter,everyone,true
177639014,2025-10-31T09:25:32.885Z,mikeburt51@aol.com,newsletter,everyone,true
177639014,2025-10-31T09:25:32.900Z,jjuarezz714@gmail.com,newsletter,everyone,true
177639014,2025-10-31T09:25:32.902Z,kmcaleer@msn.com,newsletter,everyone,true
177639014,2025-10-31T09:25:32.969Z,paraffin44052@yahoo.com,newsletter,everyone,true
177639014,2025-10-31T09:25:33.113Z,geigenbrod@gmail.com,newsletter,everyone,true
177639014,2025-10-31T09:25:33.212Z,g_moore@live.com,newsletter,everyone,true
177639014,2025-10-31T09:25:33.295Z,mcfvpk@gmail.com,newsletter,everyone,true
177639014,2025-10-31T09:25:33.328Z,weiser99@hotmail.com,newsletter,everyone,true
177639014,2025-10-31T09:25:33.442Z,maichrye@hotmail.com,newsletter,everyone,true
177639014,2025-10-31T09:25:33.483Z,amys51576@gmail.com,newsletter,everyone,true
177639014,2025-10-31T09:25:33.507Z,ashleympollock@gmail.com,newsletter,everyone,true
177639014,2025-10-31T09:25:33.518Z,jekerr2@gmail.com,newsletter,everyone,true
177639014,2025-10-31T09:25:33.563Z,lorky1@sbcglobal.net,newsletter,everyone,true
177639014,2025-10-31T09:25:33.587Z,joe.simari@softchoice.com,newsletter,everyone,true
177639014,2025-10-31T09:25:33.608Z,jimbucci31@gmail.com,newsletter,everyone,true
177639014,2025-10-31T09:25:33.625Z,acktrisha@gmail.com,newsletter,everyone,true
177639014,2025-10-31T09:25:33.638Z,ep4evr1@yahoo.com,newsletter,everyone,true
177639014,2025-10-31T09:25:33.650Z,tsoch@me.com,newsletter,everyone,true
177639014,2025-10-31T09:25:33.718Z,mhduffy@outlook.com,newsletter,everyone,true
177639014,2025-10-31T09:25:33.737Z,mgallas32@gmail.com,newsletter,everyone,true
177639014,2025-10-31T09:25:33.789Z,buster11860@yahoo.com,newsletter,everyone,true
177639014,2025-10-31T09:25:33.793Z,MABOYERCPA@aol.com,newsletter,everyone,true
177639014,2025-10-31T09:25:33.852Z,cosmo424242@yahoo.com,newsletter,everyone,true
177639014,2025-10-31T09:25:34.004Z,brianhudson5280@outlook.com,newsletter,everyone,true
177639014,2025-10-31T09:25:34.101Z,murdocksw@gmail.com,newsletter,everyone,true
177639014,2025-10-31T09:25:34.348Z,Eighteenwheels4581@gmail.com,newsletter,everyone,true
177639014,2025-10-31T09:25:34.475Z,mrkimnmobile@gmail.com,newsletter,everyone,true
177639014,2025-10-31T09:25:34.540Z,foureverfitness@yahoo.com,newsletter,everyone,true
177639014,2025-10-31T09:25:34.680Z,Lenzinancy@yahoo.com,newsletter,everyone,true
177639014,2025-10-31T09:25:35.219Z,bethtab55@yahoo.com,newsletter,everyone,true
177639014,2025-10-31T09:25:37.078Z,sentac@msn.com,newsletter,everyone,true
177639014,2025-10-31T09:25:37.793Z,11_orrery_lime@icloud.com,newsletter,everyone,true
177639014,2025-10-31T09:25:39.394Z,schafer1@gondtc.com,newsletter,everyone,true
