post_id,timestamp,email,post_type,post_audience,active_subscription,country,city,region,device_type,client_os,client_type,user_agent
177785171,2025-11-02T10:42:13.409Z,amys51576@gmail.com,newsletter,everyone,true,US,,,,,,Mozilla/5.0 (Windows NT 5.1; rv:11.0) Gecko Firefox/11.0 (via ggpht.com GoogleImageProxy)
177785171,2025-11-02T10:46:23.517Z,spotacus1@gmail.com,newsletter,everyone,true,NL,,,,,,Mozilla/5.0
177785171,2025-11-02T10:46:30.460Z,tfcraig1946@gmail.com,newsletter,everyone,true,US,,,,,,Mozilla/5.0
177785171,2025-11-02T10:58:18.737Z,paraffin44052@yahoo.com,newsletter,everyone,true,US,,,,,,Mozilla/5.0
177785171,2025-11-02T11:04:02.649Z,ep4evr1@yahoo.com,newsletter,everyone,true,US,,,,,,Mozilla/5.0
177785171,2025-11-02T11:06:11.516Z,dagnaconstenla@yahoo.com,newsletter,everyone,true,US,,,,,,Mozilla/5.0
177785171,2025-11-02T11:10:05.210Z,brianhudson5280@outlook.com,newsletter,everyone,true,NL,,,,,,Mozilla/5.0
177785171,2025-11-02T11:13:00.726Z,joannehilden@yahoo.com,newsletter,everyone,true,US,,,,,,Mozilla/5.0
177785171,2025-11-02T11:17:58.418Z,ep4evr1@yahoo.com,newsletter,everyone,true,US,,,,,,Mozilla/5.0
177785171,2025-11-02T11:18:31.503Z,cosmo424242@yahoo.com,newsletter,everyone,true,US,,,,,,Mozilla/5.0
177785171,2025-11-02T11:56:22.489Z,joannehilden@yahoo.com,newsletter,everyone,true,US,,,,,,YahooMailProxy; https://help.yahoo.com/kb/yahoo-mail-proxy-SLN28749.html
177785171,2025-11-02T12:04:06.528Z,noche1alpha@gmail.com,newsletter,everyone,false,US,,,,,,Mozilla/5.0 (Windows NT 5.1; rv:11.0) Gecko Firefox/11.0 (via ggpht.com GoogleImageProxy)
177785171,2025-11-02T12:31:44.971Z,mhduffy@outlook.com,newsletter,everyone,true,NL,,,,,,Mozilla/5.0
177785171,2025-11-02T12:36:48.646Z,tfcraig1946@gmail.com,newsletter,everyone,true,US,,,,,,Mozilla/5.0
177785171,2025-11-02T12:42:55.395Z,brianhudson5280@outlook.com,newsletter,everyone,true,NL,,,,,,Mozilla/5.0
177785171,2025-11-02T12:54:47.829Z,mrkimnmobile@gmail.com,newsletter,everyone,true,US,,,,,,Mozilla/5.0 (Windows NT 5.1; rv:11.0) Gecko Firefox/11.0 (via ggpht.com GoogleImageProxy)
177785171,2025-11-02T13:01:01.846Z,jimbucci31@gmail.com,newsletter,everyone,true,US,,,,,,Mozilla/5.0
177785171,2025-11-02T13:34:00.722Z,dagnaconstenla@yahoo.com,newsletter,everyone,true,US,,,,,,Mozilla/5.0
177785171,2025-11-02T13:50:18.593Z,mikeburt51@aol.com,newsletter,everyone,true,NL,,,,,,Mozilla/5.0
177785171,2025-11-02T14:29:45.633Z,Eighteenwheels4581@gmail.com,newsletter,everyone,true,US,,,,,,Mozilla/5.0 (Windows NT 5.1; rv:11.0) Gecko Firefox/11.0 (via ggpht.com GoogleImageProxy)
177785171,2025-11-02T14:36:55.052Z,Eighteenwheels4581@gmail.com,newsletter,everyone,true,US,,,,,,Mozilla/5.0 (Windows NT 5.1; rv:11.0) Gecko Firefox/11.0 (via ggpht.com GoogleImageProxy)
177785171,2025-11-02T14:56:07.984Z,Eighteenwheels4581@gmail.com,newsletter,everyone,true,US,,,,,,Mozilla/5.0 (Windows NT 5.1; rv:11.0) Gecko Firefox/11.0 (via ggpht.com GoogleImageProxy)
177785171,2025-11-02T17:04:22.986Z,irvingkathryn059@gmail.com,newsletter,everyone,true,US,,,,,,Mozilla/5.0 (Windows NT 5.1; rv:11.0) Gecko Firefox/11.0 (via ggpht.com GoogleImageProxy)
177785171,2025-11-02T19:04:20.021Z,Eighteenwheels4581@gmail.com,newsletter,everyone,true,US,,,,,,Mozilla/5.0 (Windows NT 5.1; rv:11.0) Gecko Firefox/11.0 (via ggpht.com GoogleImageProxy)
177785171,2025-11-02T20:43:58.688Z,lorky1@sbcglobal.net,newsletter,everyone,true,NL,,,,,,Mozilla/5.0
177785171,2025-11-02T21:17:54.063Z,mikeburt51@aol.com,newsletter,everyone,true,CZ,,,,,,"Mozilla/5.0 (Linux; Android 13; motorola edge 5G UW (2021) Build/T1RM33.1-110-17-8-2; wv) AppleWebKit/537.36 (KHTML, like Gecko) Version/4.0 Chrome/141.0.7390.122 Mobile Safari/537.36"
177785171,2025-11-02T23:01:01.274Z,irvingkathryn059@gmail.com,newsletter,everyone,true,US,,,,,,Mozilla/5.0 (Windows NT 5.1; rv:11.0) Gecko Firefox/11.0 (via ggpht.com GoogleImageProxy)
177785171,2025-11-02T23:01:03.258Z,irvingkathryn059@gmail.com,newsletter,everyone,true,US,,,,,,Mozilla/5.0 (Windows NT 5.1; rv:11.0) Gecko Firefox/11.0 (via ggpht.com GoogleImageProxy)
177785171,2025-11-03T00:38:57.419Z,dagnaconstenla@yahoo.com,newsletter,everyone,true,US,,,,,,Mozilla/5.0
177785171,2025-11-03T11:58:31.056Z,spotacus1@gmail.com,newsletter,everyone,true,US,,,,,,Mozilla/5.0
177785171,2025-11-03T18:50:31.461Z,mikeburt51@aol.com,newsletter,everyone,true,NL,,,,,,Mozilla/5.0
177785171,2025-11-03T18:50:31.461Z,mikeburt51@aol.com,newsletter,everyone,true,NL,,,,,,Mozilla/5.0
177785171,2025-11-04T00:43:06.816Z,tfcraig1946@gmail.com,newsletter,everyone,true,US,,,,,,Mozilla/5.0
177785171,2025-11-05T01:21:11.766Z,mikeburt51@aol.com,newsletter,everyone,true,US,,,,,,Mozilla/5.0
