post_id,timestamp,email,post_type,post_audience,active_subscription
177785171,2025-11-02T10:40:44.919Z,martinlarcan60@gmail.com,newsletter,everyone,true
177785171,2025-11-02T10:40:45.224Z,noche1alpha@gmail.com,newsletter,everyone,false
177785171,2025-11-02T10:40:45.661Z,Blairsmith0505@gmail.com,newsletter,everyone,false
177785171,2025-11-02T10:40:45.699Z,prahamama911@gmail.com,newsletter,everyone,true
177785171,2025-11-02T10:40:46.091Z,profornery@gmail.com,newsletter,everyone,true
177785171,2025-11-02T10:40:46.096Z,noratomlinson@gmail.com,newsletter,everyone,true
177785171,2025-11-02T10:40:46.147Z,Marykatri55@gmail.com,newsletter,everyone,true
177785171,2025-11-02T10:40:46.164Z,tfcraig1946@gmail.com,newsletter,everyone,true
177785171,2025-11-02T10:40:46.303Z,kksearer.6162@gmail.com,newsletter,everyone,true
177785171,2025-11-02T10:40:46.314Z,murdocksw@gmail.com,newsletter,everyone,true
177785171,2025-11-02T10:40:46.429Z,lorky1@sbcglobal.net,newsletter,everyone,true
177785171,2025-11-02T10:40:46.526Z,joe.simari@softchoice.com,newsletter,everyone,true
177785171,2025-11-02T10:40:46.605Z,kmcaleer@msn.com,newsletter,everyone,true
177785171,2025-11-02T10:40:46.628Z,savage85719@gmail.com,newsletter,everyone,true
177785171,2025-11-02T10:40:46.642Z,spotacus1@gmail.com,newsletter,everyone,true
177785171,2025-11-02T10:40:46.651Z,richardapanzer82@gmail.com,newsletter,everyone,true
177785171,2025-11-02T10:40:46.679Z,acktrisha@gmail.com,newsletter,everyone,true
177785171,2025-11-02T10:40:46.698Z,paraffin44052@yahoo.com,newsletter,everyone,true
177785171,2025-11-02T10:40:46.713Z,amys51576@gmail.com,newsletter,everyone,true
177785171,2025-11-02T10:40:46.719Z,irvingkathryn059@gmail.com,newsletter,everyone,true
177785171,2025-11-02T10:40:46.727Z,gpurves@comcast.net,newsletter,everyone,true
177785171,2025-11-02T10:40:46.729Z,jimbucci31@gmail.com,newsletter,everyone,true
177785171,2025-11-02T10:40:46.771Z,g_moore@live.com,newsletter,everyone,true
177785171,2025-11-02T10:40:46.790Z,lynnk2c@yahoo.com,newsletter,everyone,true
177785171,2025-11-02T10:40:46.877Z,jjuarezz714@gmail.com,newsletter,everyone,true
177785171,2025-11-02T10:40:46.931Z,bethtab55@yahoo.com,newsletter,everyone,true
177785171,2025-11-02T10:40:46.932Z,ashleympollock@gmail.com,newsletter,everyone,true
177785171,2025-11-02T10:40:46.993Z,mikeburt51@aol.com,newsletter,everyone,true
177785171,2025-11-02T10:40:47.008Z,Eighteenwheels4581@gmail.com,newsletter,everyone,true
177785171,2025-11-02T10:40:47.033Z,MABOYERCPA@aol.com,newsletter,everyone,true
177785171,2025-11-02T10:40:47.062Z,mgallas32@gmail.com,newsletter,everyone,true
177785171,2025-11-02T10:40:47.123Z,dagnaconstenla@yahoo.com,newsletter,everyone,true
177785171,2025-11-02T10:40:47.126Z,brianhudson5280@outlook.com,newsletter,everyone,true
177785171,2025-11-02T10:40:47.150Z,Lenzinancy@yahoo.com,newsletter,everyone,true
177785171,2025-11-02T10:40:47.220Z,rizzatas@yahoo.com,newsletter,everyone,true
177785171,2025-11-02T10:40:47.240Z,maichrye@hotmail.com,newsletter,everyone,true
177785171,2025-11-02T10:40:47.247Z,cosmo424242@yahoo.com,newsletter,everyone,true
177785171,2025-11-02T10:40:47.295Z,sentac@msn.com,newsletter,everyone,true
177785171,2025-11-02T10:40:47.355Z,foureverfitness@yahoo.com,newsletter,everyone,true
177785171,2025-11-02T10:40:47.417Z,joannehilden@yahoo.com,newsletter,everyone,true
177785171,2025-11-02T10:40:47.521Z,mcfvpk@gmail.com,newsletter,everyone,true
177785171,2025-11-02T10:40:47.629Z,geigenbrod@gmail.com,newsletter,everyone,true
177785171,2025-11-02T10:40:47.708Z,mhduffy@outlook.com,newsletter,everyone,true
177785171,2025-11-02T10:40:47.781Z,11_orrery_lime@icloud.com,newsletter,everyone,true
177785171,2025-11-02T10:40:47.783Z,ep4evr1@yahoo.com,newsletter,everyone,true
177785171,2025-11-02T10:40:47.841Z,mrkimnmobile@gmail.com,newsletter,everyone,true
177785171,2025-11-02T10:40:48.009Z,jekerr2@gmail.com,newsletter,everyone,true
177785171,2025-11-02T10:40:48.632Z,buster11860@yahoo.com,newsletter,everyone,true
177785171,2025-11-02T10:40:48.696Z,loraross@hotmail.com,newsletter,everyone,true
177785171,2025-11-02T10:40:49.090Z,tsoch@me.com,newsletter,everyone,true
177785171,2025-11-02T10:40:51.851Z,weiser99@hotmail.com,newsletter,everyone,true
177785171,2025-11-02T10:40:53.112Z,schafer1@gondtc.com,newsletter,everyone,true
