post_id,timestamp,email,post_type,post_audience,active_subscription
177864988,2025-11-03T07:50:44.371Z,noche1alpha@gmail.com,newsletter,everyone,false
177864988,2025-11-03T07:50:44.375Z,profornery@gmail.com,newsletter,everyone,true
177864988,2025-11-03T07:50:44.392Z,richardapanzer82@gmail.com,newsletter,everyone,true
177864988,2025-11-03T07:50:44.417Z,kksearer.6162@gmail.com,newsletter,everyone,true
177864988,2025-11-03T07:50:44.449Z,martinlarcan60@gmail.com,newsletter,everyone,true
177864988,2025-11-03T07:50:44.467Z,savage85719@gmail.com,newsletter,everyone,true
177864988,2025-11-03T07:50:44.582Z,prahamama911@gmail.com,newsletter,everyone,true
177864988,2025-11-03T07:50:44.871Z,noratomlinson@gmail.com,newsletter,everyone,true
177864988,2025-11-03T07:50:44.961Z,dagnaconstenla@yahoo.com,newsletter,everyone,true
177864988,2025-11-03T07:50:45.169Z,Blairsmith0505@gmail.com,newsletter,everyone,false
177864988,2025-11-03T07:50:45.226Z,Marykatri55@gmail.com,newsletter,everyone,true
177864988,2025-11-03T07:50:45.261Z,lynnk2c@yahoo.com,newsletter,everyone,true
177864988,2025-11-03T07:50:45.327Z,tfcraig1946@gmail.com,newsletter,everyone,true
177864988,2025-11-03T07:50:45.474Z,rizzatas@yahoo.com,newsletter,everyone,true
177864988,2025-11-03T07:50:45.642Z,tsoch@me.com,newsletter,everyone,true
177864988,2025-11-03T07:50:46.119Z,g_moore@live.com,newsletter,everyone,true
177864988,2025-11-03T07:50:46.127Z,murdocksw@gmail.com,newsletter,everyone,true
177864988,2025-11-03T07:50:46.184Z,sentac@msn.com,newsletter,everyone,true
177864988,2025-11-03T07:50:46.187Z,paraffin44052@yahoo.com,newsletter,everyone,true
177864988,2025-11-03T07:50:46.203Z,ashleympollock@gmail.com,newsletter,everyone,true
177864988,2025-11-03T07:50:46.227Z,jekerr2@gmail.com,newsletter,everyone,true
177864988,2025-11-03T07:50:46.242Z,joannehilden@yahoo.com,newsletter,everyone,true
177864988,2025-11-03T07:50:46.245Z,jjuarezz714@gmail.com,newsletter,everyone,true
177864988,2025-11-03T07:50:46.329Z,Eighteenwheels4581@gmail.com,newsletter,everyone,true
177864988,2025-11-03T07:50:46.388Z,irvingkathryn059@gmail.com,newsletter,everyone,true
177864988,2025-11-03T07:50:46.448Z,mgallas32@gmail.com,newsletter,everyone,true
177864988,2025-11-03T07:50:46.471Z,geigenbrod@gmail.com,newsletter,everyone,true
177864988,2025-11-03T07:50:46.479Z,cosmo424242@yahoo.com,newsletter,everyone,true
177864988,2025-11-03T07:50:46.487Z,mikeburt51@aol.com,newsletter,everyone,true
177864988,2025-11-03T07:50:46.495Z,weiser99@hotmail.com,newsletter,everyone,true
177864988,2025-11-03T07:50:46.513Z,gpurves@comcast.net,newsletter,everyone,true
177864988,2025-11-03T07:50:46.521Z,foureverfitness@yahoo.com,newsletter,everyone,true
177864988,2025-11-03T07:50:46.538Z,loraross@hotmail.com,newsletter,everyone,true
177864988,2025-11-03T07:50:46.589Z,brianhudson5280@outlook.com,newsletter,everyone,true
177864988,2025-11-03T07:50:46.616Z,lorky1@sbcglobal.net,newsletter,everyone,true
177864988,2025-11-03T07:50:46.646Z,spotacus1@gmail.com,newsletter,everyone,true
177864988,2025-11-03T07:50:46.656Z,ep4evr1@yahoo.com,newsletter,everyone,true
177864988,2025-11-03T07:50:46.665Z,joe.simari@softchoice.com,newsletter,everyone,true
177864988,2025-11-03T07:50:46.679Z,bethtab55@yahoo.com,newsletter,everyone,true
177864988,2025-11-03T07:50:46.679Z,mhduffy@outlook.com,newsletter,everyone,true
177864988,2025-11-03T07:50:46.729Z,Lenzinancy@yahoo.com,newsletter,everyone,true
177864988,2025-11-03T07:50:46.770Z,jimbucci31@gmail.com,newsletter,everyone,true
177864988,2025-11-03T07:50:46.797Z,MABOYERCPA@aol.com,newsletter,everyone,true
177864988,2025-11-03T07:50:46.815Z,mrkimnmobile@gmail.com,newsletter,everyone,true
177864988,2025-11-03T07:50:47.021Z,acktrisha@gmail.com,newsletter,everyone,true
177864988,2025-11-03T07:50:47.187Z,kmcaleer@msn.com,newsletter,everyone,true
177864988,2025-11-03T07:50:47.499Z,mcfvpk@gmail.com,newsletter,everyone,true
177864988,2025-11-03T07:50:47.625Z,buster11860@yahoo.com,newsletter,everyone,true
177864988,2025-11-03T07:50:48.650Z,amys51576@gmail.com,newsletter,everyone,true
177864988,2025-11-03T07:50:48.770Z,maichrye@hotmail.com,newsletter,everyone,true
177864988,2025-11-03T07:50:52.527Z,schafer1@gondtc.com,newsletter,everyone,true
177864988,2025-11-03T07:50:53.096Z,11_orrery_lime@icloud.com,newsletter,everyone,true
