post_id,timestamp,email,post_type,post_audience,active_subscription,country,city,region,device_type,client_os,client_type,user_agent
177866300,2025-11-03T08:24:44.624Z,amys51576@gmail.com,newsletter,everyone,true,US,,,,,,Mozilla/5.0 (Windows NT 5.1; rv:11.0) Gecko Firefox/11.0 (via ggpht.com GoogleImageProxy)
177866300,2025-11-03T08:26:25.518Z,irvingkathryn059@gmail.com,newsletter,everyone,true,US,,,,,,Mozilla/5.0 (Windows NT 5.1; rv:11.0) Gecko Firefox/11.0 (via ggpht.com GoogleImageProxy)
177866300,2025-11-03T08:36:16.474Z,joannehilden@yahoo.com,newsletter,everyone,true,US,,,,,,Mozilla/5.0
177866300,2025-11-03T08:39:34.131Z,paraffin44052@yahoo.com,newsletter,everyone,true,US,,,,,,Mozilla/5.0
177866300,2025-11-03T08:40:15.338Z,brianhudson5280@outlook.com,newsletter,everyone,true,US,,,,,,Mozilla/5.0
177866300,2025-11-03T08:40:41.566Z,dagnaconstenla@yahoo.com,newsletter,everyone,true,US,,,,,,Mozilla/5.0
177866300,2025-11-03T08:44:13.127Z,spotacus1@gmail.com,newsletter,everyone,true,US,,,,,,Mozilla/5.0
177866300,2025-11-03T08:45:06.263Z,tfcraig1946@gmail.com,newsletter,everyone,true,US,,,,,,Mozilla/5.0
177866300,2025-11-03T08:54:47.905Z,mikeburt51@aol.com,newsletter,everyone,true,US,,,,,,Mozilla/5.0
177866300,2025-11-03T08:56:19.655Z,cosmo424242@yahoo.com,newsletter,everyone,true,US,,,,,,Mozilla/5.0
177866300,2025-11-03T09:52:20.220Z,Blairsmith0505@gmail.com,newsletter,everyone,false,US,,,,,,Mozilla/5.0 (Windows NT 5.1; rv:11.0) Gecko Firefox/11.0 (via ggpht.com GoogleImageProxy)
177866300,2025-11-03T10:20:47.276Z,spotacus1@gmail.com,newsletter,everyone,true,US,,,,,,Mozilla/5.0
177866300,2025-11-03T10:57:09.305Z,tsoch@me.com,newsletter,everyone,true,NL,,,,,,Mozilla/5.0
177866300,2025-11-03T11:15:36.552Z,jjuarezz714@gmail.com,newsletter,everyone,true,US,,,,,,Mozilla/5.0 (Windows NT 5.1; rv:11.0) Gecko Firefox/11.0 (via ggpht.com GoogleImageProxy)
177866300,2025-11-03T11:16:46.994Z,dagnaconstenla@yahoo.com,newsletter,everyone,true,US,,,,,,Mozilla/5.0
177866300,2025-11-03T12:20:47.107Z,lorky1@sbcglobal.net,newsletter,everyone,true,NL,,,,,,Mozilla/5.0
177866300,2025-11-03T12:31:23.235Z,brianhudson5280@outlook.com,newsletter,everyone,true,US,,,,,,Mozilla/5.0
177866300,2025-11-03T17:48:56.921Z,jimbucci31@gmail.com,newsletter,everyone,true,US,,,,,,Mozilla/5.0
177866300,2025-11-04T00:44:46.520Z,tfcraig1946@gmail.com,newsletter,everyone,true,US,,,,,,Mozilla/5.0
177866300,2025-11-04T03:02:21.732Z,tfcraig1946@gmail.com,newsletter,everyone,true,US,,,,,,Mozilla/5.0
177866300,2025-11-08T00:19:36.605Z,spotacus1@gmail.com,newsletter,everyone,true,US,,,,,,Mozilla/5.0
