post_id,timestamp,email,post_type,post_audience,active_subscription
177866300,2025-11-03T08:23:44.590Z,Blairsmith0505@gmail.com,newsletter,everyone,false
177866300,2025-11-03T08:23:45.063Z,noratomlinson@gmail.com,newsletter,everyone,true
177866300,2025-11-03T08:23:45.438Z,tfcraig1946@gmail.com,newsletter,everyone,true
177866300,2025-11-03T08:23:45.637Z,martinlarcan60@gmail.com,newsletter,everyone,true
177866300,2025-11-03T08:23:45.639Z,noche1alpha@gmail.com,newsletter,everyone,false
177866300,2025-11-03T08:23:45.795Z,Marykatri55@gmail.com,newsletter,everyone,true
177866300,2025-11-03T08:23:45.824Z,dagnaconstenla@yahoo.com,newsletter,everyone,true
177866300,2025-11-03T08:23:46.120Z,richardapanzer82@gmail.com,newsletter,everyone,true
177866300,2025-11-03T08:23:46.250Z,spotacus1@gmail.com,newsletter,everyone,true
177866300,2025-11-03T08:23:46.252Z,irvingkathryn059@gmail.com,newsletter,everyone,true
177866300,2025-11-03T08:23:46.354Z,lynnk2c@yahoo.com,newsletter,everyone,true
177866300,2025-11-03T08:23:46.420Z,mikeburt51@aol.com,newsletter,everyone,true
177866300,2025-11-03T08:23:46.535Z,paraffin44052@yahoo.com,newsletter,everyone,true
177866300,2025-11-03T08:23:46.716Z,joannehilden@yahoo.com,newsletter,everyone,true
177866300,2025-11-03T08:23:46.760Z,prahamama911@gmail.com,newsletter,everyone,true
177866300,2025-11-03T08:23:46.778Z,murdocksw@gmail.com,newsletter,everyone,true
177866300,2025-11-03T08:23:46.784Z,kksearer.6162@gmail.com,newsletter,everyone,true
177866300,2025-11-03T08:23:46.802Z,profornery@gmail.com,newsletter,everyone,true
177866300,2025-11-03T08:23:46.845Z,lorky1@sbcglobal.net,newsletter,everyone,true
177866300,2025-11-03T08:23:46.918Z,savage85719@gmail.com,newsletter,everyone,true
177866300,2025-11-03T08:23:46.925Z,rizzatas@yahoo.com,newsletter,everyone,true
177866300,2025-11-03T08:23:47.062Z,joe.simari@softchoice.com,newsletter,everyone,true
177866300,2025-11-03T08:23:47.215Z,Eighteenwheels4581@gmail.com,newsletter,everyone,true
177866300,2025-11-03T08:23:47.271Z,mcfvpk@gmail.com,newsletter,everyone,true
177866300,2025-11-03T08:23:47.278Z,jjuarezz714@gmail.com,newsletter,everyone,true
177866300,2025-11-03T08:23:47.290Z,amys51576@gmail.com,newsletter,everyone,true
177866300,2025-11-03T08:23:47.296Z,mgallas32@gmail.com,newsletter,everyone,true
177866300,2025-11-03T08:23:47.297Z,acktrisha@gmail.com,newsletter,everyone,true
177866300,2025-11-03T08:23:47.347Z,mrkimnmobile@gmail.com,newsletter,everyone,true
177866300,2025-11-03T08:23:47.458Z,ashleympollock@gmail.com,newsletter,everyone,true
177866300,2025-11-03T08:23:47.537Z,jekerr2@gmail.com,newsletter,everyone,true
177866300,2025-11-03T08:23:47.601Z,g_moore@live.com,newsletter,everyone,true
177866300,2025-11-03T08:23:47.760Z,foureverfitness@yahoo.com,newsletter,everyone,true
177866300,2025-11-03T08:23:47.826Z,gpurves@comcast.net,newsletter,everyone,true
177866300,2025-11-03T08:23:47.849Z,jimbucci31@gmail.com,newsletter,everyone,true
177866300,2025-11-03T08:23:47.887Z,maichrye@hotmail.com,newsletter,everyone,true
177866300,2025-11-03T08:23:48.010Z,buster11860@yahoo.com,newsletter,everyone,true
177866300,2025-11-03T08:23:48.212Z,brianhudson5280@outlook.com,newsletter,everyone,true
177866300,2025-11-03T08:23:48.218Z,sentac@msn.com,newsletter,everyone,true
177866300,2025-11-03T08:23:48.249Z,loraross@hotmail.com,newsletter,everyone,true
177866300,2025-11-03T08:23:48.314Z,geigenbrod@gmail.com,newsletter,everyone,true
177866300,2025-11-03T08:23:48.326Z,ep4evr1@yahoo.com,newsletter,everyone,true
177866300,2025-11-03T08:23:48.329Z,Lenzinancy@yahoo.com,newsletter,everyone,true
177866300,2025-11-03T08:23:48.412Z,cosmo424242@yahoo.com,newsletter,everyone,true
177866300,2025-11-03T08:23:48.450Z,bethtab55@yahoo.com,newsletter,everyone,true
177866300,2025-11-03T08:23:48.957Z,mhduffy@outlook.com,newsletter,everyone,true
177866300,2025-11-03T08:23:49.205Z,MABOYERCPA@aol.com,newsletter,everyone,true
177866300,2025-11-03T08:23:49.381Z,weiser99@hotmail.com,newsletter,everyone,true
177866300,2025-11-03T08:23:49.463Z,kmcaleer@msn.com,newsletter,everyone,true
177866300,2025-11-03T08:23:50.620Z,tsoch@me.com,newsletter,everyone,true
177866300,2025-11-03T08:23:53.690Z,schafer1@gondtc.com,newsletter,everyone,true
177866300,2025-11-03T08:23:53.736Z,11_orrery_lime@icloud.com,newsletter,everyone,true
