post_id,timestamp,email,post_type,post_audience,active_subscription,country,city,region,device_type,client_os,client_type,user_agent
177864988,2025-11-03T07:56:10.871Z,amys51576@gmail.com,newsletter,everyone,true,US,,,,,,Mozilla/5.0 (Windows NT 5.1; rv:11.0) Gecko Firefox/11.0 (via ggpht.com GoogleImageProxy)
177864988,2025-11-03T08:04:36.231Z,dagnaconstenla@yahoo.com,newsletter,everyone,true,US,,,,,,Mozilla/5.0
177864988,2025-11-03T08:06:33.833Z,irvingkathryn059@gmail.com,newsletter,everyone,true,US,,,,,,Mozilla/5.0 (Windows NT 5.1; rv:11.0) Gecko Firefox/11.0 (via ggpht.com GoogleImageProxy)
177864988,2025-11-03T08:09:20.398Z,paraffin44052@yahoo.com,newsletter,everyone,true,US,,,,,,Mozilla/5.0
177864988,2025-11-03T08:09:40.690Z,joannehilden@yahoo.com,newsletter,everyone,true,US,,,,,,Mozilla/5.0
177864988,2025-11-03T08:13:34.008Z,ep4evr1@yahoo.com,newsletter,everyone,true,NL,,,,,,Mozilla/5.0
177864988,2025-11-03T08:19:37.767Z,cosmo424242@yahoo.com,newsletter,everyone,true,US,,,,,,Mozilla/5.0
177864988,2025-11-03T08:20:21.850Z,spotacus1@gmail.com,newsletter,everyone,true,US,,,,,,Mozilla/5.0
177864988,2025-11-03T08:21:35.259Z,tfcraig1946@gmail.com,newsletter,everyone,true,US,,,,,,Mozilla/5.0
177864988,2025-11-03T08:21:46.274Z,irvingkathryn059@gmail.com,newsletter,everyone,true,US,,,,,,Mozilla/5.0 (Windows NT 5.1; rv:11.0) Gecko Firefox/11.0 (via ggpht.com GoogleImageProxy)
177864988,2025-11-03T08:25:20.143Z,mikeburt51@aol.com,newsletter,everyone,true,NL,,,,,,Mozilla/5.0
177864988,2025-11-03T08:26:25.552Z,irvingkathryn059@gmail.com,newsletter,everyone,true,US,,,,,,Mozilla/5.0 (Windows NT 5.1; rv:11.0) Gecko Firefox/11.0 (via ggpht.com GoogleImageProxy)
177864988,2025-11-03T08:27:57.990Z,irvingkathryn059@gmail.com,newsletter,everyone,true,US,,,,,,Mozilla/5.0 (Windows NT 5.1; rv:11.0) Gecko Firefox/11.0 (via ggpht.com GoogleImageProxy)
177864988,2025-11-03T08:28:02.065Z,irvingkathryn059@gmail.com,newsletter,everyone,true,US,,,,,,Mozilla/5.0 (Windows NT 5.1; rv:11.0) Gecko Firefox/11.0 (via ggpht.com GoogleImageProxy)
177864988,2025-11-03T08:28:02.550Z,irvingkathryn059@gmail.com,newsletter,everyone,true,US,,,,,,Mozilla/5.0 (Windows NT 5.1; rv:11.0) Gecko Firefox/11.0 (via ggpht.com GoogleImageProxy)
177864988,2025-11-03T08:40:15.337Z,brianhudson5280@outlook.com,newsletter,everyone,true,US,,,,,,Mozilla/5.0
177864988,2025-11-03T10:21:10.129Z,spotacus1@gmail.com,newsletter,everyone,true,US,,,,,,Mozilla/5.0
177864988,2025-11-03T10:57:24.645Z,tsoch@me.com,newsletter,everyone,true,NL,,,,,,Mozilla/5.0
177864988,2025-11-03T11:16:53.166Z,dagnaconstenla@yahoo.com,newsletter,everyone,true,US,,,,,,Mozilla/5.0
177864988,2025-11-03T12:20:47.107Z,lorky1@sbcglobal.net,newsletter,everyone,true,NL,,,,,,Mozilla/5.0
177864988,2025-11-03T12:31:23.234Z,brianhudson5280@outlook.com,newsletter,everyone,true,US,,,,,,Mozilla/5.0
177864988,2025-11-03T17:48:56.922Z,jimbucci31@gmail.com,newsletter,everyone,true,US,,,,,,Mozilla/5.0
177864988,2025-11-04T00:44:44.311Z,tfcraig1946@gmail.com,newsletter,everyone,true,US,,,,,,Mozilla/5.0
177864988,2025-11-04T03:02:21.732Z,tfcraig1946@gmail.com,newsletter,everyone,true,US,,,,,,Mozilla/5.0
177864988,2025-11-08T00:19:36.606Z,spotacus1@gmail.com,newsletter,everyone,true,US,,,,,,Mozilla/5.0
