post_id,timestamp,email,post_type,post_audience,active_subscription,country,city,region,device_type,client_os,client_type,user_agent
177976481,2025-11-04T12:30:03.476Z,spotacus1@gmail.com,newsletter,everyone,true,NL,,,,,,Mozilla/5.0
177976481,2025-11-04T12:35:43.712Z,amys51576@gmail.com,newsletter,everyone,true,US,,,,,,Mozilla/5.0 (Windows NT 5.1; rv:11.0) Gecko Firefox/11.0 (via ggpht.com GoogleImageProxy)
177976481,2025-11-04T12:38:31.836Z,ashleympollock@gmail.com,newsletter,everyone,true,US,,,,,,Mozilla/5.0 (Windows NT 5.1; rv:11.0) Gecko Firefox/11.0 (via ggpht.com GoogleImageProxy)
177976481,2025-11-04T12:40:02.354Z,dagnaconstenla@yahoo.com,newsletter,everyone,true,US,,,,,,Mozilla/5.0
177976481,2025-11-04T12:49:21.107Z,mikeburt51@aol.com,newsletter,everyone,true,NL,,,,,,Mozilla/5.0
177976481,2025-11-04T12:54:40.047Z,ep4evr1@yahoo.com,newsletter,everyone,true,NL,,,,,,Mozilla/5.0
177976481,2025-11-04T12:58:14.623Z,brianhudson5280@outlook.com,newsletter,everyone,true,US,,,,,,Mozilla/5.0
177976481,2025-11-04T12:58:49.329Z,ep4evr1@yahoo.com,newsletter,everyone,true,US,,,,,,Mozilla/5.0
177976481,2025-11-04T13:07:08.253Z,dagnaconstenla@yahoo.com,newsletter,everyone,true,US,,,,,,Mozilla/5.0
177976481,2025-11-04T13:16:50.614Z,Lenzinancy@yahoo.com,newsletter,everyone,true,US,,,,,,YahooMailProxy; https://help.yahoo.com/kb/yahoo-mail-proxy-SLN28749.html
177976481,2025-11-04T13:43:39.171Z,brianhudson5280@outlook.com,newsletter,everyone,true,US,,,,,,Mozilla/5.0
177976481,2025-11-04T14:42:47.933Z,jimbucci31@gmail.com,newsletter,everyone,true,US,,,,,,Mozilla/5.0
177976481,2025-11-04T15:58:39.417Z,paraffin44052@yahoo.com,newsletter,everyone,true,NL,,,,,,Mozilla/5.0
177976481,2025-11-04T16:06:59.376Z,tfcraig1946@gmail.com,newsletter,everyone,true,US,,,,,,Mozilla/5.0
177976481,2025-11-04T22:31:17.099Z,prahamama911@gmail.com,newsletter,everyone,true,US,,,,,,"Mozilla/5.0 (Macintosh; Intel Mac OS X 10_15_7) AppleWebKit/605.1.15 (KHTML, like Gecko)"
177976481,2025-11-04T22:44:17.687Z,cosmo424242@yahoo.com,newsletter,everyone,true,US,,,,,,Mozilla/5.0
177976481,2025-11-05T04:39:06.262Z,mhduffy@outlook.com,newsletter,everyone,true,US,,,,,,Mozilla/5.0
177976481,2025-11-05T19:10:14.675Z,lorky1@sbcglobal.net,newsletter,everyone,true,US,,,,,,Mozilla/5.0
177976481,2025-11-06T03:37:56.204Z,tfcraig1946@gmail.com,newsletter,everyone,true,US,,,,,,Mozilla/5.0
177976481,2025-11-06T13:35:58.093Z,mrkimnmobile@gmail.com,newsletter,everyone,true,US,,,,,,Mozilla/5.0 (Windows NT 5.1; rv:11.0) Gecko Firefox/11.0 (via ggpht.com GoogleImageProxy)
177976481,2025-11-07T13:41:10.271Z,mrkimnmobile@gmail.com,newsletter,everyone,true,US,,,,,,Mozilla/5.0 (Windows NT 5.1; rv:11.0) Gecko Firefox/11.0 (via ggpht.com GoogleImageProxy)
