post_id,timestamp,email,post_type,post_audience,active_subscription
177976481,2025-11-04T12:29:25.059Z,noche1alpha@gmail.com,newsletter,everyone,false
177976481,2025-11-04T12:29:25.904Z,tfcraig1946@gmail.com,newsletter,everyone,true
177976481,2025-11-04T12:29:25.999Z,noratomlinson@gmail.com,newsletter,everyone,true
177976481,2025-11-04T12:29:26.075Z,savage85719@gmail.com,newsletter,everyone,true
177976481,2025-11-04T12:29:26.127Z,martinlarcan60@gmail.com,newsletter,everyone,true
177976481,2025-11-04T12:29:26.132Z,dagnaconstenla@yahoo.com,newsletter,everyone,true
177976481,2025-11-04T12:29:26.319Z,Marykatri55@gmail.com,newsletter,everyone,true
177976481,2025-11-04T12:29:26.397Z,Blairsmith0505@gmail.com,newsletter,everyone,false
177976481,2025-11-04T12:29:26.547Z,kksearer.6162@gmail.com,newsletter,everyone,true
177976481,2025-11-04T12:29:26.639Z,richardapanzer82@gmail.com,newsletter,everyone,true
177976481,2025-11-04T12:29:26.761Z,prahamama911@gmail.com,newsletter,everyone,true
177976481,2025-11-04T12:29:26.933Z,rizzatas@yahoo.com,newsletter,everyone,true
177976481,2025-11-04T12:29:27.155Z,spotacus1@gmail.com,newsletter,everyone,true
177976481,2025-11-04T12:29:27.337Z,loraross@hotmail.com,newsletter,everyone,true
177976481,2025-11-04T12:29:27.406Z,cosmo424242@yahoo.com,newsletter,everyone,true
177976481,2025-11-04T12:29:27.487Z,acktrisha@gmail.com,newsletter,everyone,true
177976481,2025-11-04T12:29:27.528Z,lynnk2c@yahoo.com,newsletter,everyone,true
177976481,2025-11-04T12:29:27.563Z,kmcaleer@msn.com,newsletter,everyone,true
177976481,2025-11-04T12:29:27.572Z,mikeburt51@aol.com,newsletter,everyone,true
177976481,2025-11-04T12:29:27.612Z,murdocksw@gmail.com,newsletter,everyone,true
177976481,2025-11-04T12:29:27.768Z,profornery@gmail.com,newsletter,everyone,true
177976481,2025-11-04T12:29:27.776Z,joe.simari@softchoice.com,newsletter,everyone,true
177976481,2025-11-04T12:29:27.812Z,jjuarezz714@gmail.com,newsletter,everyone,true
177976481,2025-11-04T12:29:27.901Z,paraffin44052@yahoo.com,newsletter,everyone,true
177976481,2025-11-04T12:29:28.012Z,amys51576@gmail.com,newsletter,everyone,true
177976481,2025-11-04T12:29:28.037Z,maichrye@hotmail.com,newsletter,everyone,true
177976481,2025-11-04T12:29:28.049Z,sentac@msn.com,newsletter,everyone,true
177976481,2025-11-04T12:29:28.065Z,mgallas32@gmail.com,newsletter,everyone,true
177976481,2025-11-04T12:29:28.096Z,ashleympollock@gmail.com,newsletter,everyone,true
177976481,2025-11-04T12:29:28.193Z,Eighteenwheels4581@gmail.com,newsletter,everyone,true
177976481,2025-11-04T12:29:28.306Z,mcfvpk@gmail.com,newsletter,everyone,true
177976481,2025-11-04T12:29:28.328Z,jekerr2@gmail.com,newsletter,everyone,true
177976481,2025-11-04T12:29:28.391Z,buster11860@yahoo.com,newsletter,everyone,true
177976481,2025-11-04T12:29:28.478Z,geigenbrod@gmail.com,newsletter,everyone,true
177976481,2025-11-04T12:29:28.482Z,lorky1@sbcglobal.net,newsletter,everyone,true
177976481,2025-11-04T12:29:28.489Z,foureverfitness@yahoo.com,newsletter,everyone,true
177976481,2025-11-04T12:29:28.492Z,joannehilden@yahoo.com,newsletter,everyone,true
177976481,2025-11-04T12:29:28.509Z,weiser99@hotmail.com,newsletter,everyone,true
177976481,2025-11-04T12:29:28.530Z,jimbucci31@gmail.com,newsletter,everyone,true
177976481,2025-11-04T12:29:28.546Z,brianhudson5280@outlook.com,newsletter,everyone,true
177976481,2025-11-04T12:29:28.554Z,bethtab55@yahoo.com,newsletter,everyone,true
177976481,2025-11-04T12:29:28.592Z,MABOYERCPA@aol.com,newsletter,everyone,true
177976481,2025-11-04T12:29:28.876Z,mhduffy@outlook.com,newsletter,everyone,true
177976481,2025-11-04T12:29:28.979Z,mrkimnmobile@gmail.com,newsletter,everyone,true
177976481,2025-11-04T12:29:29.125Z,Lenzinancy@yahoo.com,newsletter,everyone,true
177976481,2025-11-04T12:29:29.308Z,ep4evr1@yahoo.com,newsletter,everyone,true
177976481,2025-11-04T12:29:29.570Z,gpurves@comcast.net,newsletter,everyone,true
177976481,2025-11-04T12:29:30.289Z,tsoch@me.com,newsletter,everyone,true
177976481,2025-11-04T12:29:31.645Z,11_orrery_lime@icloud.com,newsletter,everyone,true
177976481,2025-11-04T12:29:31.883Z,g_moore@live.com,newsletter,everyone,true
177976481,2025-11-04T12:29:33.700Z,schafer1@gondtc.com,newsletter,everyone,true
