post_id,timestamp,email,post_type,post_audience,active_subscription
177971511,2025-11-04T10:58:20.090Z,noche1alpha@gmail.com,newsletter,everyone,false
177971511,2025-11-04T10:58:20.235Z,martinlarcan60@gmail.com,newsletter,everyone,true
177971511,2025-11-04T10:58:20.237Z,Blairsmith0505@gmail.com,newsletter,everyone,false
177971511,2025-11-04T10:58:20.245Z,tfcraig1946@gmail.com,newsletter,everyone,true
177971511,2025-11-04T10:58:20.619Z,tsoch@me.com,newsletter,everyone,true
177971511,2025-11-04T10:58:20.685Z,noratomlinson@gmail.com,newsletter,everyone,true
177971511,2025-11-04T10:58:20.715Z,Marykatri55@gmail.com,newsletter,everyone,true
177971511,2025-11-04T10:58:20.811Z,profornery@gmail.com,newsletter,everyone,true
177971511,2025-11-04T10:58:20.821Z,richardapanzer82@gmail.com,newsletter,everyone,true
177971511,2025-11-04T10:58:21.006Z,kksearer.6162@gmail.com,newsletter,everyone,true
177971511,2025-11-04T10:58:21.132Z,savage85719@gmail.com,newsletter,everyone,true
177971511,2025-11-04T10:58:21.174Z,loraross@hotmail.com,newsletter,everyone,true
177971511,2025-11-04T10:58:21.343Z,spotacus1@gmail.com,newsletter,everyone,true
177971511,2025-11-04T10:58:21.381Z,rizzatas@yahoo.com,newsletter,everyone,true
177971511,2025-11-04T10:58:21.494Z,mikeburt51@aol.com,newsletter,everyone,true
177971511,2025-11-04T10:58:21.597Z,prahamama911@gmail.com,newsletter,everyone,true
177971511,2025-11-04T10:58:21.670Z,paraffin44052@yahoo.com,newsletter,everyone,true
177971511,2025-11-04T10:58:21.684Z,joannehilden@yahoo.com,newsletter,everyone,true
177971511,2025-11-04T10:58:21.835Z,dagnaconstenla@yahoo.com,newsletter,everyone,true
177971511,2025-11-04T10:58:21.872Z,mhduffy@outlook.com,newsletter,everyone,true
177971511,2025-11-04T10:58:21.984Z,lynnk2c@yahoo.com,newsletter,everyone,true
177971511,2025-11-04T10:58:22.043Z,jekerr2@gmail.com,newsletter,everyone,true
177971511,2025-11-04T10:58:22.090Z,joe.simari@softchoice.com,newsletter,everyone,true
177971511,2025-11-04T10:58:22.092Z,jjuarezz714@gmail.com,newsletter,everyone,true
177971511,2025-11-04T10:58:22.103Z,ashleympollock@gmail.com,newsletter,everyone,true
177971511,2025-11-04T10:58:22.196Z,mrkimnmobile@gmail.com,newsletter,everyone,true
177971511,2025-11-04T10:58:22.325Z,jimbucci31@gmail.com,newsletter,everyone,true
177971511,2025-11-04T10:58:22.364Z,MABOYERCPA@aol.com,newsletter,everyone,true
177971511,2025-11-04T10:58:22.368Z,geigenbrod@gmail.com,newsletter,everyone,true
177971511,2025-11-04T10:58:22.373Z,mgallas32@gmail.com,newsletter,everyone,true
177971511,2025-11-04T10:58:22.733Z,murdocksw@gmail.com,newsletter,everyone,true
177971511,2025-11-04T10:58:22.799Z,g_moore@live.com,newsletter,everyone,true
177971511,2025-11-04T10:58:22.832Z,cosmo424242@yahoo.com,newsletter,everyone,true
177971511,2025-11-04T10:58:22.885Z,amys51576@gmail.com,newsletter,everyone,true
177971511,2025-11-04T10:58:22.950Z,maichrye@hotmail.com,newsletter,everyone,true
177971511,2025-11-04T10:58:22.977Z,mcfvpk@gmail.com,newsletter,everyone,true
177971511,2025-11-04T10:58:22.989Z,ep4evr1@yahoo.com,newsletter,everyone,true
177971511,2025-11-04T10:58:23.031Z,buster11860@yahoo.com,newsletter,everyone,true
177971511,2025-11-04T10:58:23.236Z,gpurves@comcast.net,newsletter,everyone,true
177971511,2025-11-04T10:58:23.246Z,Lenzinancy@yahoo.com,newsletter,everyone,true
177971511,2025-11-04T10:58:23.380Z,acktrisha@gmail.com,newsletter,everyone,true
177971511,2025-11-04T10:58:23.577Z,Eighteenwheels4581@gmail.com,newsletter,everyone,true
177971511,2025-11-04T10:58:23.631Z,foureverfitness@yahoo.com,newsletter,everyone,true
177971511,2025-11-04T10:58:23.771Z,bethtab55@yahoo.com,newsletter,everyone,true
177971511,2025-11-04T10:58:23.824Z,lorky1@sbcglobal.net,newsletter,everyone,true
177971511,2025-11-04T10:58:23.827Z,kmcaleer@msn.com,newsletter,everyone,true
177971511,2025-11-04T10:58:23.893Z,sentac@msn.com,newsletter,everyone,true
177971511,2025-11-04T10:58:23.971Z,weiser99@hotmail.com,newsletter,everyone,true
177971511,2025-11-04T10:58:24.095Z,brianhudson5280@outlook.com,newsletter,everyone,true
177971511,2025-11-04T10:58:24.558Z,11_orrery_lime@icloud.com,newsletter,everyone,true
177971511,2025-11-04T10:58:28.309Z,schafer1@gondtc.com,newsletter,everyone,true
