post_id,timestamp,email,post_type,post_audience,active_subscription,country,city,region,device_type,client_os,client_type,user_agent
177971511,2025-11-04T10:59:25.185Z,amys51576@gmail.com,newsletter,everyone,true,US,,,,,,Mozilla/5.0 (Windows NT 5.1; rv:11.0) Gecko Firefox/11.0 (via ggpht.com GoogleImageProxy)
177971511,2025-11-04T11:01:46.818Z,spotacus1@gmail.com,newsletter,everyone,true,NL,,,,,,Mozilla/5.0
177971511,2025-11-04T11:11:34.330Z,brianhudson5280@outlook.com,newsletter,everyone,true,US,,,,,,Mozilla/5.0
177971511,2025-11-04T11:18:05.088Z,tfcraig1946@gmail.com,newsletter,everyone,true,US,,,,,,Mozilla/5.0
177971511,2025-11-04T11:22:42.497Z,ep4evr1@yahoo.com,newsletter,everyone,true,US,,,,,,Mozilla/5.0
177971511,2025-11-04T11:27:46.100Z,cosmo424242@yahoo.com,newsletter,everyone,true,US,,,,,,Mozilla/5.0
177971511,2025-11-04T11:30:40.786Z,joannehilden@yahoo.com,newsletter,everyone,true,US,,,,,,Mozilla/5.0
177971511,2025-11-04T11:31:21.508Z,dagnaconstenla@yahoo.com,newsletter,everyone,true,US,,,,,,Mozilla/5.0
177971511,2025-11-04T11:44:31.037Z,ep4evr1@yahoo.com,newsletter,everyone,true,NL,,,,,,Mozilla/5.0
177971511,2025-11-04T12:20:42.245Z,jimbucci31@gmail.com,newsletter,everyone,true,US,,,,,,Mozilla/5.0
177971511,2025-11-04T12:47:21.624Z,dagnaconstenla@yahoo.com,newsletter,everyone,true,US,,,,,,Mozilla/5.0
177971511,2025-11-04T13:29:17.547Z,kksearer.6162@gmail.com,newsletter,everyone,true,US,,,,,,Mozilla/5.0 (Windows NT 5.1; rv:11.0) Gecko Firefox/11.0 (via ggpht.com GoogleImageProxy)
177971511,2025-11-04T13:43:44.164Z,brianhudson5280@outlook.com,newsletter,everyone,true,US,,,,,,Mozilla/5.0
177971511,2025-11-04T22:09:09.131Z,prahamama911@gmail.com,newsletter,everyone,true,US,,,,,,"Mozilla/5.0 (Macintosh; Intel Mac OS X 10_15_7) AppleWebKit/605.1.15 (KHTML, like Gecko)"
177971511,2025-11-05T03:05:00.870Z,spotacus1@gmail.com,newsletter,everyone,true,US,,,,,,Mozilla/5.0
177971511,2025-11-05T04:39:06.262Z,mhduffy@outlook.com,newsletter,everyone,true,US,,,,,,Mozilla/5.0
177971511,2025-11-05T19:10:14.685Z,lorky1@sbcglobal.net,newsletter,everyone,true,US,,,,,,Mozilla/5.0
177971511,2025-11-05T21:20:12.530Z,tfcraig1946@gmail.com,newsletter,everyone,true,US,,,,,,Mozilla/5.0
177971511,2025-11-06T13:35:28.278Z,mrkimnmobile@gmail.com,newsletter,everyone,true,US,,,,,,Mozilla/5.0 (Windows NT 5.1; rv:11.0) Gecko Firefox/11.0 (via ggpht.com GoogleImageProxy)
177971511,2025-11-07T13:41:11.505Z,mrkimnmobile@gmail.com,newsletter,everyone,true,US,,,,,,Mozilla/5.0 (Windows NT 5.1; rv:11.0) Gecko Firefox/11.0 (via ggpht.com GoogleImageProxy)
177971511,2025-11-08T01:05:35.933Z,spotacus1@gmail.com,newsletter,everyone,true,US,,,,,,Mozilla/5.0
