post_id,timestamp,email,post_type,post_audience,active_subscription
178072117,2025-11-05T11:52:59.864Z,murdocksw@gmail.com,newsletter,everyone,true
178072117,2025-11-05T11:52:59.918Z,martinlarcan60@gmail.com,newsletter,everyone,true
178072117,2025-11-05T11:53:00.040Z,kmcaleer@msn.com,newsletter,everyone,true
178072117,2025-11-05T11:53:00.088Z,noche1alpha@gmail.com,newsletter,everyone,false
178072117,2025-11-05T11:53:00.198Z,Blairsmith0505@gmail.com,newsletter,everyone,false
178072117,2025-11-05T11:53:00.372Z,amys51576@gmail.com,newsletter,everyone,true
178072117,2025-11-05T11:53:00.376Z,acktrisha@gmail.com,newsletter,everyone,true
178072117,2025-11-05T11:53:00.399Z,noratomlinson@gmail.com,newsletter,everyone,true
178072117,2025-11-05T11:53:00.407Z,weiser99@hotmail.com,newsletter,everyone,true
178072117,2025-11-05T11:53:00.469Z,joe.simari@softchoice.com,newsletter,everyone,true
178072117,2025-11-05T11:53:00.490Z,jekerr2@gmail.com,newsletter,everyone,true
178072117,2025-11-05T11:53:00.589Z,gpurves@comcast.net,newsletter,everyone,true
178072117,2025-11-05T11:53:00.596Z,geigenbrod@gmail.com,newsletter,everyone,true
178072117,2025-11-05T11:53:00.626Z,ep4evr1@yahoo.com,newsletter,everyone,true
178072117,2025-11-05T11:53:00.634Z,paraffin44052@yahoo.com,newsletter,everyone,true
178072117,2025-11-05T11:53:00.661Z,ashleympollock@gmail.com,newsletter,everyone,true
178072117,2025-11-05T11:53:00.670Z,mcfvpk@gmail.com,newsletter,everyone,true
178072117,2025-11-05T11:53:00.671Z,spotacus1@gmail.com,newsletter,everyone,true
178072117,2025-11-05T11:53:00.741Z,jjuarezz714@gmail.com,newsletter,everyone,true
178072117,2025-11-05T11:53:00.789Z,savage85719@gmail.com,newsletter,everyone,true
178072117,2025-11-05T11:53:00.797Z,buster11860@yahoo.com,newsletter,everyone,true
178072117,2025-11-05T11:53:00.809Z,richardapanzer82@gmail.com,newsletter,everyone,true
178072117,2025-11-05T11:53:00.822Z,Marykatri55@gmail.com,newsletter,everyone,true
178072117,2025-11-05T11:53:00.858Z,kksearer.6162@gmail.com,newsletter,everyone,true
178072117,2025-11-05T11:53:00.952Z,mgallas32@gmail.com,newsletter,everyone,true
178072117,2025-11-05T11:53:00.982Z,brianhudson5280@outlook.com,newsletter,everyone,true
178072117,2025-11-05T11:53:00.989Z,profornery@gmail.com,newsletter,everyone,true
178072117,2025-11-05T11:53:01.021Z,dagnaconstenla@yahoo.com,newsletter,everyone,true
178072117,2025-11-05T11:53:01.023Z,tsoch@me.com,newsletter,everyone,true
178072117,2025-11-05T11:53:01.083Z,cosmo424242@yahoo.com,newsletter,everyone,true
178072117,2025-11-05T11:53:01.124Z,tfcraig1946@gmail.com,newsletter,everyone,true
178072117,2025-11-05T11:53:01.130Z,Eighteenwheels4581@gmail.com,newsletter,everyone,true
178072117,2025-11-05T11:53:01.139Z,prahamama911@gmail.com,newsletter,everyone,true
178072117,2025-11-05T11:53:01.158Z,foureverfitness@yahoo.com,newsletter,everyone,true
178072117,2025-11-05T11:53:01.193Z,mhduffy@outlook.com,newsletter,everyone,true
178072117,2025-11-05T11:53:01.257Z,joannehilden@yahoo.com,newsletter,everyone,true
178072117,2025-11-05T11:53:01.318Z,lorky1@sbcglobal.net,newsletter,everyone,true
178072117,2025-11-05T11:53:01.347Z,bethtab55@yahoo.com,newsletter,everyone,true
178072117,2025-11-05T11:53:01.355Z,mrkimnmobile@gmail.com,newsletter,everyone,true
178072117,2025-11-05T11:53:01.390Z,loraross@hotmail.com,newsletter,everyone,true
178072117,2025-11-05T11:53:01.418Z,jimbucci31@gmail.com,newsletter,everyone,true
178072117,2025-11-05T11:53:01.682Z,rizzatas@yahoo.com,newsletter,everyone,true
178072117,2025-11-05T11:53:01.696Z,mikeburt51@aol.com,newsletter,everyone,true
178072117,2025-11-05T11:53:01.739Z,lynnk2c@yahoo.com,newsletter,everyone,true
178072117,2025-11-05T11:53:01.860Z,MABOYERCPA@aol.com,newsletter,everyone,true
178072117,2025-11-05T11:53:02.474Z,maichrye@hotmail.com,newsletter,everyone,true
178072117,2025-11-05T11:53:03.163Z,sentac@msn.com,newsletter,everyone,true
178072117,2025-11-05T11:53:03.292Z,g_moore@live.com,newsletter,everyone,true
178072117,2025-11-05T11:53:04.328Z,11_orrery_lime@icloud.com,newsletter,everyone,true
178072117,2025-11-05T11:53:06.245Z,schafer1@gondtc.com,newsletter,everyone,true
