post_id,timestamp,email,post_type,post_audience,active_subscription,country,city,region,device_type,client_os,client_type,user_agent
178072117,2025-11-05T11:55:16.357Z,Blairsmith0505@gmail.com,newsletter,everyone,false,US,,,,,,Mozilla/5.0 (Windows NT 5.1; rv:11.0) Gecko Firefox/11.0 (via ggpht.com GoogleImageProxy)
178072117,2025-11-05T11:56:30.917Z,amys51576@gmail.com,newsletter,everyone,true,US,,,,,,Mozilla/5.0 (Windows NT 5.1; rv:11.0) Gecko Firefox/11.0 (via ggpht.com GoogleImageProxy)
178072117,2025-11-05T12:08:18.174Z,mikeburt51@aol.com,newsletter,everyone,true,NL,,,,,,Mozilla/5.0
178072117,2025-11-05T12:11:12.138Z,brianhudson5280@outlook.com,newsletter,everyone,true,US,,,,,,Mozilla/5.0
178072117,2025-11-05T12:13:08.666Z,dagnaconstenla@yahoo.com,newsletter,everyone,true,US,,,,,,Mozilla/5.0
178072117,2025-11-05T12:14:23.123Z,spotacus1@gmail.com,newsletter,everyone,true,US,,,,,,Mozilla/5.0
178072117,2025-11-05T12:26:29.169Z,jimbucci31@gmail.com,newsletter,everyone,true,US,,,,,,Mozilla/5.0
178072117,2025-11-05T12:29:53.891Z,tfcraig1946@gmail.com,newsletter,everyone,true,US,,,,,,Mozilla/5.0
178072117,2025-11-05T12:29:55.076Z,ep4evr1@yahoo.com,newsletter,everyone,true,US,,,,,,Mozilla/5.0
178072117,2025-11-05T13:00:59.975Z,paraffin44052@yahoo.com,newsletter,everyone,true,NL,,,,,,Mozilla/5.0
178072117,2025-11-05T15:12:15.443Z,savage85719@gmail.com,newsletter,everyone,true,US,,,,,,Mozilla/5.0 (Windows NT 5.1; rv:11.0) Gecko Firefox/11.0 (via ggpht.com GoogleImageProxy)
178072117,2025-11-05T18:41:17.455Z,ep4evr1@yahoo.com,newsletter,everyone,true,US,,,,,,Mozilla/5.0
178072117,2025-11-05T19:55:46.121Z,lorky1@sbcglobal.net,newsletter,everyone,true,NL,,,,,,Mozilla/5.0
178072117,2025-11-05T20:26:16.720Z,cosmo424242@yahoo.com,newsletter,everyone,true,US,,,,,,Mozilla/5.0
178072117,2025-11-05T22:49:03.801Z,brianhudson5280@outlook.com,newsletter,everyone,true,US,,,,,,Mozilla/5.0
178072117,2025-11-05T23:53:00.440Z,joannehilden@yahoo.com,newsletter,everyone,true,US,,,,,,Mozilla/5.0
178072117,2025-11-06T03:13:05.887Z,dagnaconstenla@yahoo.com,newsletter,everyone,true,US,,,,,,Mozilla/5.0
178072117,2025-11-06T12:19:56.093Z,dagnaconstenla@yahoo.com,newsletter,everyone,true,US,,,,,,Mozilla/5.0
178072117,2025-11-06T12:22:52.224Z,dagnaconstenla@yahoo.com,newsletter,everyone,true,US,,,,,,Mozilla/5.0
178072117,2025-11-06T12:24:19.619Z,dagnaconstenla@yahoo.com,newsletter,everyone,true,US,,,,,,Mozilla/5.0
178072117,2025-11-06T13:35:58.097Z,mrkimnmobile@gmail.com,newsletter,everyone,true,US,,,,,,Mozilla/5.0 (Windows NT 5.1; rv:11.0) Gecko Firefox/11.0 (via ggpht.com GoogleImageProxy)
178072117,2025-11-07T12:55:51.679Z,dagnaconstenla@yahoo.com,newsletter,everyone,true,US,,,,,,YahooMailProxy; https://help.yahoo.com/kb/yahoo-mail-proxy-SLN28749.html
178072117,2025-11-07T13:40:58.210Z,mrkimnmobile@gmail.com,newsletter,everyone,true,US,,,,,,Mozilla/5.0 (Windows NT 5.1; rv:11.0) Gecko Firefox/11.0 (via ggpht.com GoogleImageProxy)
178072117,2025-11-09T13:36:19.045Z,tfcraig1946@gmail.com,newsletter,everyone,true,US,,,,,,Mozilla/5.0
