post_id,timestamp,email,post_type,post_audience,active_subscription,country,city,region,device_type,client_os,client_type,user_agent
178176635,2025-11-06T13:46:06.570Z,amys51576@gmail.com,newsletter,everyone,true,US,,,,,,Mozilla/5.0 (Windows NT 5.1; rv:11.0) Gecko Firefox/11.0 (via ggpht.com GoogleImageProxy)
178176635,2025-11-06T13:49:21.723Z,brianhudson5280@outlook.com,newsletter,everyone,true,US,,,,,,Mozilla/5.0
178176635,2025-11-06T13:55:20.356Z,dagnaconstenla@yahoo.com,newsletter,everyone,true,US,,,,,,Mozilla/5.0
178176635,2025-11-06T14:06:13.625Z,spotacus1@gmail.com,newsletter,everyone,true,NL,,,,,,Mozilla/5.0
178176635,2025-11-06T14:10:02.544Z,ep4evr1@yahoo.com,newsletter,everyone,true,US,,,,,,Mozilla/5.0
178176635,2025-11-06T14:54:14.913Z,Eighteenwheels4581@gmail.com,newsletter,everyone,true,US,,,,,,Mozilla/5.0 (Windows NT 5.1; rv:11.0) Gecko Firefox/11.0 (via ggpht.com GoogleImageProxy)
178176635,2025-11-06T15:30:47.832Z,ashleympollock@gmail.com,newsletter,everyone,true,US,,,,,,Mozilla/5.0 (Windows NT 5.1; rv:11.0) Gecko Firefox/11.0 (via ggpht.com GoogleImageProxy)
178176635,2025-11-06T15:33:04.881Z,dagnaconstenla@yahoo.com,newsletter,everyone,true,US,,,,,,Mozilla/5.0
178176635,2025-11-06T16:13:07.651Z,jimbucci31@gmail.com,newsletter,everyone,true,US,,,,,,Mozilla/5.0
178176635,2025-11-06T17:52:37.708Z,brianhudson5280@outlook.com,newsletter,everyone,true,US,,,,,,Mozilla/5.0
178176635,2025-11-06T17:53:39.307Z,spotacus1@gmail.com,newsletter,everyone,true,US,,,,,,Mozilla/5.0
178176635,2025-11-06T18:36:55.024Z,lorky1@sbcglobal.net,newsletter,everyone,true,US,,,,,,Mozilla/5.0
178176635,2025-11-06T20:20:54.526Z,prahamama911@gmail.com,newsletter,everyone,true,US,,,,,,"Mozilla/5.0 (Macintosh; Intel Mac OS X 10_15_7) AppleWebKit/605.1.15 (KHTML, like Gecko)"
178176635,2025-11-06T20:47:16.496Z,dagnaconstenla@yahoo.com,newsletter,everyone,true,US,,,,,,Mozilla/5.0
178176635,2025-11-06T21:39:53.878Z,cosmo424242@yahoo.com,newsletter,everyone,true,NL,,,,,,Mozilla/5.0
178176635,2025-11-06T23:15:29.080Z,tfcraig1946@gmail.com,newsletter,everyone,true,NL,,,,,,Mozilla/5.0
178176635,2025-11-07T13:26:41.079Z,mrkimnmobile@gmail.com,newsletter,everyone,true,US,,,,,,Mozilla/5.0 (Windows NT 5.1; rv:11.0) Gecko Firefox/11.0 (via ggpht.com GoogleImageProxy)
178176635,2025-11-10T17:08:44.913Z,acktrisha@gmail.com,newsletter,everyone,true,US,,,,,,Mozilla/5.0 (Windows NT 5.1; rv:11.0) Gecko Firefox/11.0 (via ggpht.com GoogleImageProxy)
178176635,2025-11-10T20:16:24.164Z,ashleympollock@gmail.com,newsletter,everyone,true,US,,,,,,Mozilla/5.0 (Windows NT 5.1; rv:11.0) Gecko Firefox/11.0 (via ggpht.com GoogleImageProxy)
178176635,2025-11-12T23:21:33.315Z,tfcraig1946@gmail.com,newsletter,everyone,true,US,,,,,,Mozilla/5.0
178176635,2025-11-18T00:37:09.161Z,mcfvpk@gmail.com,newsletter,everyone,true,NL,,,,,,Mozilla/5.0
