post_id,timestamp,email,post_type,post_audience,active_subscription
178176635,2025-11-06T13:44:00.960Z,noche1alpha@gmail.com,newsletter,everyone,false
178176635,2025-11-06T13:44:03.008Z,noratomlinson@gmail.com,newsletter,everyone,true
178176635,2025-11-06T13:44:03.068Z,Blairsmith0505@gmail.com,newsletter,everyone,false
178176635,2025-11-06T13:44:03.468Z,profornery@gmail.com,newsletter,everyone,true
178176635,2025-11-06T13:44:03.485Z,savage85719@gmail.com,newsletter,everyone,true
178176635,2025-11-06T13:44:03.496Z,martinlarcan60@gmail.com,newsletter,everyone,true
178176635,2025-11-06T13:44:03.501Z,Marykatri55@gmail.com,newsletter,everyone,true
178176635,2025-11-06T13:44:03.511Z,prahamama911@gmail.com,newsletter,everyone,true
178176635,2025-11-06T13:44:03.551Z,richardapanzer82@gmail.com,newsletter,everyone,true
178176635,2025-11-06T13:44:03.720Z,dagnaconstenla@yahoo.com,newsletter,everyone,true
178176635,2025-11-06T13:44:03.899Z,tfcraig1946@gmail.com,newsletter,everyone,true
178176635,2025-11-06T13:44:04.150Z,kksearer.6162@gmail.com,newsletter,everyone,true
178176635,2025-11-06T13:44:04.184Z,spotacus1@gmail.com,newsletter,everyone,true
178176635,2025-11-06T13:44:04.508Z,lynnk2c@yahoo.com,newsletter,everyone,true
178176635,2025-11-06T13:44:04.969Z,Eighteenwheels4581@gmail.com,newsletter,everyone,true
178176635,2025-11-06T13:44:05.105Z,acktrisha@gmail.com,newsletter,everyone,true
178176635,2025-11-06T13:44:05.191Z,rizzatas@yahoo.com,newsletter,everyone,true
178176635,2025-11-06T13:44:05.238Z,jjuarezz714@gmail.com,newsletter,everyone,true
178176635,2025-11-06T13:44:05.266Z,joe.simari@softchoice.com,newsletter,everyone,true
178176635,2025-11-06T13:44:05.316Z,paraffin44052@yahoo.com,newsletter,everyone,true
178176635,2025-11-06T13:44:05.328Z,murdocksw@gmail.com,newsletter,everyone,true
178176635,2025-11-06T13:44:05.378Z,mgallas32@gmail.com,newsletter,everyone,true
178176635,2025-11-06T13:44:05.457Z,weiser99@hotmail.com,newsletter,everyone,true
178176635,2025-11-06T13:44:05.484Z,mcfvpk@gmail.com,newsletter,everyone,true
178176635,2025-11-06T13:44:05.498Z,ashleympollock@gmail.com,newsletter,everyone,true
178176635,2025-11-06T13:44:05.504Z,amys51576@gmail.com,newsletter,everyone,true
178176635,2025-11-06T13:44:05.506Z,cosmo424242@yahoo.com,newsletter,everyone,true
178176635,2025-11-06T13:44:05.529Z,jekerr2@gmail.com,newsletter,everyone,true
178176635,2025-11-06T13:44:05.561Z,kmcaleer@msn.com,newsletter,everyone,true
178176635,2025-11-06T13:44:05.568Z,mrkimnmobile@gmail.com,newsletter,everyone,true
178176635,2025-11-06T13:44:05.780Z,MABOYERCPA@aol.com,newsletter,everyone,true
178176635,2025-11-06T13:44:05.859Z,loraross@hotmail.com,newsletter,everyone,true
178176635,2025-11-06T13:44:05.873Z,mikeburt51@aol.com,newsletter,everyone,true
178176635,2025-11-06T13:44:05.910Z,g_moore@live.com,newsletter,everyone,true
178176635,2025-11-06T13:44:06.011Z,joannehilden@yahoo.com,newsletter,everyone,true
178176635,2025-11-06T13:44:06.067Z,sentac@msn.com,newsletter,everyone,true
178176635,2025-11-06T13:44:06.173Z,maichrye@hotmail.com,newsletter,everyone,true
178176635,2025-11-06T13:44:06.231Z,foureverfitness@yahoo.com,newsletter,everyone,true
178176635,2025-11-06T13:44:06.300Z,brianhudson5280@outlook.com,newsletter,everyone,true
178176635,2025-11-06T13:44:06.493Z,jimbucci31@gmail.com,newsletter,everyone,true
178176635,2025-11-06T13:44:06.693Z,buster11860@yahoo.com,newsletter,everyone,true
178176635,2025-11-06T13:44:06.719Z,geigenbrod@gmail.com,newsletter,everyone,true
178176635,2025-11-06T13:44:06.768Z,lorky1@sbcglobal.net,newsletter,everyone,true
178176635,2025-11-06T13:44:06.875Z,tsoch@me.com,newsletter,everyone,true
178176635,2025-11-06T13:44:06.883Z,mhduffy@outlook.com,newsletter,everyone,true
178176635,2025-11-06T13:44:06.962Z,gpurves@comcast.net,newsletter,everyone,true
178176635,2025-11-06T13:44:07.017Z,ep4evr1@yahoo.com,newsletter,everyone,true
178176635,2025-11-06T13:44:07.104Z,bethtab55@yahoo.com,newsletter,everyone,true
178176635,2025-11-06T13:44:11.617Z,schafer1@gondtc.com,newsletter,everyone,true
178176635,2025-11-06T13:44:12.069Z,11_orrery_lime@icloud.com,newsletter,everyone,true
