post_id,timestamp,email,post_type,post_audience,active_subscription
178260782,2025-11-07T11:10:42.883Z,richardapanzer82@gmail.com,newsletter,everyone,true
178260782,2025-11-07T11:10:42.908Z,Marykatri55@gmail.com,newsletter,everyone,true
178260782,2025-11-07T11:10:42.911Z,kksearer.6162@gmail.com,newsletter,everyone,true
178260782,2025-11-07T11:10:43.063Z,lynnk2c@yahoo.com,newsletter,everyone,true
178260782,2025-11-07T11:10:43.095Z,dagnaconstenla@yahoo.com,newsletter,everyone,true
178260782,2025-11-07T11:10:43.151Z,murdocksw@gmail.com,newsletter,everyone,true
178260782,2025-11-07T11:10:43.176Z,rizzatas@yahoo.com,newsletter,everyone,true
178260782,2025-11-07T11:10:43.210Z,mhduffy@outlook.com,newsletter,everyone,true
178260782,2025-11-07T11:10:43.259Z,prahamama911@gmail.com,newsletter,everyone,true
178260782,2025-11-07T11:10:43.279Z,noche1alpha@gmail.com,newsletter,everyone,false
178260782,2025-11-07T11:10:43.403Z,joannehilden@yahoo.com,newsletter,everyone,true
178260782,2025-11-07T11:10:43.478Z,spotacus1@gmail.com,newsletter,everyone,true
178260782,2025-11-07T11:10:43.504Z,noratomlinson@gmail.com,newsletter,everyone,true
178260782,2025-11-07T11:10:43.509Z,jjuarezz714@gmail.com,newsletter,everyone,true
178260782,2025-11-07T11:10:43.513Z,martinlarcan60@gmail.com,newsletter,everyone,true
178260782,2025-11-07T11:10:43.552Z,Eighteenwheels4581@gmail.com,newsletter,everyone,true
178260782,2025-11-07T11:10:43.581Z,savage85719@gmail.com,newsletter,everyone,true
178260782,2025-11-07T11:10:43.589Z,tfcraig1946@gmail.com,newsletter,everyone,true
178260782,2025-11-07T11:10:43.621Z,acktrisha@gmail.com,newsletter,everyone,true
178260782,2025-11-07T11:10:43.745Z,profornery@gmail.com,newsletter,everyone,true
178260782,2025-11-07T11:10:43.802Z,paraffin44052@yahoo.com,newsletter,everyone,true
178260782,2025-11-07T11:10:43.949Z,kmcaleer@msn.com,newsletter,everyone,true
178260782,2025-11-07T11:10:43.972Z,Blairsmith0505@gmail.com,newsletter,everyone,false
178260782,2025-11-07T11:10:44.047Z,mgallas32@gmail.com,newsletter,everyone,true
178260782,2025-11-07T11:10:44.075Z,lorky1@sbcglobal.net,newsletter,everyone,true
178260782,2025-11-07T11:10:44.088Z,jimbucci31@gmail.com,newsletter,everyone,true
178260782,2025-11-07T11:10:44.124Z,mikeburt51@aol.com,newsletter,everyone,true
178260782,2025-11-07T11:10:44.186Z,loraross@hotmail.com,newsletter,everyone,true
178260782,2025-11-07T11:10:44.311Z,cosmo424242@yahoo.com,newsletter,everyone,true
178260782,2025-11-07T11:10:44.509Z,tsoch@me.com,newsletter,everyone,true
178260782,2025-11-07T11:10:44.536Z,maichrye@hotmail.com,newsletter,everyone,true
178260782,2025-11-07T11:10:44.558Z,joe.simari@softchoice.com,newsletter,everyone,true
178260782,2025-11-07T11:10:44.687Z,ashleympollock@gmail.com,newsletter,everyone,true
178260782,2025-11-07T11:10:44.846Z,mcfvpk@gmail.com,newsletter,everyone,true
178260782,2025-11-07T11:10:44.857Z,geigenbrod@gmail.com,newsletter,everyone,true
178260782,2025-11-07T11:10:44.971Z,mrkimnmobile@gmail.com,newsletter,everyone,true
178260782,2025-11-07T11:10:45.001Z,bethtab55@yahoo.com,newsletter,everyone,true
178260782,2025-11-07T11:10:45.056Z,amys51576@gmail.com,newsletter,everyone,true
178260782,2025-11-07T11:10:45.079Z,buster11860@yahoo.com,newsletter,everyone,true
178260782,2025-11-07T11:10:45.083Z,brianhudson5280@outlook.com,newsletter,everyone,true
178260782,2025-11-07T11:10:45.089Z,jekerr2@gmail.com,newsletter,everyone,true
178260782,2025-11-07T11:10:45.353Z,MABOYERCPA@aol.com,newsletter,everyone,true
178260782,2025-11-07T11:10:45.433Z,g_moore@live.com,newsletter,everyone,true
178260782,2025-11-07T11:10:45.524Z,ep4evr1@yahoo.com,newsletter,everyone,true
178260782,2025-11-07T11:10:45.596Z,foureverfitness@yahoo.com,newsletter,everyone,true
178260782,2025-11-07T11:10:45.602Z,weiser99@hotmail.com,newsletter,everyone,true
178260782,2025-11-07T11:10:46.905Z,gpurves@comcast.net,newsletter,everyone,true
178260782,2025-11-07T11:10:46.974Z,11_orrery_lime@icloud.com,newsletter,everyone,true
178260782,2025-11-07T11:10:47.100Z,sentac@msn.com,newsletter,everyone,true
178260782,2025-11-07T11:10:51.035Z,schafer1@gondtc.com,newsletter,everyone,true
