post_id,timestamp,email,post_type,post_audience,active_subscription,country,city,region,device_type,client_os,client_type,user_agent
178406985,2025-11-09T11:21:40.108Z,spotacus1@gmail.com,newsletter,everyone,true,US,,,,,,Mozilla/5.0
178406985,2025-11-09T11:32:53.039Z,tfcraig1946@gmail.com,newsletter,everyone,true,US,,,,,,Mozilla/5.0
178406985,2025-11-09T11:32:54.681Z,joannehilden@yahoo.com,newsletter,everyone,true,US,,,,,,Mozilla/5.0
178406985,2025-11-09T11:40:14.885Z,amys51576@gmail.com,newsletter,everyone,true,US,,,,,,Mozilla/5.0 (Windows NT 5.1; rv:11.0) Gecko Firefox/11.0 (via ggpht.com GoogleImageProxy)
178406985,2025-11-09T11:41:13.355Z,ep4evr1@yahoo.com,newsletter,everyone,true,NL,,,,,,Mozilla/5.0
178406985,2025-11-09T11:42:56.955Z,ep4evr1@yahoo.com,newsletter,everyone,true,US,,,,,,Mozilla/5.0
178406985,2025-11-09T11:53:27.564Z,mikeburt51@aol.com,newsletter,everyone,true,US,,,,,,Mozilla/5.0
178406985,2025-11-09T12:27:00.850Z,brianhudson5280@outlook.com,newsletter,everyone,true,US,,,,,,Mozilla/5.0
178406985,2025-11-09T12:37:47.503Z,dagnaconstenla@yahoo.com,newsletter,everyone,true,GB,,,,,,Mozilla/5.0
178406985,2025-11-09T12:56:52.628Z,brianhudson5280@outlook.com,newsletter,everyone,true,US,,,,,,Mozilla/5.0
178406985,2025-11-09T14:06:58.452Z,mrkimnmobile@gmail.com,newsletter,everyone,true,US,,,,,,Mozilla/5.0 (Windows NT 5.1; rv:11.0) Gecko Firefox/11.0 (via ggpht.com GoogleImageProxy)
178406985,2025-11-09T14:25:01.237Z,savage85719@gmail.com,newsletter,everyone,true,US,,,,,,Mozilla/5.0 (Windows NT 5.1; rv:11.0) Gecko Firefox/11.0 (via ggpht.com GoogleImageProxy)
178406985,2025-11-09T14:25:51.205Z,paraffin44052@yahoo.com,newsletter,everyone,true,FR,,,,,,Mozilla/5.0
178406985,2025-11-09T14:45:15.166Z,jimbucci31@gmail.com,newsletter,everyone,true,US,,,,,,Mozilla/5.0
178406985,2025-11-09T15:19:55.856Z,spotacus1@gmail.com,newsletter,everyone,true,US,,,,,,Mozilla/5.0
178406985,2025-11-09T15:50:28.412Z,brianhudson5280@outlook.com,newsletter,everyone,true,US,,,,,,"Mozilla/5.0 (Windows NT 10.0; Win64; x64) AppleWebKit/537.36 (KHTML, like Gecko) Chrome/142.0.0.0 Safari/537.36 Edg/142.0.0.0 OneOutlook/1.2025.1007.400"
178406985,2025-11-09T20:49:02.452Z,Eighteenwheels4581@gmail.com,newsletter,everyone,true,US,,,,,,Mozilla/5.0 (Windows NT 5.1; rv:11.0) Gecko Firefox/11.0 (via ggpht.com GoogleImageProxy)
178406985,2025-11-09T20:49:36.976Z,Eighteenwheels4581@gmail.com,newsletter,everyone,true,US,,,,,,Mozilla/5.0 (Windows NT 5.1; rv:11.0) Gecko Firefox/11.0 (via ggpht.com GoogleImageProxy)
178406985,2025-11-10T00:31:11.897Z,lorky1@sbcglobal.net,newsletter,everyone,true,NL,,,,,,Mozilla/5.0
178406985,2025-11-10T02:21:36.436Z,savage85719@gmail.com,newsletter,everyone,true,US,,,,,,Mozilla/5.0 (Windows NT 5.1; rv:11.0) Gecko Firefox/11.0 (via ggpht.com GoogleImageProxy)
178406985,2025-11-10T13:50:36.573Z,ashleympollock@gmail.com,newsletter,everyone,true,US,,,,,,Mozilla/5.0 (Windows NT 5.1; rv:11.0) Gecko Firefox/11.0 (via ggpht.com GoogleImageProxy)
178406985,2025-11-10T17:07:20.692Z,acktrisha@gmail.com,newsletter,everyone,true,US,,,,,,Mozilla/5.0 (Windows NT 5.1; rv:11.0) Gecko Firefox/11.0 (via ggpht.com GoogleImageProxy)
178406985,2025-11-10T17:08:08.807Z,acktrisha@gmail.com,newsletter,everyone,true,US,,,,,,Mozilla/5.0 (Windows NT 5.1; rv:11.0) Gecko Firefox/11.0 (via ggpht.com GoogleImageProxy)
178406985,2025-11-10T21:54:19.396Z,tfcraig1946@gmail.com,newsletter,everyone,true,NL,,,,,,Mozilla/5.0
