post_id,timestamp,email,post_type,post_audience,active_subscription
178406985,2025-11-09T11:13:21.120Z,noche1alpha@gmail.com,newsletter,everyone,false
178406985,2025-11-09T11:13:22.527Z,Blairsmith0505@gmail.com,newsletter,everyone,false
178406985,2025-11-09T11:13:22.897Z,kksearer.6162@gmail.com,newsletter,everyone,true
178406985,2025-11-09T11:13:22.981Z,tfcraig1946@gmail.com,newsletter,everyone,true
178406985,2025-11-09T11:13:23.021Z,Marykatri55@gmail.com,newsletter,everyone,true
178406985,2025-11-09T11:13:23.021Z,richardapanzer82@gmail.com,newsletter,everyone,true
178406985,2025-11-09T11:13:23.033Z,martinlarcan60@gmail.com,newsletter,everyone,true
178406985,2025-11-09T11:13:23.340Z,noratomlinson@gmail.com,newsletter,everyone,true
178406985,2025-11-09T11:13:23.522Z,savage85719@gmail.com,newsletter,everyone,true
178406985,2025-11-09T11:13:23.542Z,dagnaconstenla@yahoo.com,newsletter,everyone,true
178406985,2025-11-09T11:13:23.640Z,profornery@gmail.com,newsletter,everyone,true
178406985,2025-11-09T11:13:23.670Z,prahamama911@gmail.com,newsletter,everyone,true
178406985,2025-11-09T11:13:23.747Z,rizzatas@yahoo.com,newsletter,everyone,true
178406985,2025-11-09T11:13:24.359Z,lynnk2c@yahoo.com,newsletter,everyone,true
178406985,2025-11-09T11:13:25.041Z,spotacus1@gmail.com,newsletter,everyone,true
178406985,2025-11-09T11:13:25.150Z,joannehilden@yahoo.com,newsletter,everyone,true
178406985,2025-11-09T11:13:25.158Z,paraffin44052@yahoo.com,newsletter,everyone,true
178406985,2025-11-09T11:13:25.463Z,mhduffy@outlook.com,newsletter,everyone,true
178406985,2025-11-09T11:13:25.819Z,loraross@hotmail.com,newsletter,everyone,true
178406985,2025-11-09T11:13:26.057Z,mikeburt51@aol.com,newsletter,everyone,true
178406985,2025-11-09T11:13:26.268Z,joe.simari@softchoice.com,newsletter,everyone,true
178406985,2025-11-09T11:13:26.282Z,jimbucci31@gmail.com,newsletter,everyone,true
178406985,2025-11-09T11:13:26.490Z,maichrye@hotmail.com,newsletter,everyone,true
178406985,2025-11-09T11:13:26.586Z,murdocksw@gmail.com,newsletter,everyone,true
178406985,2025-11-09T11:13:26.593Z,jekerr2@gmail.com,newsletter,everyone,true
178406985,2025-11-09T11:13:26.633Z,mcfvpk@gmail.com,newsletter,everyone,true
178406985,2025-11-09T11:13:26.634Z,acktrisha@gmail.com,newsletter,everyone,true
178406985,2025-11-09T11:13:26.665Z,amys51576@gmail.com,newsletter,everyone,true
178406985,2025-11-09T11:13:26.753Z,lorky1@sbcglobal.net,newsletter,everyone,true
178406985,2025-11-09T11:13:26.754Z,geigenbrod@gmail.com,newsletter,everyone,true
178406985,2025-11-09T11:13:26.769Z,cosmo424242@yahoo.com,newsletter,everyone,true
178406985,2025-11-09T11:13:26.832Z,bethtab55@yahoo.com,newsletter,everyone,true
178406985,2025-11-09T11:13:26.865Z,mgallas32@gmail.com,newsletter,everyone,true
178406985,2025-11-09T11:13:26.924Z,weiser99@hotmail.com,newsletter,everyone,true
178406985,2025-11-09T11:13:27.013Z,g_moore@live.com,newsletter,everyone,true
178406985,2025-11-09T11:13:27.081Z,buster11860@yahoo.com,newsletter,everyone,true
178406985,2025-11-09T11:13:27.176Z,MABOYERCPA@aol.com,newsletter,everyone,true
178406985,2025-11-09T11:13:27.183Z,gpurves@comcast.net,newsletter,everyone,true
178406985,2025-11-09T11:13:27.224Z,Eighteenwheels4581@gmail.com,newsletter,everyone,true
178406985,2025-11-09T11:13:27.261Z,brianhudson5280@outlook.com,newsletter,everyone,true
178406985,2025-11-09T11:13:27.286Z,ashleympollock@gmail.com,newsletter,everyone,true
178406985,2025-11-09T11:13:27.409Z,mrkimnmobile@gmail.com,newsletter,everyone,true
178406985,2025-11-09T11:13:27.453Z,kmcaleer@msn.com,newsletter,everyone,true
178406985,2025-11-09T11:13:27.807Z,ep4evr1@yahoo.com,newsletter,everyone,true
178406985,2025-11-09T11:13:27.813Z,jjuarezz714@gmail.com,newsletter,everyone,true
178406985,2025-11-09T11:13:28.055Z,foureverfitness@yahoo.com,newsletter,everyone,true
178406985,2025-11-09T11:13:28.195Z,tsoch@me.com,newsletter,everyone,true
178406985,2025-11-09T11:13:28.388Z,sentac@msn.com,newsletter,everyone,true
178406985,2025-11-09T11:13:32.449Z,schafer1@gondtc.com,newsletter,everyone,true
178406985,2025-11-09T11:13:33.653Z,11_orrery_lime@icloud.com,newsletter,everyone,true
