post_id,timestamp,email,post_type,post_audience,active_subscription
178588610,2025-11-11T12:18:20.252Z,noche1alpha@gmail.com,newsletter,everyone,false
178588610,2025-11-11T12:18:21.055Z,tfcraig1946@gmail.com,newsletter,everyone,true
178588610,2025-11-11T12:18:21.080Z,Marykatri55@gmail.com,newsletter,everyone,true
178588610,2025-11-11T12:18:21.092Z,richardapanzer82@gmail.com,newsletter,everyone,true
178588610,2025-11-11T12:18:21.221Z,kksearer.6162@gmail.com,newsletter,everyone,true
178588610,2025-11-11T12:18:21.401Z,Blairsmith0505@gmail.com,newsletter,everyone,false
178588610,2025-11-11T12:18:21.598Z,martinlarcan60@gmail.com,newsletter,everyone,true
178588610,2025-11-11T12:18:21.753Z,savage85719@gmail.com,newsletter,everyone,true
178588610,2025-11-11T12:18:21.765Z,noratomlinson@gmail.com,newsletter,everyone,true
178588610,2025-11-11T12:18:21.971Z,profornery@gmail.com,newsletter,everyone,true
178588610,2025-11-11T12:18:21.993Z,dagnaconstenla@yahoo.com,newsletter,everyone,true
178588610,2025-11-11T12:18:23.391Z,prahamama911@gmail.com,newsletter,everyone,true
178588610,2025-11-11T12:18:23.581Z,rizzatas@yahoo.com,newsletter,everyone,true
178588610,2025-11-11T12:18:24.213Z,spotacus1@gmail.com,newsletter,everyone,true
178588610,2025-11-11T12:18:24.216Z,gpurves@comcast.net,newsletter,everyone,true
178588610,2025-11-11T12:18:24.330Z,joe.simari@softchoice.com,newsletter,everyone,true
178588610,2025-11-11T12:18:24.391Z,cosmo424242@yahoo.com,newsletter,everyone,true
178588610,2025-11-11T12:18:24.441Z,mcfvpk@gmail.com,newsletter,everyone,true
178588610,2025-11-11T12:18:24.460Z,ashleympollock@gmail.com,newsletter,everyone,true
178588610,2025-11-11T12:18:24.510Z,sentac@msn.com,newsletter,everyone,true
178588610,2025-11-11T12:18:24.562Z,joannehilden@yahoo.com,newsletter,everyone,true
178588610,2025-11-11T12:18:24.584Z,geigenbrod@gmail.com,newsletter,everyone,true
178588610,2025-11-11T12:18:24.705Z,ep4evr1@yahoo.com,newsletter,everyone,true
178588610,2025-11-11T12:18:24.728Z,g_moore@live.com,newsletter,everyone,true
178588610,2025-11-11T12:18:24.740Z,acktrisha@gmail.com,newsletter,everyone,true
178588610,2025-11-11T12:18:24.764Z,mgallas32@gmail.com,newsletter,everyone,true
178588610,2025-11-11T12:18:24.768Z,Eighteenwheels4581@gmail.com,newsletter,everyone,true
178588610,2025-11-11T12:18:24.779Z,MABOYERCPA@aol.com,newsletter,everyone,true
178588610,2025-11-11T12:18:24.784Z,amys51576@gmail.com,newsletter,everyone,true
178588610,2025-11-11T12:18:24.829Z,lynnk2c@yahoo.com,newsletter,everyone,true
178588610,2025-11-11T12:18:24.955Z,brianhudson5280@outlook.com,newsletter,everyone,true
178588610,2025-11-11T12:18:25.007Z,buster11860@yahoo.com,newsletter,everyone,true
178588610,2025-11-11T12:18:25.090Z,murdocksw@gmail.com,newsletter,everyone,true
178588610,2025-11-11T12:18:25.138Z,mikeburt51@aol.com,newsletter,everyone,true
178588610,2025-11-11T12:18:25.156Z,maichrye@hotmail.com,newsletter,everyone,true
178588610,2025-11-11T12:18:25.173Z,mrkimnmobile@gmail.com,newsletter,everyone,true
178588610,2025-11-11T12:18:25.218Z,jekerr2@gmail.com,newsletter,everyone,true
178588610,2025-11-11T12:18:25.257Z,mhduffy@outlook.com,newsletter,everyone,true
178588610,2025-11-11T12:18:25.328Z,jimbucci31@gmail.com,newsletter,everyone,true
178588610,2025-11-11T12:18:25.331Z,foureverfitness@yahoo.com,newsletter,everyone,true
178588610,2025-11-11T12:18:25.437Z,lorky1@sbcglobal.net,newsletter,everyone,true
178588610,2025-11-11T12:18:25.492Z,paraffin44052@yahoo.com,newsletter,everyone,true
178588610,2025-11-11T12:18:25.633Z,bethtab55@yahoo.com,newsletter,everyone,true
178588610,2025-11-11T12:18:25.880Z,kmcaleer@msn.com,newsletter,everyone,true
178588610,2025-11-11T12:18:25.901Z,loraross@hotmail.com,newsletter,everyone,true
178588610,2025-11-11T12:18:26.427Z,weiser99@hotmail.com,newsletter,everyone,true
178588610,2025-11-11T12:18:27.852Z,11_orrery_lime@icloud.com,newsletter,everyone,true
178588610,2025-11-11T12:18:29.071Z,tsoch@me.com,newsletter,everyone,true
178588610,2025-11-11T12:18:30.803Z,schafer1@gondtc.com,newsletter,everyone,true
