post_id,timestamp,email,post_type,post_audience,active_subscription,country,city,region,device_type,client_os,client_type,user_agent
178588610,2025-11-11T12:20:09.434Z,Blairsmith0505@gmail.com,newsletter,everyone,false,US,,,,,,Mozilla/5.0 (Windows NT 5.1; rv:11.0) Gecko Firefox/11.0 (via ggpht.com GoogleImageProxy)
178588610,2025-11-11T12:21:44.799Z,spotacus1@gmail.com,newsletter,everyone,true,US,,,,,,Mozilla/5.0
178588610,2025-11-11T12:25:04.676Z,joannehilden@yahoo.com,newsletter,everyone,true,US,,,,,,YahooMailProxy; https://help.yahoo.com/kb/yahoo-mail-proxy-SLN28749.html
178588610,2025-11-11T12:29:48.043Z,acktrisha@gmail.com,newsletter,everyone,true,US,,,,,,Mozilla/5.0 (Windows NT 5.1; rv:11.0) Gecko Firefox/11.0 (via ggpht.com GoogleImageProxy)
178588610,2025-11-11T12:33:15.843Z,cosmo424242@yahoo.com,newsletter,everyone,true,US,,,,,,Mozilla/5.0
178588610,2025-11-11T12:50:36.193Z,tfcraig1946@gmail.com,newsletter,everyone,true,US,,,,,,Mozilla/5.0
178588610,2025-11-11T13:00:11.805Z,ep4evr1@yahoo.com,newsletter,everyone,true,NL,,,,,,Mozilla/5.0
178588610,2025-11-11T13:01:30.040Z,cosmo424242@yahoo.com,newsletter,everyone,true,US,,,,,,YahooMailProxy; https://help.yahoo.com/kb/yahoo-mail-proxy-SLN28749.html
178588610,2025-11-11T13:18:10.436Z,mrkimnmobile@gmail.com,newsletter,everyone,true,US,,,,,,Mozilla/5.0 (Windows NT 5.1; rv:11.0) Gecko Firefox/11.0 (via ggpht.com GoogleImageProxy)
178588610,2025-11-11T13:23:58.810Z,mrkimnmobile@gmail.com,newsletter,everyone,true,US,,,,,,Mozilla/5.0 (Windows NT 5.1; rv:11.0) Gecko Firefox/11.0 (via ggpht.com GoogleImageProxy)
178588610,2025-11-11T13:23:59.222Z,mrkimnmobile@gmail.com,newsletter,everyone,true,US,,,,,,Mozilla/5.0 (Windows NT 5.1; rv:11.0) Gecko Firefox/11.0 (via ggpht.com GoogleImageProxy)
178588610,2025-11-11T13:24:33.866Z,mrkimnmobile@gmail.com,newsletter,everyone,true,US,,,,,,Mozilla/5.0 (Windows NT 5.1; rv:11.0) Gecko Firefox/11.0 (via ggpht.com GoogleImageProxy)
178588610,2025-11-11T13:24:36.110Z,mrkimnmobile@gmail.com,newsletter,everyone,true,US,,,,,,Mozilla/5.0 (Windows NT 5.1; rv:11.0) Gecko Firefox/11.0 (via ggpht.com GoogleImageProxy)
178588610,2025-11-11T13:24:37.178Z,mrkimnmobile@gmail.com,newsletter,everyone,true,US,,,,,,Mozilla/5.0 (Windows NT 5.1; rv:11.0) Gecko Firefox/11.0 (via ggpht.com GoogleImageProxy)
178588610,2025-11-11T13:24:57.877Z,mrkimnmobile@gmail.com,newsletter,everyone,true,US,,,,,,Mozilla/5.0 (Windows NT 5.1; rv:11.0) Gecko Firefox/11.0 (via ggpht.com GoogleImageProxy)
178588610,2025-11-11T13:29:02.675Z,jimbucci31@gmail.com,newsletter,everyone,true,US,,,,,,Mozilla/5.0
178588610,2025-11-11T13:30:24.166Z,joannehilden@yahoo.com,newsletter,everyone,true,US,,,,,,YahooMailProxy; https://help.yahoo.com/kb/yahoo-mail-proxy-SLN28749.html
178588610,2025-11-11T13:36:19.606Z,gpurves@comcast.net,newsletter,everyone,true,US,,,,,,Mozilla/4.0 (compatible; ms-office; MSOffice 16)
178588610,2025-11-11T13:36:19.606Z,gpurves@comcast.net,newsletter,everyone,true,US,,,,,,Mozilla/4.0 (compatible; ms-office; MSOffice 16)
178588610,2025-11-11T14:16:03.803Z,spotacus1@gmail.com,newsletter,everyone,true,US,,,,,,Mozilla/5.0
178588610,2025-11-11T14:44:02.644Z,brianhudson5280@outlook.com,newsletter,everyone,true,US,,,,,,Mozilla/5.0
178588610,2025-11-11T15:04:01.791Z,kksearer.6162@gmail.com,newsletter,everyone,true,US,,,,,,Mozilla/5.0 (Windows NT 5.1; rv:11.0) Gecko Firefox/11.0 (via ggpht.com GoogleImageProxy)
178588610,2025-11-11T16:42:28.568Z,paraffin44052@yahoo.com,newsletter,everyone,true,FR,,,,,,Mozilla/5.0
178588610,2025-11-11T17:33:45.479Z,tsoch@me.com,newsletter,everyone,true,US,,,,,,Mozilla/5.0
178588610,2025-11-11T18:17:00.562Z,gpurves@comcast.net,newsletter,everyone,true,US,,,,,,Mozilla/4.0 (compatible; ms-office; MSOffice 16)
178588610,2025-11-11T18:28:20.323Z,mikeburt51@aol.com,newsletter,everyone,true,US,,,,,,Mozilla/5.0
178588610,2025-11-11T19:11:42.884Z,lorky1@sbcglobal.net,newsletter,everyone,true,NL,,,,,,Mozilla/5.0
178588610,2025-11-11T19:24:42.630Z,savage85719@gmail.com,newsletter,everyone,true,US,,,,,,Mozilla/5.0 (Windows NT 5.1; rv:11.0) Gecko Firefox/11.0 (via ggpht.com GoogleImageProxy)
178588610,2025-11-11T19:52:16.762Z,dagnaconstenla@yahoo.com,newsletter,everyone,true,US,,,,,,Mozilla/5.0
178588610,2025-11-11T21:40:26.044Z,mrkimnmobile@gmail.com,newsletter,everyone,true,US,,,,,,Mozilla/5.0 (Windows NT 5.1; rv:11.0) Gecko Firefox/11.0 (via ggpht.com GoogleImageProxy)
178588610,2025-11-11T23:54:38.575Z,gpurves@comcast.net,newsletter,everyone,true,US,,,,,,Mozilla/4.0 (compatible; ms-office; MSOffice 16)
178588610,2025-11-12T12:28:13.562Z,amys51576@gmail.com,newsletter,everyone,true,US,,,,,,Mozilla/5.0 (Windows NT 5.1; rv:11.0) Gecko Firefox/11.0 (via ggpht.com GoogleImageProxy)
178588610,2025-11-12T12:28:15.599Z,amys51576@gmail.com,newsletter,everyone,true,US,,,,,,Mozilla/5.0 (Windows NT 5.1; rv:11.0) Gecko Firefox/11.0 (via ggpht.com GoogleImageProxy)
178588610,2025-11-12T12:39:14.091Z,tfcraig1946@gmail.com,newsletter,everyone,true,NL,,,,,,Mozilla/5.0
178588610,2025-11-12T13:02:51.554Z,spotacus1@gmail.com,newsletter,everyone,true,US,,,,,,Mozilla/5.0
178588610,2025-11-12T20:12:34.509Z,mikeburt51@aol.com,newsletter,everyone,true,NL,,,,,,Mozilla/5.0
178588610,2025-11-13T18:54:32.982Z,mrkimnmobile@gmail.com,newsletter,everyone,true,US,,,,,,Mozilla/5.0 (Windows NT 5.1; rv:11.0) Gecko Firefox/11.0 (via ggpht.com GoogleImageProxy)
178588610,2025-11-18T00:24:35.181Z,mrkimnmobile@gmail.com,newsletter,everyone,true,US,,,,,,Mozilla/5.0 (Windows NT 5.1; rv:11.0) Gecko Firefox/11.0 (via ggpht.com GoogleImageProxy)
178588610,2025-11-18T15:11:55.795Z,mrkimnmobile@gmail.com,newsletter,everyone,true,US,,,,,,Mozilla/5.0 (Windows NT 5.1; rv:11.0) Gecko Firefox/11.0 (via ggpht.com GoogleImageProxy)
178588610,2025-11-18T15:13:40.410Z,mrkimnmobile@gmail.com,newsletter,everyone,true,US,,,,,,Mozilla/5.0 (Windows NT 5.1; rv:11.0) Gecko Firefox/11.0 (via ggpht.com GoogleImageProxy)
