post_id,timestamp,email,post_type,post_audience,active_subscription
178693531,2025-11-12T14:13:38.745Z,noche1alpha@gmail.com,newsletter,everyone,false
178693531,2025-11-12T14:13:38.832Z,Blairsmith0505@gmail.com,newsletter,everyone,false
178693531,2025-11-12T14:13:39.183Z,martinlarcan60@gmail.com,newsletter,everyone,true
178693531,2025-11-12T14:13:39.742Z,tsoch@me.com,newsletter,everyone,true
178693531,2025-11-12T14:13:40.206Z,prahamama911@gmail.com,newsletter,everyone,true
178693531,2025-11-12T14:13:40.482Z,noratomlinson@gmail.com,newsletter,everyone,true
178693531,2025-11-12T14:13:40.617Z,richardapanzer82@gmail.com,newsletter,everyone,true
178693531,2025-11-12T14:13:40.705Z,murdocksw@gmail.com,newsletter,everyone,true
178693531,2025-11-12T14:13:40.802Z,Marykatri55@gmail.com,newsletter,everyone,true
178693531,2025-11-12T14:13:40.875Z,lynnk2c@yahoo.com,newsletter,everyone,true
178693531,2025-11-12T14:13:40.880Z,mhduffy@outlook.com,newsletter,everyone,true
178693531,2025-11-12T14:13:40.911Z,tfcraig1946@gmail.com,newsletter,everyone,true
178693531,2025-11-12T14:13:40.935Z,kmcaleer@msn.com,newsletter,everyone,true
178693531,2025-11-12T14:13:40.941Z,mikeburt51@aol.com,newsletter,everyone,true
178693531,2025-11-12T14:13:41.004Z,kksearer.6162@gmail.com,newsletter,everyone,true
178693531,2025-11-12T14:13:41.054Z,paraffin44052@yahoo.com,newsletter,everyone,true
178693531,2025-11-12T14:13:41.070Z,Eighteenwheels4581@gmail.com,newsletter,everyone,true
178693531,2025-11-12T14:13:41.155Z,joannehilden@yahoo.com,newsletter,everyone,true
178693531,2025-11-12T14:13:41.263Z,spotacus1@gmail.com,newsletter,everyone,true
178693531,2025-11-12T14:13:41.265Z,rizzatas@yahoo.com,newsletter,everyone,true
178693531,2025-11-12T14:13:41.309Z,acktrisha@gmail.com,newsletter,everyone,true
178693531,2025-11-12T14:13:41.314Z,dagnaconstenla@yahoo.com,newsletter,everyone,true
178693531,2025-11-12T14:13:41.455Z,lorky1@sbcglobal.net,newsletter,everyone,true
178693531,2025-11-12T14:13:41.610Z,loraross@hotmail.com,newsletter,everyone,true
178693531,2025-11-12T14:13:42.306Z,joe.simari@softchoice.com,newsletter,everyone,true
178693531,2025-11-12T14:13:42.344Z,savage85719@gmail.com,newsletter,everyone,true
178693531,2025-11-12T14:13:42.387Z,geigenbrod@gmail.com,newsletter,everyone,true
178693531,2025-11-12T14:13:42.461Z,jjuarezz714@gmail.com,newsletter,everyone,true
178693531,2025-11-12T14:13:42.595Z,ashleympollock@gmail.com,newsletter,everyone,true
178693531,2025-11-12T14:13:42.662Z,jimbucci31@gmail.com,newsletter,everyone,true
178693531,2025-11-12T14:13:42.717Z,mrkimnmobile@gmail.com,newsletter,everyone,true
178693531,2025-11-12T14:13:42.740Z,buster11860@yahoo.com,newsletter,everyone,true
178693531,2025-11-12T14:13:42.794Z,amys51576@gmail.com,newsletter,everyone,true
178693531,2025-11-12T14:13:42.806Z,ep4evr1@yahoo.com,newsletter,everyone,true
178693531,2025-11-12T14:13:42.815Z,mgallas32@gmail.com,newsletter,everyone,true
178693531,2025-11-12T14:13:42.919Z,MABOYERCPA@aol.com,newsletter,everyone,true
178693531,2025-11-12T14:13:43.023Z,mcfvpk@gmail.com,newsletter,everyone,true
178693531,2025-11-12T14:13:43.056Z,gpurves@comcast.net,newsletter,everyone,true
178693531,2025-11-12T14:13:43.058Z,jekerr2@gmail.com,newsletter,everyone,true
178693531,2025-11-12T14:13:43.060Z,foureverfitness@yahoo.com,newsletter,everyone,true
178693531,2025-11-12T14:13:43.098Z,maichrye@hotmail.com,newsletter,everyone,true
178693531,2025-11-12T14:13:43.211Z,cosmo424242@yahoo.com,newsletter,everyone,true
178693531,2025-11-12T14:13:43.306Z,weiser99@hotmail.com,newsletter,everyone,true
178693531,2025-11-12T14:13:43.486Z,brianhudson5280@outlook.com,newsletter,everyone,true
178693531,2025-11-12T14:13:43.725Z,bethtab55@yahoo.com,newsletter,everyone,true
178693531,2025-11-12T14:13:43.909Z,11_orrery_lime@icloud.com,newsletter,everyone,true
178693531,2025-11-12T14:13:44.192Z,g_moore@live.com,newsletter,everyone,true
178693531,2025-11-12T14:13:45.300Z,profornery@gmail.com,newsletter,everyone,true
178693531,2025-11-12T14:13:47.029Z,sentac@msn.com,newsletter,everyone,true
178693531,2025-11-12T14:13:48.610Z,schafer1@gondtc.com,newsletter,everyone,true
