post_id,timestamp,email,post_type,post_audience,active_subscription,country,city,region,device_type,client_os,client_type,user_agent
178693531,2025-11-12T14:14:00.716Z,ashleympollock@gmail.com,newsletter,everyone,true,US,,,,,,Mozilla/5.0 (Windows NT 5.1; rv:11.0) Gecko Firefox/11.0 (via ggpht.com GoogleImageProxy)
178693531,2025-11-12T14:14:17.990Z,ashleympollock@gmail.com,newsletter,everyone,true,US,,,,,,Mozilla/5.0 (Windows NT 5.1; rv:11.0) Gecko Firefox/11.0 (via ggpht.com GoogleImageProxy)
178693531,2025-11-12T14:17:55.012Z,spotacus1@gmail.com,newsletter,everyone,true,US,,,,,,Mozilla/5.0
178693531,2025-11-12T14:19:32.653Z,acktrisha@gmail.com,newsletter,everyone,true,US,,,,,,Mozilla/5.0 (Windows NT 5.1; rv:11.0) Gecko Firefox/11.0 (via ggpht.com GoogleImageProxy)
178693531,2025-11-12T14:30:55.287Z,brianhudson5280@outlook.com,newsletter,everyone,true,US,,,,,,Mozilla/5.0
178693531,2025-11-12T14:33:59.884Z,brianhudson5280@outlook.com,newsletter,everyone,true,US,,,,,,Mozilla/5.0
178693531,2025-11-12T14:36:49.592Z,ep4evr1@yahoo.com,newsletter,everyone,true,US,,,,,,Mozilla/5.0
178693531,2025-11-12T14:57:02.293Z,mikeburt51@aol.com,newsletter,everyone,true,NL,,,,,,Mozilla/5.0
178693531,2025-11-12T15:04:00.325Z,tfcraig1946@gmail.com,newsletter,everyone,true,NL,,,,,,Mozilla/5.0
178693531,2025-11-12T15:31:24.432Z,spotacus1@gmail.com,newsletter,everyone,true,US,,,,,,Mozilla/5.0
178693531,2025-11-12T16:11:29.030Z,Eighteenwheels4581@gmail.com,newsletter,everyone,true,US,,,,,,Mozilla/5.0 (Windows NT 5.1; rv:11.0) Gecko Firefox/11.0 (via ggpht.com GoogleImageProxy)
178693531,2025-11-12T17:30:47.055Z,tsoch@me.com,newsletter,everyone,true,NL,,,,,,Mozilla/5.0
178693531,2025-11-12T17:44:30.901Z,lorky1@sbcglobal.net,newsletter,everyone,true,NL,,,,,,Mozilla/5.0
178693531,2025-11-12T17:53:25.385Z,jekerr2@gmail.com,newsletter,everyone,true,US,,,,,,Mozilla/5.0 (Windows NT 5.1; rv:11.0) Gecko Firefox/11.0 (via ggpht.com GoogleImageProxy)
178693531,2025-11-12T17:53:48.667Z,jekerr2@gmail.com,newsletter,everyone,true,US,,,,,,Mozilla/5.0 (Windows NT 5.1; rv:11.0) Gecko Firefox/11.0 (via ggpht.com GoogleImageProxy)
178693531,2025-11-12T18:12:18.529Z,paraffin44052@yahoo.com,newsletter,everyone,true,FR,,,,,,Mozilla/5.0
178693531,2025-11-12T20:11:12.352Z,mikeburt51@aol.com,newsletter,everyone,true,NL,,,,,,Mozilla/5.0
178693531,2025-11-12T20:42:16.611Z,paraffin44052@yahoo.com,newsletter,everyone,true,FR,,,,,,Mozilla/5.0
178693531,2025-11-12T22:19:46.673Z,jimbucci31@gmail.com,newsletter,everyone,true,US,,,,,,Mozilla/5.0
178693531,2025-11-13T11:03:29.578Z,prahamama911@gmail.com,newsletter,everyone,true,US,,,,,,"Mozilla/5.0 (Macintosh; Intel Mac OS X 10_15_7) AppleWebKit/605.1.15 (KHTML, like Gecko)"
178693531,2025-11-13T12:18:22.271Z,prahamama911@gmail.com,newsletter,everyone,true,US,,,,,,"Mozilla/5.0 (Macintosh; Intel Mac OS X 10_15_7) AppleWebKit/605.1.15 (KHTML, like Gecko)"
178693531,2025-11-13T12:18:51.988Z,prahamama911@gmail.com,newsletter,everyone,true,US,,,,,,"Mozilla/5.0 (Macintosh; Intel Mac OS X 10_15_7) AppleWebKit/605.1.15 (KHTML, like Gecko)"
178693531,2025-11-13T12:42:28.043Z,tfcraig1946@gmail.com,newsletter,everyone,true,US,,,,,,Mozilla/5.0
178693531,2025-11-13T18:53:36.921Z,mrkimnmobile@gmail.com,newsletter,everyone,true,US,,,,,,Mozilla/5.0 (Windows NT 5.1; rv:11.0) Gecko Firefox/11.0 (via ggpht.com GoogleImageProxy)
178693531,2025-11-13T18:54:31.819Z,mrkimnmobile@gmail.com,newsletter,everyone,true,US,,,,,,Mozilla/5.0 (Windows NT 5.1; rv:11.0) Gecko Firefox/11.0 (via ggpht.com GoogleImageProxy)
178693531,2025-11-14T00:36:51.782Z,tfcraig1946@gmail.com,newsletter,everyone,true,US,,,,,,Mozilla/5.0
178693531,2025-11-14T15:04:11.407Z,gpurves@comcast.net,newsletter,everyone,true,US,,,,,,Mozilla/4.0 (compatible; ms-office; MSOffice 16)
178693531,2025-11-14T15:18:59.437Z,spotacus1@gmail.com,newsletter,everyone,true,NL,,,,,,Mozilla/5.0
178693531,2025-11-15T00:43:18.176Z,tfcraig1946@gmail.com,newsletter,everyone,true,US,,,,,,Mozilla/5.0
178693531,2025-11-15T17:52:31.126Z,ep4evr1@yahoo.com,newsletter,everyone,true,NL,,,,,,Mozilla/5.0
178693531,2025-11-16T03:28:53.484Z,prahamama911@gmail.com,newsletter,everyone,true,US,,,,,,"Mozilla/5.0 (Macintosh; Intel Mac OS X 10_15_7) AppleWebKit/605.1.15 (KHTML, like Gecko)"
178693531,2025-11-16T17:09:50.278Z,dagnaconstenla@yahoo.com,newsletter,everyone,true,US,,,,,,Mozilla/5.0
