post_id,timestamp,email,post_type,post_audience,active_subscription
179040647,2025-11-16T10:54:36.914Z,noche1alpha@gmail.com,newsletter,everyone,false
179040647,2025-11-16T10:54:37.387Z,Blairsmith0505@gmail.com,newsletter,everyone,false
179040647,2025-11-16T10:54:37.510Z,noratomlinson@gmail.com,newsletter,everyone,true
179040647,2025-11-16T10:54:37.865Z,richardapanzer82@gmail.com,newsletter,everyone,true
179040647,2025-11-16T10:54:37.917Z,profornery@gmail.com,newsletter,everyone,true
179040647,2025-11-16T10:54:37.923Z,martinlarcan60@gmail.com,newsletter,everyone,true
179040647,2025-11-16T10:54:37.994Z,savage85719@gmail.com,newsletter,everyone,true
179040647,2025-11-16T10:54:38.086Z,Marykatri55@gmail.com,newsletter,everyone,true
179040647,2025-11-16T10:54:38.111Z,prahamama911@gmail.com,newsletter,everyone,true
179040647,2025-11-16T10:54:38.248Z,rizzatas@yahoo.com,newsletter,everyone,true
179040647,2025-11-16T10:54:38.491Z,dagnaconstenla@yahoo.com,newsletter,everyone,true
179040647,2025-11-16T10:54:38.558Z,kksearer.6162@gmail.com,newsletter,everyone,true
179040647,2025-11-16T10:54:38.574Z,loraross@hotmail.com,newsletter,everyone,true
179040647,2025-11-16T10:54:38.604Z,flickable@gmail.com,newsletter,everyone,true
179040647,2025-11-16T10:54:38.669Z,spotacus1@gmail.com,newsletter,everyone,true
179040647,2025-11-16T10:54:38.991Z,joannehilden@yahoo.com,newsletter,everyone,true
179040647,2025-11-16T10:54:39.023Z,tfcraig1946@gmail.com,newsletter,everyone,true
179040647,2025-11-16T10:54:39.030Z,murdocksw@gmail.com,newsletter,everyone,true
179040647,2025-11-16T10:54:39.059Z,acktrisha@gmail.com,newsletter,everyone,true
179040647,2025-11-16T10:54:39.114Z,mikeburt51@aol.com,newsletter,everyone,true
179040647,2025-11-16T10:54:39.191Z,Eighteenwheels4581@gmail.com,newsletter,everyone,true
179040647,2025-11-16T10:54:39.378Z,amys51576@gmail.com,newsletter,everyone,true
179040647,2025-11-16T10:54:39.432Z,paraffin44052@yahoo.com,newsletter,everyone,true
179040647,2025-11-16T10:54:39.467Z,mgallas32@gmail.com,newsletter,everyone,true
179040647,2025-11-16T10:54:39.497Z,lorky1@sbcglobal.net,newsletter,everyone,true
179040647,2025-11-16T10:54:39.659Z,joe.simari@softchoice.com,newsletter,everyone,true
179040647,2025-11-16T10:54:39.668Z,jimbucci31@gmail.com,newsletter,everyone,true
179040647,2025-11-16T10:54:39.707Z,brianhudson5280@outlook.com,newsletter,everyone,true
179040647,2025-11-16T10:54:39.951Z,weiser99@hotmail.com,newsletter,everyone,true
179040647,2025-11-16T10:54:39.961Z,jekerr2@gmail.com,newsletter,everyone,true
179040647,2025-11-16T10:54:39.965Z,mhduffy@outlook.com,newsletter,everyone,true
179040647,2025-11-16T10:54:39.992Z,geigenbrod@gmail.com,newsletter,everyone,true
179040647,2025-11-16T10:54:40.022Z,mrkimnmobile@gmail.com,newsletter,everyone,true
179040647,2025-11-16T10:54:40.095Z,cosmo424242@yahoo.com,newsletter,everyone,true
179040647,2025-11-16T10:54:40.250Z,MABOYERCPA@aol.com,newsletter,everyone,true
179040647,2025-11-16T10:54:40.304Z,maichrye@hotmail.com,newsletter,everyone,true
179040647,2025-11-16T10:54:40.325Z,lynnk2c@yahoo.com,newsletter,everyone,true
179040647,2025-11-16T10:54:40.461Z,foureverfitness@yahoo.com,newsletter,everyone,true
179040647,2025-11-16T10:54:40.508Z,jjuarezz714@gmail.com,newsletter,everyone,true
179040647,2025-11-16T10:54:40.797Z,cooneydarin@gmail.com,newsletter,everyone,true
179040647,2025-11-16T10:54:41.002Z,mcfvpk@gmail.com,newsletter,everyone,true
179040647,2025-11-16T10:54:41.085Z,buster11860@yahoo.com,newsletter,everyone,true
179040647,2025-11-16T10:54:41.231Z,bethtab55@yahoo.com,newsletter,everyone,true
179040647,2025-11-16T10:54:41.324Z,gpurves@comcast.net,newsletter,everyone,true
179040647,2025-11-16T10:54:41.619Z,ep4evr1@yahoo.com,newsletter,everyone,true
179040647,2025-11-16T10:54:41.896Z,tsoch@me.com,newsletter,everyone,true
179040647,2025-11-16T10:54:42.216Z,sentac@msn.com,newsletter,everyone,true
179040647,2025-11-16T10:54:42.727Z,kmcaleer@msn.com,newsletter,everyone,true
179040647,2025-11-16T10:54:42.913Z,g_moore@live.com,newsletter,everyone,true
179040647,2025-11-16T10:54:43.602Z,11_orrery_lime@icloud.com,newsletter,everyone,true
179040647,2025-11-16T10:54:45.783Z,schafer1@gondtc.com,newsletter,everyone,true
