post_id,timestamp,email,post_type,post_audience,active_subscription,country,city,region,device_type,client_os,client_type,user_agent
179040647,2025-11-16T10:55:29.319Z,Blairsmith0505@gmail.com,newsletter,everyone,false,US,,,,,,Mozilla/5.0 (Windows NT 5.1; rv:11.0) Gecko Firefox/11.0 (via ggpht.com GoogleImageProxy)
179040647,2025-11-16T10:57:55.531Z,joannehilden@yahoo.com,newsletter,everyone,true,US,,,,,,Mozilla/5.0
179040647,2025-11-16T10:59:17.048Z,prahamama911@gmail.com,newsletter,everyone,true,US,,,,,,Mozilla/5.0 (Windows NT 5.1; rv:11.0) Gecko Firefox/11.0 (via ggpht.com GoogleImageProxy)
179040647,2025-11-16T11:04:23.480Z,flickable@gmail.com,newsletter,everyone,true,NL,,,,,,Mozilla/5.0
179040647,2025-11-16T11:04:54.999Z,brianhudson5280@outlook.com,newsletter,everyone,true,US,,,,,,Mozilla/5.0
179040647,2025-11-16T11:07:53.348Z,tfcraig1946@gmail.com,newsletter,everyone,true,NL,,,,,,Mozilla/5.0
179040647,2025-11-16T11:10:02.728Z,brianhudson5280@outlook.com,newsletter,everyone,true,NL,,,,,,Mozilla/5.0
179040647,2025-11-16T11:10:14.973Z,paraffin44052@yahoo.com,newsletter,everyone,true,NL,,,,,,Mozilla/5.0
179040647,2025-11-16T11:19:04.994Z,cosmo424242@yahoo.com,newsletter,everyone,true,US,,,,,,Mozilla/5.0
179040647,2025-11-16T11:19:14.796Z,acktrisha@gmail.com,newsletter,everyone,true,US,,,,,,Mozilla/5.0 (Windows NT 5.1; rv:11.0) Gecko Firefox/11.0 (via ggpht.com GoogleImageProxy)
179040647,2025-11-16T11:25:03.301Z,spotacus1@gmail.com,newsletter,everyone,true,US,,,,,,Mozilla/5.0
179040647,2025-11-16T11:46:56.510Z,kksearer.6162@gmail.com,newsletter,everyone,true,US,,,,,,Mozilla/5.0 (Windows NT 5.1; rv:11.0) Gecko Firefox/11.0 (via ggpht.com GoogleImageProxy)
179040647,2025-11-16T11:47:08.770Z,kksearer.6162@gmail.com,newsletter,everyone,true,US,,,,,,Mozilla/5.0 (Windows NT 5.1; rv:11.0) Gecko Firefox/11.0 (via ggpht.com GoogleImageProxy)
179040647,2025-11-16T13:17:36.753Z,cosmo424242@yahoo.com,newsletter,everyone,true,US,,,,,,YahooMailProxy; https://help.yahoo.com/kb/yahoo-mail-proxy-SLN28749.html
179040647,2025-11-16T13:22:40.729Z,mrkimnmobile@gmail.com,newsletter,everyone,true,US,,,,,,Mozilla/5.0 (Windows NT 5.1; rv:11.0) Gecko Firefox/11.0 (via ggpht.com GoogleImageProxy)
179040647,2025-11-16T13:26:54.533Z,mikeburt51@aol.com,newsletter,everyone,true,NL,,,,,,Mozilla/5.0
179040647,2025-11-16T14:51:50.247Z,jimbucci31@gmail.com,newsletter,everyone,true,US,,,,,,Mozilla/5.0
179040647,2025-11-16T15:52:48.958Z,flickable@gmail.com,newsletter,everyone,true,US,,,,,,Mozilla/5.0
179040647,2025-11-16T16:00:42.419Z,spotacus1@gmail.com,newsletter,everyone,true,US,,,,,,Mozilla/5.0
179040647,2025-11-16T16:39:04.520Z,ep4evr1@yahoo.com,newsletter,everyone,true,US,,,,,,Mozilla/5.0
179040647,2025-11-16T21:24:06.311Z,mrkimnmobile@gmail.com,newsletter,everyone,true,US,,,,,,Mozilla/5.0 (Windows NT 5.1; rv:11.0) Gecko Firefox/11.0 (via ggpht.com GoogleImageProxy)
179040647,2025-11-16T22:12:39.781Z,tfcraig1946@gmail.com,newsletter,everyone,true,NL,,,,,,Mozilla/5.0
179040647,2025-11-17T00:38:54.952Z,lorky1@sbcglobal.net,newsletter,everyone,true,US,,,,,,Mozilla/5.0
179040647,2025-11-17T04:41:37.200Z,cooneydarin@gmail.com,newsletter,everyone,true,US,,,,,,Mozilla/5.0
179040647,2025-11-17T07:56:33.967Z,prahamama911@gmail.com,newsletter,everyone,true,US,,,,,,"Mozilla/5.0 (Macintosh; Intel Mac OS X 10_15_7) AppleWebKit/605.1.15 (KHTML, like Gecko)"
179040647,2025-11-17T08:12:06.860Z,prahamama911@gmail.com,newsletter,everyone,true,US,,,,,,"Mozilla/5.0 (Macintosh; Intel Mac OS X 10_15_7) AppleWebKit/605.1.15 (KHTML, like Gecko)"
179040647,2025-11-17T16:09:12.869Z,mrkimnmobile@gmail.com,newsletter,everyone,true,US,,,,,,Mozilla/5.0 (Windows NT 5.1; rv:11.0) Gecko Firefox/11.0 (via ggpht.com GoogleImageProxy)
179040647,2025-11-18T03:03:33.040Z,mikeburt51@aol.com,newsletter,everyone,true,US,,,,,,Mozilla/5.0
179040647,2025-11-18T12:20:16.176Z,amys51576@gmail.com,newsletter,everyone,true,US,,,,,,Mozilla/5.0 (Windows NT 5.1; rv:11.0) Gecko Firefox/11.0 (via ggpht.com GoogleImageProxy)
179040647,2025-11-19T01:54:52.765Z,spotacus1@gmail.com,newsletter,everyone,true,NL,,,,,,Mozilla/5.0
