post_id,timestamp,email,post_type,post_audience,active_subscription,country,city,region,device_type,client_os,client_type,user_agent
179228901,2025-11-18T09:18:03.332Z,amys51576@gmail.com,newsletter,everyone,true,US,,,,,,Mozilla/5.0 (Windows NT 5.1; rv:11.0) Gecko Firefox/11.0 (via ggpht.com GoogleImageProxy)
179228901,2025-11-18T09:19:23.274Z,prahamama911@gmail.com,newsletter,everyone,true,US,,,,,,Mozilla/5.0 (Windows NT 5.1; rv:11.0) Gecko Firefox/11.0 (via ggpht.com GoogleImageProxy)
179228901,2025-11-18T09:26:18.513Z,dagnaconstenla@yahoo.com,newsletter,everyone,true,US,,,,,,Mozilla/5.0
179228901,2025-11-18T09:27:23.670Z,cooneydarin@gmail.com,newsletter,everyone,true,US,,,,,,Mozilla/5.0
179228901,2025-11-18T09:39:47.200Z,flickable@gmail.com,newsletter,everyone,true,NL,,,,,,Mozilla/5.0
179228901,2025-11-18T09:42:46.422Z,joannehilden@yahoo.com,newsletter,everyone,true,NL,,,,,,Mozilla/5.0
179228901,2025-11-18T09:44:21.095Z,tfcraig1946@gmail.com,newsletter,everyone,true,US,,,,,,Mozilla/5.0
179228901,2025-11-18T09:49:12.968Z,cosmo424242@yahoo.com,newsletter,everyone,true,NL,,,,,,Mozilla/5.0
179228901,2025-11-18T09:53:50.534Z,spotacus1@gmail.com,newsletter,everyone,true,NL,,,,,,Mozilla/5.0
179228901,2025-11-18T10:26:40.603Z,acktrisha@gmail.com,newsletter,everyone,true,US,,,,,,Mozilla/5.0 (Windows NT 5.1; rv:11.0) Gecko Firefox/11.0 (via ggpht.com GoogleImageProxy)
179228901,2025-11-18T10:34:24.548Z,prahamama911@gmail.com,newsletter,everyone,true,US,,,,,,"Mozilla/5.0 (Macintosh; Intel Mac OS X 10_15_7) AppleWebKit/605.1.15 (KHTML, like Gecko)"
179228901,2025-11-18T10:52:45.202Z,flickable@gmail.com,newsletter,everyone,true,NL,,,,,,Mozilla/5.0
179228901,2025-11-18T10:58:31.334Z,Eighteenwheels4581@gmail.com,newsletter,everyone,true,US,,,,,,Mozilla/5.0 (Windows NT 5.1; rv:11.0) Gecko Firefox/11.0 (via ggpht.com GoogleImageProxy)
179228901,2025-11-18T13:56:57.474Z,brianhudson5280@outlook.com,newsletter,everyone,true,US,,,,,,Mozilla/4.0 (compatible; ms-office; MSOffice 16)
179228901,2025-11-18T13:59:09.558Z,brianhudson5280@outlook.com,newsletter,everyone,true,NL,,,,,,Mozilla/5.0
179228901,2025-11-18T14:07:14.904Z,brianhudson5280@outlook.com,newsletter,everyone,true,US,,,,,,Mozilla/5.0
179228901,2025-11-18T14:07:23.523Z,cooneydarin@gmail.com,newsletter,everyone,true,US,,,,,,Mozilla/5.0 (Windows NT 5.1; rv:11.0) Gecko Firefox/11.0 (via ggpht.com GoogleImageProxy)
179228901,2025-11-18T14:10:02.569Z,cosmo424242@yahoo.com,newsletter,everyone,true,US,,,,,,YahooMailProxy; https://help.yahoo.com/kb/yahoo-mail-proxy-SLN28749.html
179228901,2025-11-18T14:20:28.688Z,mikeburt51@aol.com,newsletter,everyone,true,US,,,,,,Mozilla/5.0
179228901,2025-11-18T14:30:39.821Z,kksearer.6162@gmail.com,newsletter,everyone,true,US,,,,,,Mozilla/5.0 (Windows NT 5.1; rv:11.0) Gecko Firefox/11.0 (via ggpht.com GoogleImageProxy)
179228901,2025-11-18T15:12:13.132Z,mrkimnmobile@gmail.com,newsletter,everyone,true,US,,,,,,Mozilla/5.0 (Windows NT 5.1; rv:11.0) Gecko Firefox/11.0 (via ggpht.com GoogleImageProxy)
179228901,2025-11-18T15:13:27.432Z,mrkimnmobile@gmail.com,newsletter,everyone,true,US,,,,,,Mozilla/5.0 (Windows NT 5.1; rv:11.0) Gecko Firefox/11.0 (via ggpht.com GoogleImageProxy)
179228901,2025-11-18T17:49:12.796Z,jimbucci31@gmail.com,newsletter,everyone,true,US,,,,,,Mozilla/5.0
179228901,2025-11-18T20:03:47.244Z,profornery@gmail.com,newsletter,everyone,true,US,,,,,,Mozilla/5.0 (Windows NT 5.1; rv:11.0) Gecko Firefox/11.0 (via ggpht.com GoogleImageProxy)
179228901,2025-11-18T20:37:02.300Z,lorky1@sbcglobal.net,newsletter,everyone,true,NL,,,,,,Mozilla/5.0
179228901,2025-11-19T02:31:59.131Z,ep4evr1@yahoo.com,newsletter,everyone,true,US,,,,,,Mozilla/5.0
179228901,2025-11-19T11:42:17.199Z,spotacus1@gmail.com,newsletter,everyone,true,US,,,,,,Mozilla/5.0
