post_id,timestamp,email,post_type,post_audience,active_subscription
179228901,2025-11-18T09:17:16.851Z,noche1alpha@gmail.com,newsletter,everyone,false
179228901,2025-11-18T09:17:17.133Z,Blairsmith0505@gmail.com,newsletter,everyone,false
179228901,2025-11-18T09:17:17.421Z,tfcraig1946@gmail.com,newsletter,everyone,true
179228901,2025-11-18T09:17:17.477Z,noratomlinson@gmail.com,newsletter,everyone,true
179228901,2025-11-18T09:17:17.538Z,martinlarcan60@gmail.com,newsletter,everyone,true
179228901,2025-11-18T09:17:17.546Z,prahamama911@gmail.com,newsletter,everyone,true
179228901,2025-11-18T09:17:17.595Z,Marykatri55@gmail.com,newsletter,everyone,true
179228901,2025-11-18T09:17:17.677Z,profornery@gmail.com,newsletter,everyone,true
179228901,2025-11-18T09:17:17.735Z,richardapanzer82@gmail.com,newsletter,everyone,true
179228901,2025-11-18T09:17:17.744Z,savage85719@gmail.com,newsletter,everyone,true
179228901,2025-11-18T09:17:18.519Z,lynnk2c@yahoo.com,newsletter,everyone,true
179228901,2025-11-18T09:17:18.659Z,dagnaconstenla@yahoo.com,newsletter,everyone,true
179228901,2025-11-18T09:17:18.756Z,kksearer.6162@gmail.com,newsletter,everyone,true
179228901,2025-11-18T09:17:18.939Z,flickable@gmail.com,newsletter,everyone,true
179228901,2025-11-18T09:17:19.094Z,loraross@hotmail.com,newsletter,everyone,true
179228901,2025-11-18T09:17:19.155Z,mikeburt51@aol.com,newsletter,everyone,true
179228901,2025-11-18T09:17:19.253Z,spotacus1@gmail.com,newsletter,everyone,true
179228901,2025-11-18T09:17:20.217Z,rizzatas@yahoo.com,newsletter,everyone,true
179228901,2025-11-18T09:17:20.771Z,lorky1@sbcglobal.net,newsletter,everyone,true
179228901,2025-11-18T09:17:20.789Z,g_moore@live.com,newsletter,everyone,true
179228901,2025-11-18T09:17:20.964Z,amys51576@gmail.com,newsletter,everyone,true
179228901,2025-11-18T09:17:21.006Z,cooneydarin@gmail.com,newsletter,everyone,true
179228901,2025-11-18T09:17:21.035Z,joannehilden@yahoo.com,newsletter,everyone,true
179228901,2025-11-18T09:17:21.080Z,joe.simari@softchoice.com,newsletter,everyone,true
179228901,2025-11-18T09:17:21.082Z,brianhudson5280@outlook.com,newsletter,everyone,true
179228901,2025-11-18T09:17:21.107Z,mgallas32@gmail.com,newsletter,everyone,true
179228901,2025-11-18T09:17:21.151Z,kmcaleer@msn.com,newsletter,everyone,true
179228901,2025-11-18T09:17:21.320Z,murdocksw@gmail.com,newsletter,everyone,true
179228901,2025-11-18T09:17:21.346Z,geigenbrod@gmail.com,newsletter,everyone,true
179228901,2025-11-18T09:17:21.382Z,Eighteenwheels4581@gmail.com,newsletter,everyone,true
179228901,2025-11-18T09:17:21.403Z,jjuarezz714@gmail.com,newsletter,everyone,true
179228901,2025-11-18T09:17:21.527Z,cosmo424242@yahoo.com,newsletter,everyone,true
179228901,2025-11-18T09:17:21.656Z,jekerr2@gmail.com,newsletter,everyone,true
179228901,2025-11-18T09:17:21.691Z,sentac@msn.com,newsletter,everyone,true
179228901,2025-11-18T09:17:21.723Z,paraffin44052@yahoo.com,newsletter,everyone,true
179228901,2025-11-18T09:17:21.807Z,mcfvpk@gmail.com,newsletter,everyone,true
179228901,2025-11-18T09:17:21.819Z,mrkimnmobile@gmail.com,newsletter,everyone,true
179228901,2025-11-18T09:17:21.829Z,maichrye@hotmail.com,newsletter,everyone,true
179228901,2025-11-18T09:17:22.006Z,mhduffy@outlook.com,newsletter,everyone,true
179228901,2025-11-18T09:17:22.151Z,tsoch@me.com,newsletter,everyone,true
179228901,2025-11-18T09:17:22.324Z,jimbucci31@gmail.com,newsletter,everyone,true
179228901,2025-11-18T09:17:22.410Z,weiser99@hotmail.com,newsletter,everyone,true
179228901,2025-11-18T09:17:22.464Z,ep4evr1@yahoo.com,newsletter,everyone,true
179228901,2025-11-18T09:17:22.488Z,buster11860@yahoo.com,newsletter,everyone,true
179228901,2025-11-18T09:17:22.492Z,acktrisha@gmail.com,newsletter,everyone,true
179228901,2025-11-18T09:17:22.957Z,gpurves@comcast.net,newsletter,everyone,true
179228901,2025-11-18T09:17:23.659Z,bethtab55@yahoo.com,newsletter,everyone,true
179228901,2025-11-18T09:17:23.861Z,MABOYERCPA@aol.com,newsletter,everyone,true
179228901,2025-11-18T09:17:24.690Z,foureverfitness@yahoo.com,newsletter,everyone,true
179228901,2025-11-18T09:17:26.950Z,schafer1@gondtc.com,newsletter,everyone,true
179228901,2025-11-18T09:17:30.790Z,11_orrery_lime@icloud.com,newsletter,everyone,true
