post_id,timestamp,email,post_type,post_audience,active_subscription
179352052,2025-11-19T13:34:53.122Z,noche1alpha@gmail.com,newsletter,everyone,false
179352052,2025-11-19T13:34:54.698Z,Blairsmith0505@gmail.com,newsletter,everyone,false
179352052,2025-11-19T13:34:54.986Z,noratomlinson@gmail.com,newsletter,everyone,true
179352052,2025-11-19T13:34:55.343Z,richardapanzer82@gmail.com,newsletter,everyone,true
179352052,2025-11-19T13:34:55.400Z,Marykatri55@gmail.com,newsletter,everyone,true
179352052,2025-11-19T13:34:56.129Z,prahamama911@gmail.com,newsletter,everyone,true
179352052,2025-11-19T13:34:56.216Z,martinlarcan60@gmail.com,newsletter,everyone,true
179352052,2025-11-19T13:34:56.433Z,tfcraig1946@gmail.com,newsletter,everyone,true
179352052,2025-11-19T13:34:57.431Z,dagnaconstenla@yahoo.com,newsletter,everyone,true
179352052,2025-11-19T13:34:57.455Z,kksearer.6162@gmail.com,newsletter,everyone,true
179352052,2025-11-19T13:34:58.677Z,murdocksw@gmail.com,newsletter,everyone,true
179352052,2025-11-19T13:34:58.679Z,profornery@gmail.com,newsletter,everyone,true
179352052,2025-11-19T13:34:59.367Z,joe.simari@softchoice.com,newsletter,everyone,true
179352052,2025-11-19T13:34:59.448Z,jimbucci31@gmail.com,newsletter,everyone,true
179352052,2025-11-19T13:34:59.499Z,gpurves@comcast.net,newsletter,everyone,true
179352052,2025-11-19T13:34:59.592Z,maichrye@hotmail.com,newsletter,everyone,true
179352052,2025-11-19T13:34:59.681Z,mgallas32@gmail.com,newsletter,everyone,true
179352052,2025-11-19T13:34:59.883Z,savage85719@gmail.com,newsletter,everyone,true
179352052,2025-11-19T13:34:59.961Z,flickable@gmail.com,newsletter,everyone,true
179352052,2025-11-19T13:35:00.047Z,geigenbrod@gmail.com,newsletter,everyone,true
179352052,2025-11-19T13:35:00.067Z,mcfvpk@gmail.com,newsletter,everyone,true
179352052,2025-11-19T13:35:00.096Z,paraffin44052@yahoo.com,newsletter,everyone,true
179352052,2025-11-19T13:35:00.373Z,joannehilden@yahoo.com,newsletter,everyone,true
179352052,2025-11-19T13:35:00.392Z,rizzatas@yahoo.com,newsletter,everyone,true
179352052,2025-11-19T13:35:00.462Z,mrkimnmobile@gmail.com,newsletter,everyone,true
179352052,2025-11-19T13:35:00.545Z,jjuarezz714@gmail.com,newsletter,everyone,true
179352052,2025-11-19T13:35:00.951Z,lynnk2c@yahoo.com,newsletter,everyone,true
179352052,2025-11-19T13:35:01.069Z,tsoch@me.com,newsletter,everyone,true
179352052,2025-11-19T13:35:01.451Z,Eighteenwheels4581@gmail.com,newsletter,everyone,true
179352052,2025-11-19T13:35:01.451Z,buster11860@yahoo.com,newsletter,everyone,true
179352052,2025-11-19T13:35:01.479Z,jekerr2@gmail.com,newsletter,everyone,true
179352052,2025-11-19T13:35:01.536Z,cooneydarin@gmail.com,newsletter,everyone,true
179352052,2025-11-19T13:35:01.660Z,loraross@hotmail.com,newsletter,everyone,true
179352052,2025-11-19T13:35:01.662Z,lorky1@sbcglobal.net,newsletter,everyone,true
179352052,2025-11-19T13:35:01.773Z,foureverfitness@yahoo.com,newsletter,everyone,true
179352052,2025-11-19T13:35:03.583Z,sentac@msn.com,newsletter,everyone,true
179352052,2025-11-19T13:35:03.806Z,bethtab55@yahoo.com,newsletter,everyone,true
179352052,2025-11-19T13:35:03.946Z,cosmo424242@yahoo.com,newsletter,everyone,true
179352052,2025-11-19T13:35:04.119Z,brianhudson5280@outlook.com,newsletter,everyone,true
179352052,2025-11-19T13:35:04.240Z,mikeburt51@aol.com,newsletter,everyone,true
179352052,2025-11-19T13:35:04.272Z,mhduffy@outlook.com,newsletter,everyone,true
179352052,2025-11-19T13:35:04.509Z,schafer1@gondtc.com,newsletter,everyone,true
179352052,2025-11-19T13:35:04.612Z,g_moore@live.com,newsletter,everyone,true
179352052,2025-11-19T13:35:05.070Z,spotacus1@gmail.com,newsletter,everyone,true
179352052,2025-11-19T13:35:05.746Z,weiser99@hotmail.com,newsletter,everyone,true
179352052,2025-11-19T13:35:05.844Z,amys51576@gmail.com,newsletter,everyone,true
179352052,2025-11-19T13:35:06.101Z,ep4evr1@yahoo.com,newsletter,everyone,true
179352052,2025-11-19T13:35:07.154Z,kmcaleer@msn.com,newsletter,everyone,true
179352052,2025-11-19T13:35:12.474Z,11_orrery_lime@icloud.com,newsletter,everyone,true
179352052,2025-11-19T13:35:15.720Z,MABOYERCPA@aol.com,newsletter,everyone,true
