email,active_subscription,expiry,plan,email_disabled,created_at,first_payment_at
Marykatri55@gmail.com,false,,other,false,2025-06-25T13:15:02.525Z,
dagnaconstenla@yahoo.com,false,,other,false,2025-04-21T15:50:24.609Z,
noratomlinson@gmail.com,false,,other,false,2025-04-24T15:07:46.756Z,
tfcraig1946@gmail.com,false,,other,false,2025-06-19T12:17:49.931Z,
gpurves@comcast.net,false,,other,false,2025-08-01T16:50:59.431Z,
richardapanzer82@gmail.com,false,,other,false,2025-09-19T15:34:35.142Z,
mikeburt51@aol.com,false,,other,false,2025-09-19T15:40:27.239Z,
MABOYERCPA@AOL.COM,false,,other,false,2025-04-16T14:50:52.382Z,
maichrye@hotmail.com,false,,other,false,2025-04-16T13:10:50.257Z,
spotacus1@gmail.com,false,,other,false,2025-06-24T00:56:20.485Z,
jerneganj@gmail.com,false,,other,false,2025-04-20T16:47:11.861Z,
joannehilden@yahoo.com,false,,other,false,2025-04-16T11:54:13.222Z,
profornery@gmail.com,false,,other,false,2025-07-29T21:12:39.026Z,
lorky1@sbcglobal.net,false,,other,false,2025-07-29T18:41:09.744Z,
loraross@hotmail.com,false,,other,false,2025-04-20T13:58:23.088Z,
mhduffy@outlook.com,false,,other,false,2025-07-07T11:35:53.502Z,
Eighteenwheels4581@gmail.com,false,,other,false,2025-10-18T14:14:46.093Z,
flickable@gmail.com,false,,other,false,2025-06-14T17:25:16.104Z,
nofishmatt@gmail.com,false,,other,false,2025-07-07T12:27:31.864Z,
marianne.haggerty@gmail.com,false,,other,false,2025-06-04T12:06:41.625Z,
jekerr2@gmail.com,false,,other,false,2025-04-18T23:23:53.765Z,
mcfvpk@gmail.com,false,,other,false,2025-04-17T02:06:43.065Z,
rizzatas@yahoo.com,false,,other,false,2025-09-25T22:09:14.083Z,
newsstack@protonmail.com,false,,other,false,2025-09-21T08:23:49.105Z,
tsoch@me.com,false,,other,false,2025-04-07T13:52:05.616Z,
lynnk2c@yahoo.com,false,,other,false,2025-07-07T12:23:53.357Z,
weiser99@hotmail.com,false,,other,false,2025-08-01T22:25:30.017Z,
cosmo424242@yahoo.com,false,,other,false,2025-08-10T19:46:24.263Z,
buster11860@yahoo.com,false,,other,false,2025-07-28T14:27:39.767Z,
savage85719@gmail.com,false,,other,false,2025-06-28T02:51:31.255Z,
jimbucci31@gmail.com,false,,other,false,2025-09-19T13:17:32.794Z,
prahamama911@gmail.com,false,,other,false,2025-04-11T12:43:00.745Z,
murdocksw@gmail.com,false,,other,false,2025-08-01T21:21:33.632Z,
kmcaleer@msn.com,false,,other,false,2025-04-16T12:10:21.194Z,
kksearer.6162@gmail.com,false,,other,false,2025-09-22T10:52:25.624Z,
geigenbrod@gmail.com,false,,other,false,2025-04-16T15:52:50.639Z,
unityspirit@gmail.com,false,,other,false,2025-04-19T15:35:56.817Z,
foureverfitness@yahoo.com,false,,other,false,2025-08-01T11:52:13.095Z,
paraffin44052@yahoo.com,false,,other,false,2025-04-16T22:04:29.808Z,
Rick.calicura@gmail.com,false,,other,false,2025-04-21T18:55:43.608Z,
sentac@msn.com,false,,other,false,2025-08-01T20:16:08.522Z,
jeffwright@usa.com,false,,other,false,2025-04-12T18:08:38.337Z,
mrkimnmobile@gmail.com,false,,other,false,2025-05-20T18:21:30.292Z,
martinlarcan60@gmail.com,false,,other,false,2025-04-08T17:00:30.835Z,
schafer1@gondtc.com,false,,other,false,2025-04-09T12:19:55.541Z,
Blairsmith0505@gmail.com,true,2026-04-25T17:39:21.000Z,yearly,false,2025-04-09T17:37:51.420Z,2025-04-09T17:39:26.135Z
g_moore@live.com,false,,other,false,2025-04-15T15:20:52.942Z,
amys51576@gmail.com,false,,other,false,2025-04-16T11:31:21.711Z,
rjshw2@cox.net,false,,other,false,2025-04-16T13:25:46.768Z,
czink@yahoo.com,false,,other,false,2025-04-16T16:13:58.013Z,
11_orrery_lime@icloud.com,false,,other,false,2025-04-17T02:20:31.616Z,
ep4evr1@yahoo.com,false,,other,false,2025-04-17T12:47:25.450Z,
joe.simari@softchoice.com,false,,other,false,2025-04-17T12:55:04.506Z,
bethtab55@yahoo.com,false,,other,false,2025-06-19T13:42:16.292Z,
jjuarezz714@gmail.com,false,,other,false,2025-09-25T20:46:11.295Z,
brianhudson5280@outlook.com,false,,other,false,2025-08-01T14:53:52.314Z,
acktrisha@gmail.com,false,,other,false,2025-09-19T13:22:28.426Z,
mgallas32@gmail.com,false,,other,false,2025-10-22T13:18:21.421Z,
cooneydarin@gmail.com,false,,other,false,2025-11-15T19:40:20.092Z,
