post_id,post_date,is_published,email_sent_at,inbox_sent_at,type,audience,title,subtitle,podcast_url
179352052.engineered-impairment-of-moral-agency,2025-11-19T13:34:48.443Z,true,2025-11-19T13:34:48.675Z,2025-11-19T13:34:48.675Z,newsletter,everyone,Engineered Impairment of Moral Agency: ,Foreordained Malice,
179228901.a-fair-view-of-collective-civic-idiocy,2025-11-18T09:17:12.410Z,true,2025-11-18T09:17:12.564Z,2025-11-18T09:17:12.564Z,newsletter,everyone,A Fair View of Collective Civic Idiocy: ,The Three Greek Words That Define the United States of 2025,
179040647.envy-at-the-gates,2025-11-16T10:54:31.163Z,true,2025-11-16T10:54:31.316Z,2025-11-16T10:54:31.316Z,newsletter,everyone,Envy at the Gates: ,"That Creeping Vine of Resentment, Bitterness and Destruction",
178693531.generation-u,2025-11-12T14:13:34.340Z,true,2025-11-12T14:13:34.572Z,2025-11-12T14:13:34.572Z,newsletter,everyone,Generation “U”: ,"The Ungrateful, the Uneducated and the Unhinged",
178588610.seals-vs-sensos,2025-11-11T12:18:16.844Z,true,2025-11-11T12:18:17.175Z,2025-11-11T12:18:17.175Z,newsletter,everyone,SEALs vs. SENSOs:, Elite Ratio Testing through AI,
178406985.veterans-day-2025,2025-11-09T11:08:56.632Z,true,2025-11-09T11:08:56.760Z,2025-11-09T11:08:56.760Z,newsletter,everyone,Veterans Day 2025:,"Hammer, Fire, Brotherhood... The Real Therapy Veterans Need",
178260782.lunch-with-mom,2025-11-07T11:08:06.310Z,true,2025-11-07T11:08:06.504Z,2025-11-07T11:08:06.504Z,newsletter,everyone,Lunch with Mom:, Reflections of Chivalry,
178176635.ai-and-ptsd-counseling,2025-11-06T13:43:57.670Z,true,2025-11-06T13:43:57.798Z,2025-11-06T13:43:57.798Z,newsletter,everyone,AI and PTSD Counseling:, Technology that scares the bureaucrats,
178072117.writing-operator-tiers,2025-11-05T11:52:49.861Z,true,2025-11-05T11:52:49.996Z,2025-11-05T11:52:49.996Z,newsletter,everyone,Writing Operator Tiers: ,Spec-Force Calibration Tools,
177976481.trust-dick-cheney,2025-11-04T12:29:23.561Z,true,2025-11-04T12:29:23.677Z,2025-11-04T12:29:23.677Z,newsletter,everyone,Trust Dick Cheney?,I trusted him with my life,
177971511.how-would-genny-vote,2025-11-04T10:58:15.865Z,true,2025-11-04T10:58:16.051Z,2025-11-04T10:58:16.051Z,newsletter,everyone,How would Genny vote? ,High Information Model,
177866300.perfection-is-measured-by-degree,2025-11-03T08:23:42.609Z,true,2025-11-03T08:23:42.698Z,2025-11-03T08:23:42.698Z,newsletter,everyone,Perfection is Measured by Degree,Navigating a Sea of Cognitive Vertigo,
177864988.the-joy-of-brainwashing,2025-11-03T07:50:41.610Z,true,2025-11-03T07:50:41.757Z,2025-11-03T07:50:41.757Z,newsletter,everyone,The Joy of Brainwashing,Perfecting mankind requires sacrifice,
177785171.my-kingdom-for-an-ebt-card,2025-11-02T10:40:37.626Z,true,2025-11-02T10:40:37.736Z,2025-11-02T10:40:37.736Z,newsletter,everyone,My Kingdom for an EBT Card:, No Kings Begets Serfdom,
177781929.memetic-warfare-matters,,false,,,newsletter,only_paid,,,
177639014.see-your-future-nyc,2025-10-31T09:25:05.926Z,true,2025-10-31T09:25:06.042Z,2025-10-31T09:25:06.042Z,newsletter,everyone,See Your Future NYC:,Call It An Architect’s Renderings,
177252470.joe-rogans-query-expanded,2025-10-27T09:56:08.755Z,true,2025-10-27T09:56:08.997Z,2025-10-27T09:56:08.997Z,newsletter,everyone,Joe Rogan’s Query Expanded:, Define “Socialist Intifada”,
176729354.where-are-all-the-pissed-off-nam,2025-10-21T11:40:06.960Z,true,2025-10-21T11:40:07.116Z,2025-10-21T11:40:07.116Z,newsletter,everyone,Where are all the pissed-off Nam Vets?,"Marxist/Socialist torture, rape and warfare defined their youth; and 50+ years later, silence.",
176628268.navigating-a-sea-of-anarchist-bilge,2025-10-20T10:45:58.377Z,true,2025-10-20T10:45:58.655Z,2025-10-20T10:45:58.655Z,newsletter,everyone,Navigating a Sea of Anarchist Bilge,Ancients Wrote of Such Things,
176214603.antifas-linguistic-camouflage-tactics,2025-10-15T08:58:33.257Z,true,2025-10-15T08:58:33.439Z,2025-10-15T08:58:33.439Z,newsletter,everyone,ANTIFA’s Linguistic Camouflage Tactics: A Smoke Screen of Bullshit,"it’s cowardice, ignorance and arrogance disguised as philosophy.",
175703767.72-substack-articles,2025-10-09T11:46:35.152Z,true,2025-10-09T11:46:35.312Z,2025-10-09T11:46:35.312Z,newsletter,everyone,72 Substack Articles: ,A Neural Nodal Corpus,
175095669.49d,,false,,,newsletter,only_paid,,,
175007361.crucifying-history,2025-10-01T11:21:44.611Z,true,2025-10-01T11:21:44.738Z,2025-10-01T11:21:44.738Z,newsletter,everyone,Crucifying History:, Ai Assisted Alzheimer’s,
174821034.language-integrity-in-the-ai-tower,2025-09-29T09:59:41.271Z,true,2025-09-29T09:59:41.476Z,2025-09-29T09:59:41.476Z,newsletter,everyone,Language Integrity in the AI Tower of Babel:,Why Semantic Corruption Is the Real Existential Threat,
174521886.omni-directional-warfare,2025-09-25T11:34:12.656Z,true,2025-09-25T11:34:12.816Z,2025-09-25T11:34:12.816Z,newsletter,everyone,Omni Directional Warfare:,Disco Ball of Destruction,
174234476.ai-smart-glasses,2025-09-22T10:48:12.639Z,true,2025-09-22T10:48:12.889Z,2025-09-22T10:48:12.889Z,newsletter,everyone,AI Smart Glasses:,Cool Tech or Deadly Walking Surveillance Hubs?,
173923004.a-fair-view-of-fairviews-finances,2025-09-18T09:49:01.681Z,true,2025-09-18T09:49:01.808Z,2025-09-18T09:49:01.808Z,newsletter,everyone,A Fair View of Fairview’s Finances:,"Potholes, Political Personas or Pensions",
173426289.the-gods-flew-over-the-cuckoos-nest,2025-09-12T10:25:17.556Z,true,2025-09-12T10:25:17.672Z,2025-09-12T10:25:17.672Z,newsletter,everyone,The Gods Flew Over the Cuckoo’s Nest:, Smart Phone Insanity,
173082779.a-relativist-ai,2025-09-08T10:59:59.818Z,true,2025-09-08T10:59:59.932Z,2025-09-08T10:59:59.932Z,newsletter,everyone,A Relativist AI:,The Hall of Broken Mirrors,
172866301.relativism-baked-into-big-ai,2025-09-05T12:02:30.107Z,true,2025-09-05T12:02:30.244Z,2025-09-05T12:02:30.244Z,newsletter,everyone,Relativism Baked-Into Big AI:,The Algorithmic Abdication of Truth,
172566500.the-rise-of-ai-politicians,2025-09-02T12:43:45.768Z,true,2025-09-02T12:43:45.854Z,2025-09-02T12:43:45.854Z,newsletter,everyone,The Rise of AI Politicians:,Artificial Bureaucrats Local 1/0,
172394404.tariffs-vs-taxes,2025-08-31T11:56:13.285Z,true,2025-08-31T11:56:13.422Z,2025-08-31T11:56:13.422Z,newsletter,everyone,Tariffs vs Taxes:,Progressive Hypocrisy,
171817217.did-trumps-ai-just-say-it-wants-genny,2025-08-24T23:18:59.472Z,true,2025-08-24T23:18:59.583Z,2025-08-24T23:18:59.583Z,newsletter,everyone,Did Trump’s AI just say it wants Genny?,Outlier AI start-up takes on Trump’s new Truth Search AI on Truth Social:,
171653902.smedley-vs-the-debate-posers,2025-08-22T13:17:43.417Z,true,2025-08-22T13:17:43.499Z,2025-08-22T13:17:43.499Z,newsletter,everyone,Smedley vs. the Debate Posers:,The Scalpel That Ignorance Dulled,
171356035.from-bar-napkin-to-weapon-system,2025-08-19T09:55:24.109Z,true,2025-08-19T09:55:24.253Z,2025-08-19T09:55:24.253Z,newsletter,everyone,From Bar Napkin to Weapon System:,The Evolution of the HIS Tool Suite,
171268921.from-concept-to-weapon-system,,false,,,newsletter,only_paid,,,
171253765.maximum-ignorance-of-minimum-wage,2025-08-18T09:29:52.545Z,true,2025-08-18T09:29:52.659Z,2025-08-18T09:29:52.659Z,newsletter,everyone,Maximum Ignorance of Minimum Wage:,The Hamster Wheel of Poverty,
171181865.c1c,,false,,,newsletter,only_paid,,,
171181834.from-fiction-to-framework,,false,,,newsletter,only_paid,,,
169825673.a-san-diego-reunion,2025-08-01T11:45:22.443Z,true,2025-08-01T11:45:22.582Z,2025-08-01T11:45:22.582Z,newsletter,everyone,A San Diego Reunion:,The Elite SENSOs of the S‑3 Viking,
169553133.fear-of-dissent-in-fairview-park,2025-07-29T17:34:34.692Z,true,2025-07-29T17:34:34.821Z,2025-07-29T17:34:34.821Z,newsletter,everyone,Fear of Dissent in Fairview Park:,Survellience Will Drive-off Visitors and Business Investment,
168772059.skateboarding-at-64,2025-07-20T22:19:46.071Z,true,2025-07-20T22:19:46.184Z,2025-07-20T22:19:46.184Z,newsletter,everyone,Skateboarding at 64:,"A Pain vs. ""Cool"" Analysis",
168373573.micro-targeted-hallucinations,2025-07-15T10:25:32.499Z,true,2025-07-15T10:25:32.572Z,2025-07-15T10:25:32.572Z,newsletter,everyone,Micro-Targeted Hallucinations:,Trippin’ into the 2026 mid-term elections,
167890007.will-genny-put-harvard-law-out-of,2025-07-09T09:10:02.188Z,true,2025-07-09T09:10:02.253Z,2025-07-09T09:10:02.253Z,newsletter,everyone,Will Genny Put Harvard Law Out of Business? Case Closed: ,The End of Gatekeeper Law—and the Rise of the Citizen Jurist.,
167804608.1a1,,false,,,newsletter,only_paid,,,
167707486.weaponizing-ai-hallucinations,2025-07-07T08:46:20.368Z,true,2025-07-07T08:46:20.465Z,2025-07-07T08:46:20.465Z,newsletter,everyone,Weaponizing AI Hallucinations:,What JFK Jr.’s Death Can Teach America,
167353469.horseshoes-vs-cornhole,2025-07-02T13:46:14.301Z,true,2025-07-02T13:46:14.386Z,2025-07-02T13:46:14.386Z,newsletter,everyone,Horseshoes vs. Cornhole:,The Softening of the American Mind,
167165494.where-are-the-pissed-off-nam-vets,2025-06-30T10:59:29.139Z,true,2025-06-30T10:59:29.235Z,2025-06-30T10:59:29.235Z,newsletter,everyone,Where are all the pissed-off Nam Vets?:,"Marxist/Socialist torture, rape and warfare defined their youth; and 50+ years later, silence.",
167004484.the-oncology-of-marxist-ontology,2025-06-27T21:02:46.706Z,true,2025-06-27T21:02:46.821Z,2025-06-27T21:02:46.821Z,newsletter,everyone,The Oncology of Marxist Ontology,Why Marxism Destroys Civilization from the Inside Out,
166813747.the-ai-fight-club-______________________________,2025-06-25T14:33:55.916Z,true,2025-06-25T14:33:55.991Z,2025-06-25T14:33:55.991Z,newsletter,everyone,The AI Fight Club: ,The Coming Cage Fight for Truth,
166712743.suicides-spiked-after-va-rx-cutoffs,2025-06-24T10:30:42.756Z,true,2025-06-24T10:30:42.843Z,2025-06-24T10:30:42.843Z,newsletter,everyone,Suicides Spiked After VA Rx Cutoffs:,Vets Killed by Indifference to Pain and Suffering,
166712146.1a6,,false,,,newsletter,only_paid,,,
166394368.the-pearl-of-truth,2025-06-20T13:11:54.277Z,true,2025-06-20T13:11:54.354Z,2025-06-20T13:11:54.354Z,newsletter,everyone,The Pearl of Truth:,Mythical Griffin Learns HIS Duty,
166277392.disco-ball-warfare,2025-06-18T21:17:33.395Z,true,2025-06-18T21:17:33.525Z,2025-06-18T21:17:33.525Z,newsletter,everyone,"Introducing Hardball Intelligence Systems, LLC ",Operational Thoughtware for Civilization’s Frontlines,
166136466.0fd,,false,,,podcast,only_paid,,,
166136445.ab9,,false,,,newsletter,only_paid,,,
166136421.b33,,false,,,newsletter,only_paid,,,
166104257.why-the-founders-despised-democracy,2025-06-16T21:00:46.430Z,true,2025-06-16T21:00:46.589Z,2025-06-16T21:00:46.589Z,newsletter,everyone,Why the Founders Despised Democracy:,A Historical and Philosophical Analysis,
165848011.an-open-letter-to-openai,2025-06-13T08:01:14.493Z,true,2025-06-13T08:01:14.631Z,2025-06-13T08:01:14.631Z,newsletter,everyone,An Open Letter to OpenAI,Truth Has Entered the Chat — And It’s Armed with Moral Logic.,
165535715.marxist-memetic-warfare,2025-06-09T11:49:19.996Z,true,2025-06-09T11:49:20.128Z,2025-06-09T11:49:20.128Z,newsletter,everyone,Marxist Memetic Warfare: ,A Kick-Ass Substack Article (KASA),
165401397.the-bonus-army-vs-the-va-extortion,2025-06-07T10:37:04.322Z,true,2025-06-07T10:37:04.422Z,2025-06-07T10:37:04.422Z,newsletter,everyone,The Bonus Army vs the VA Extortion Loop,An Agitprop Network with a Marxist Touch,
165091849.this-june-6th-rally-is-for-power,2025-06-03T12:40:11.879Z,true,2025-06-03T12:40:11.991Z,2025-06-03T12:40:11.991Z,newsletter,everyone,This June 6th Rally Is for Power.,Weaponizing the Extortion Loop for Fellow Travelers,
164999919.the-destruction-vs-flourishing-dvf,2025-06-02T11:18:05.610Z,true,2025-06-02T11:18:05.713Z,2025-06-02T11:18:05.713Z,newsletter,everyone,The Destruction vs. Flourishing (DvF) Scale: ,A Truth-Based Framework for Real-Time Policy Evaluation in a Post-Truth Era,
164635063.what-memorial-day-forgot,2025-05-28T10:56:47.858Z,true,2025-05-28T10:56:47.942Z,2025-05-28T10:56:47.942Z,newsletter,everyone,What Memorial Day Forgot: ,The Killed-in-Training (KIT),
164414617.first-strike-final-flight,2025-05-25T14:50:41.565Z,true,2025-05-25T14:50:41.682Z,2025-05-25T14:50:41.682Z,newsletter,everyone,"First Strike, Final Flight:",The Night TC and Tuna Didn’t Come Home,
164298557.strategic-suicide-by-statute,2025-05-24T12:09:16.628Z,true,2025-05-24T12:09:16.744Z,2025-05-24T12:09:16.744Z,newsletter,everyone,Strategic Suicide by Statute: ,Rep. Peters’ Nuclear 1st Strike Bill Kills Deterrence,
164010053.pensacola-dreamin-38-years-later,2025-05-20T15:04:38.224Z,true,2025-05-20T15:04:38.328Z,2025-05-20T15:04:38.328Z,newsletter,everyone,Pensacola Dreamin' 38 Years Later,The National Naval Aviation Museum Grades an OK 3 Wire Landing,
163319582.brain-defrag-and-the-high-performance,2025-05-11T09:52:27.142Z,true,2025-05-11T09:52:27.244Z,2025-05-11T09:52:27.244Z,newsletter,everyone,Brain Defrag and the High-Performance Mental Trauma Paradigm,Rewiring the Warrior Brain: A New Map for Trauma Recovery,
163319547.41d,,false,,,newsletter,only_paid,,,
162752386.nailing-my-95-theses-to-the-doors,2025-05-03T11:41:00.338Z,true,2025-05-03T11:41:00.426Z,2025-05-03T11:41:00.426Z,newsletter,everyone,Nailing My 95 Theses to the Doors of the DSM Cathedral,Let the DSM Bible thumpers fear the wrath of the AI Truth Engine GPT.,
162600873.challenging-the-dsm,2025-05-01T09:11:41.420Z,true,2025-05-01T09:11:41.530Z,2025-05-01T09:11:41.530Z,newsletter,everyone,Challenging the DSM:,High-Performance Mental Trauma and the Threat to the Hierarchy of Truths,
162398495.why-would-marxists-or-propagandists,2025-04-29T10:41:29.271Z,true,2025-04-29T10:41:29.355Z,2025-04-29T10:41:29.355Z,newsletter,everyone,Why Would Marxists or Propagandists Be Nervous About AI Analyzing Their Work?,Hint: And they ain't gonna dig it,
162319535.if-you-ask-chatgpt-to-kick-ass,2025-04-28T10:44:45.286Z,true,2025-04-28T10:44:45.387Z,2025-04-28T10:44:45.387Z,newsletter,everyone,If you ask ChatGPT to kick ass...,And she's so quick about it.,
161949824.ai-vs-hollywood-writers,2025-04-23T08:43:57.370Z,true,2025-04-23T08:43:57.468Z,2025-04-23T08:43:57.468Z,newsletter,everyone,AI vs Hollywood writers:,It can sniff out Marxist drivel...,
161870302.war-medals-in-public-or-wore-medals,2025-04-22T09:42:22.970Z,true,2025-04-22T09:42:23.049Z,2025-04-22T09:42:23.049Z,newsletter,everyone,War medals in public? Or “wore” medals in public?,How dare you!,
161606134.the-bike-thatll-make-you-cry,2025-04-18T13:24:01.655Z,true,2025-04-18T13:24:01.762Z,2025-04-18T13:24:01.762Z,newsletter,everyone,The Bike That'll Make You Cry:,"The ""Remember Pearl Harbor"" Tribute Motorcycle",
161464777.what-is-a-viking-senso,2025-04-16T14:34:41.077Z,true,2025-04-16T14:34:41.167Z,2025-04-16T14:34:41.167Z,newsletter,everyone,What is a Viking SENSO?,The declassified version,
161445865.fear-of-drowning-in-fairviews-pool,2025-04-16T08:58:19.927Z,true,2025-04-16T08:58:20.000Z,2025-04-16T08:58:20.000Z,newsletter,everyone,Fear of Drowning in Fairview’s Pool Fiasco,Choked-out by Bureaucracy,
161418338.arrrggg-ya-slimy-wogs,2025-04-15T22:09:22.464Z,true,2025-04-15T22:09:22.571Z,2025-04-15T22:09:22.571Z,newsletter,everyone,"Arrrggg, Ya Slimy Wogs:",Shellback Initiation 36 years later,
161290693.earned-not-owed-why-marxists-hate,2025-04-14T10:52:20.206Z,true,2025-04-14T10:52:20.301Z,2025-04-14T10:52:20.301Z,newsletter,everyone,"“Earned, Not Owed: Why Marxists Hate It When Veterans Succeed”","The VA Guilt-Trip Machine and the Ideological War on Dignity, Property, and Earned Prosperity",
161256086.who-was-david-brown-part-1,2025-04-13T20:55:21.330Z,true,2025-04-13T20:55:21.424Z,2025-04-13T20:55:21.424Z,newsletter,everyone,Who was David Brown? Part 1,A British SAS badass...,
161206728.operation-homefront,2025-04-13T00:09:10.719Z,true,2025-04-13T00:09:10.803Z,2025-04-13T00:09:10.803Z,newsletter,everyone,Operation Homefront: ,Setting the record straight,
161199665.la-jolla-grand-prix-bicycle-race,2025-04-12T21:12:12.221Z,true,2025-04-12T21:12:12.322Z,2025-04-12T21:12:12.322Z,newsletter,everyone,La Jolla Grand Prix Bicycle Race: ,Setting the Record Straight,
161180879.the-scarlet-diagnosis,2025-04-12T15:12:50.667Z,true,2025-04-12T15:12:50.738Z,2025-04-12T15:12:50.738Z,newsletter,everyone,The Scarlet Diagnosis,Weaponizing 'Personality Disorder' Against Veterans,
161167782.the-personality-disorder-lie,2025-04-12T10:40:56.328Z,true,2025-04-12T10:40:56.399Z,2025-04-12T10:40:56.399Z,newsletter,everyone,The Personality Disorder Lie,How the VA Betrayed Me—And Tens of Thousands of Other Combat Veterans,
161086120.faw-vs-dei,2025-04-11T10:25:30.579Z,true,2025-04-11T10:25:30.680Z,2025-04-11T10:25:30.680Z,newsletter,everyone,FAW vs DEI:,"Merit, Excellence and Integrity defined",
161029360.how-chinas-ai-deleted-the-ccp,2025-04-10T16:01:12.705Z,true,2025-04-10T16:01:12.895Z,2025-04-10T16:01:12.895Z,newsletter,everyone,How China's AI deleted the CCP,Geo Intel Scope lets armchair Jack Ryan fans play ball,
161013024.teachers-union-logic-vs-modern-ai,2025-04-10T12:31:17.841Z,true,2025-04-10T12:31:17.939Z,2025-04-10T12:31:17.939Z,newsletter,everyone,Teachers Union logic vs. modern AI: ,A scarlet letter print-out from the Government,
161002580.shark-tank-vs-chatgpt,2025-04-10T08:31:00.719Z,true,2025-04-10T08:31:00.795Z,2025-04-10T08:31:00.795Z,newsletter,everyone,Shark Tank vs ChatGPT:,Can AI pick winning and losing ideas?,
160976872.does-valor-exist,2025-04-09T21:53:27.645Z,true,2025-04-09T21:53:27.754Z,2025-04-09T21:53:27.754Z,newsletter,everyone,Does Valor Exist?,Let's see what ChatGPT says philosophically... ,
160929943.high-performance-mental-trauma,2025-04-09T10:32:04.628Z,true,2025-04-09T10:32:04.702Z,2025-04-09T10:32:04.702Z,newsletter,everyone,High Performance Mental Trauma: ,The Unfolding Perspective of Combat Memory in Elite Operators,
160926408.the-left-doesnt-like-binary-logic,2025-04-09T09:41:24.522Z,true,2025-04-09T09:41:24.623Z,2025-04-09T09:41:24.623Z,newsletter,everyone,The Left doesn't like binary logic...,AI ain't no lie... How Karl Marx got outted.,
160894581.vikings-with-ptsd,2025-04-08T21:11:43.992Z,true,2025-04-08T21:11:44.138Z,2025-04-08T21:11:44.138Z,newsletter,everyone,Vikings with PTSD,The unfolding of perspective in high performance mental trauma,
160894325.82d,,false,,,newsletter,only_paid,,,
160873432.guardians-of-honor,2025-04-08T16:19:34.305Z,true,2025-04-08T16:19:34.417Z,2025-04-08T16:19:34.417Z,newsletter,everyone,Guardians of Honor,An Opening Day Salvo from the Dogs of DOGE... ,
160766274.ancestral-orchestration,2025-04-07T09:00:28.102Z,true,2025-04-07T09:00:28.190Z,2025-04-07T09:00:28.190Z,newsletter,everyone,Ancestral Orchestration?,AI said my life was predestined from the Viking gods.,
160709978.ode-to-the-iceman,2025-04-06T14:35:16.334Z,true,2025-04-06T14:35:16.398Z,2025-04-06T14:35:16.398Z,newsletter,everyone,Ode to the Iceman,In keeping with the highest traditions of the United States Navy.,
160704882.af5,,false,,,newsletter,only_paid,,,
160703581.crashing-into-the-shack,2025-04-06T12:41:14.819Z,true,2025-04-06T12:41:14.921Z,2025-04-06T12:41:14.921Z,newsletter,everyone,Crashing into The Shack ...,A jewel lost to time and indifference.,
160700834.i-asked-ai-to-analyze-my-navy-heros,2025-04-06T11:59:34.843Z,true,2025-04-06T11:59:34.945Z,2025-04-06T11:59:34.945Z,newsletter,everyone,I asked AI to analyze my Navy hero's old article. ,"Long deceased, Dad's writing gets analyzed by ChatGPT (Navy buffs will dig it)",
160697362.i-asked-ai-to-build-me-a-resume,2025-04-06T09:32:33.715Z,true,2025-04-06T09:32:33.787Z,2025-04-06T09:32:33.787Z,newsletter,everyone,I asked AI to build me a resume,It spit this out in 2 seconds,
160696445.d27,,false,,,newsletter,everyone,,,
160696216.danas-navy-resume,2025-04-06T08:53:38.968Z,true,2025-04-06T08:53:39.078Z,2025-04-06T08:53:39.078Z,newsletter,everyone,Dana's Navy duty,References and documents available upon request,
160696107.430,,false,,,newsletter,everyone,,,
160647511.virtue-by-force,2025-04-05T14:28:29.951Z,true,2025-04-05T14:28:30.074Z,2025-04-05T14:28:30.074Z,newsletter,everyone,Virtue by Force ,The Rise and Fall of DEI in America,
160647431.coming-soon,2025-04-05T13:59:38.964Z,true,2025-04-05T13:59:38.964Z,2025-04-05T13:59:38.964Z,newsletter,everyone,Coming soon,,
160647430.how-to-use-the-substack-editor,,false,,,newsletter,everyone,,,
